Copyright 1986-2022 Xilinx, Inc. All Rights Reserved. Copyright 2022-2025 Advanced Micro Devices, Inc. All Rights Reserved.
------------------------------------------------------------------------------------------------------------------------------------------------------------------------------------------------------------------------------------
| Tool Version : Vivado v.2025.2 (win64) Build 6299465 Fri Nov 14 19:35:11 GMT 2025
| Date         : Sat Jun  6 16:32:20 2026
| Host         : DESKTOP-H73H9I1 running 64-bit major release  (build 9200)
| Command      : report_timing_summary -max_paths 10 -routable_nets -report_unconstrained -file hdmi_top_timing_summary_routed.rpt -pb hdmi_top_timing_summary_routed.pb -rpx hdmi_top_timing_summary_routed.rpx -warn_on_violation
| Design       : hdmi_top
| Device       : 7k70t-fbg676
| Speed File   : -1  PRODUCTION 1.12 2017-02-17
| Design State : Routed
------------------------------------------------------------------------------------------------------------------------------------------------------------------------------------------------------------------------------------

Timing Summary Report

------------------------------------------------------------------------------------------------
| Timer Settings
| --------------
------------------------------------------------------------------------------------------------

  Enable Multi Corner Analysis               :  Yes
  Enable Pessimism Removal                   :  Yes
  Pessimism Removal Resolution               :  Nearest Common Node
  Enable Input Delay Default Clock           :  No
  Enable Preset / Clear Arcs                 :  No
  Disable Flight Delays                      :  No
  Ignore I/O Paths                           :  No
  Timing Early Launch at Borrowing Latches   :  No
  Borrow Time for Max Delay Exceptions       :  Yes
  Merge Timing Exceptions                    :  Yes
  Inter-SLR Compensation                     :  Conservative

  Corner  Analyze    Analyze    
  Name    Max Paths  Min Paths  
  ------  ---------  ---------  
  Slow    Yes        Yes        
  Fast    Yes        Yes        


------------------------------------------------------------------------------------------------
| Report Methodology
| ------------------
------------------------------------------------------------------------------------------------

Rule       Severity  Description                                 Violations  
---------  --------  ------------------------------------------  ----------  
LUTAR-1    Warning   LUT drives async reset alert                1           
SYNTH-6    Warning   Timing of a RAM block might be sub-optimal  6           
TIMING-18  Warning   Missing input or output delay               10          
REQP-1959  Advisory  connects_SERDES_RST_driver_not_FF           6           

Note: This report is based on the most recent report_methodology run and may not be up-to-date. Run report_methodology on the current design for the latest report.



check_timing report

Table of Contents
-----------------
1. checking no_clock (0)
2. checking constant_clock (0)
3. checking pulse_width_clock (0)
4. checking unconstrained_internal_endpoints (0)
5. checking no_input_delay (5)
6. checking no_output_delay (11)
7. checking multiple_clock (0)
8. checking generated_clocks (0)
9. checking loops (0)
10. checking partial_input_delay (0)
11. checking partial_output_delay (0)
12. checking latch_loops (0)

1. checking no_clock (0)
------------------------
 There are 0 register/latch pins with no clock.


2. checking constant_clock (0)
------------------------------
 There are 0 register/latch pins with constant_clock.


3. checking pulse_width_clock (0)
---------------------------------
 There are 0 register/latch pins which need pulse_width check


4. checking unconstrained_internal_endpoints (0)
------------------------------------------------
 There are 0 pins that are not constrained for maximum delay.

 There are 0 pins that are not constrained for maximum delay due to constant clock.


5. checking no_input_delay (5)
------------------------------
 There are 5 input ports with no input delay specified. (HIGH)

 There are 0 input ports with no input delay but user has a false path constraint.


6. checking no_output_delay (11)
--------------------------------
 There are 11 ports with no output delay specified. (HIGH)

 There are 0 ports with no output delay but user has a false path constraint

 There are 0 ports with no output delay but with a timing clock defined on it or propagating through it


7. checking multiple_clock (0)
------------------------------
 There are 0 register/latch pins with multiple clocks.


8. checking generated_clocks (0)
--------------------------------
 There are 0 generated clocks that are not connected to a clock source.


9. checking loops (0)
---------------------
 There are 0 combinational loops in the design.


10. checking partial_input_delay (0)
------------------------------------
 There are 0 input ports with partial input delay specified.


11. checking partial_output_delay (0)
-------------------------------------
 There are 0 ports with partial output delay specified.


12. checking latch_loops (0)
----------------------------
 There are 0 combinational latch loops in the design through latch input



------------------------------------------------------------------------------------------------
| Design Timing Summary
| ---------------------
------------------------------------------------------------------------------------------------

    WNS(ns)      TNS(ns)  TNS Failing Endpoints  TNS Total Endpoints      WHS(ns)      THS(ns)  THS Failing Endpoints  THS Total Endpoints     WPWS(ns)     TPWS(ns)  TPWS Failing Endpoints  TPWS Total Endpoints  
    -------      -------  ---------------------  -------------------      -------      -------  ---------------------  -------------------     --------     --------  ----------------------  --------------------  
      1.273        0.000                      0                 2860        0.053        0.000                      0                 2860        0.264        0.000                       0                   988  


All user specified timing constraints are met.


------------------------------------------------------------------------------------------------
| Clock Summary
| -------------
------------------------------------------------------------------------------------------------

Clock           Waveform(ns)         Period(ns)      Frequency(MHz)
-----           ------------         ----------      --------------
clk100M         {0.000 5.000}        10.000          100.000         
  clk200M       {0.000 2.500}        5.000           200.000         
  pll_clkfb     {0.000 5.000}        10.000          100.000         
hdmi_rx_clk_p   {0.000 5.000}        10.000          100.000         
  mmcm_clkfb    {0.000 5.000}        10.000          100.000         
  mmcm_clkout1  {0.000 1.000}        2.000           500.000         
  mmcm_clkout2  {0.000 5.000}        10.000          100.000         


------------------------------------------------------------------------------------------------
| Intra Clock Table
| -----------------
------------------------------------------------------------------------------------------------

Clock               WNS(ns)      TNS(ns)  TNS Failing Endpoints  TNS Total Endpoints      WHS(ns)      THS(ns)  THS Failing Endpoints  THS Total Endpoints     WPWS(ns)     TPWS(ns)  TPWS Failing Endpoints  TPWS Total Endpoints  
-----               -------      -------  ---------------------  -------------------      -------      -------  ---------------------  -------------------     --------     --------  ----------------------  --------------------  
clk100M                                                                                                                                                           3.000        0.000                       0                     1  
  clk200M             1.819        0.000                      0                   89        0.129        0.000                      0                   89        0.264        0.000                       0                    57  
  pll_clkfb                                                                                                                                                       8.751        0.000                       0                     2  
hdmi_rx_clk_p                                                                                                                                                     3.000        0.000                       0                     1  
  mmcm_clkfb                                                                                                                                                      8.751        0.000                       0                     2  
  mmcm_clkout1                                                                                                                                                    0.400        0.000                       0                    20  
  mmcm_clkout2        1.273        0.000                      0                 2771        0.053        0.000                      0                 2771        4.090        0.000                       0                   905  


------------------------------------------------------------------------------------------------
| Inter Clock Table
| -----------------
------------------------------------------------------------------------------------------------

From Clock    To Clock          WNS(ns)      TNS(ns)  TNS Failing Endpoints  TNS Total Endpoints      WHS(ns)      THS(ns)  THS Failing Endpoints  THS Total Endpoints  
----------    --------          -------      -------  ---------------------  -------------------      -------      -------  ---------------------  -------------------  


------------------------------------------------------------------------------------------------
| Other Path Groups Table
| -----------------------
------------------------------------------------------------------------------------------------

Path Group    From Clock    To Clock          WNS(ns)      TNS(ns)  TNS Failing Endpoints  TNS Total Endpoints      WHS(ns)      THS(ns)  THS Failing Endpoints  THS Total Endpoints  
----------    ----------    --------          -------      -------  ---------------------  -------------------      -------      -------  ---------------------  -------------------  


------------------------------------------------------------------------------------------------
| User Ignored Path Table
| -----------------------
------------------------------------------------------------------------------------------------

Path Group    From Clock    To Clock    
----------    ----------    --------    


------------------------------------------------------------------------------------------------
| Unconstrained Path Table
| ------------------------
------------------------------------------------------------------------------------------------

Path Group    From Clock    To Clock    
----------    ----------    --------    
(none)        clk200M                     
(none)        mmcm_clkout1                
(none)        mmcm_clkout2                
(none)                      clk200M       
(none)                      mmcm_clkout1  
(none)                      mmcm_clkout2  


------------------------------------------------------------------------------------------------
| Timing Details
| --------------
------------------------------------------------------------------------------------------------


---------------------------------------------------------------------------------------------------
From Clock:  clk100M
  To Clock:  clk100M

Setup :           NA  Failing Endpoints,  Worst Slack           NA  ,  Total Violation           NA
Hold  :           NA  Failing Endpoints,  Worst Slack           NA  ,  Total Violation           NA
PW    :            0  Failing Endpoints,  Worst Slack        3.000ns,  Total Violation        0.000ns
---------------------------------------------------------------------------------------------------


Pulse Width Checks
--------------------------------------------------------------------------------------
Clock Name:         clk100M
Waveform(ns):       { 0.000 5.000 }
Period(ns):         10.000
Sources:            { clk100M }

Check Type        Corner  Lib Pin           Reference Pin  Required(ns)  Actual(ns)  Slack(ns)  Location        Pin
Min Period        n/a     PLLE2_ADV/CLKIN1  n/a            1.249         10.000      8.751      PLLE2_ADV_X0Y1  clk_generator1/CLKIN1
Max Period        n/a     PLLE2_ADV/CLKIN1  n/a            52.633        10.000      42.633     PLLE2_ADV_X0Y1  clk_generator1/CLKIN1
Low Pulse Width   Slow    PLLE2_ADV/CLKIN1  n/a            2.000         5.000       3.000      PLLE2_ADV_X0Y1  clk_generator1/CLKIN1
Low Pulse Width   Fast    PLLE2_ADV/CLKIN1  n/a            2.000         5.000       3.000      PLLE2_ADV_X0Y1  clk_generator1/CLKIN1
High Pulse Width  Slow    PLLE2_ADV/CLKIN1  n/a            2.000         5.000       3.000      PLLE2_ADV_X0Y1  clk_generator1/CLKIN1
High Pulse Width  Fast    PLLE2_ADV/CLKIN1  n/a            2.000         5.000       3.000      PLLE2_ADV_X0Y1  clk_generator1/CLKIN1



---------------------------------------------------------------------------------------------------
From Clock:  clk200M
  To Clock:  clk200M

Setup :            0  Failing Endpoints,  Worst Slack        1.819ns,  Total Violation        0.000ns
Hold  :            0  Failing Endpoints,  Worst Slack        0.129ns,  Total Violation        0.000ns
PW    :            0  Failing Endpoints,  Worst Slack        0.264ns,  Total Violation        0.000ns
---------------------------------------------------------------------------------------------------


Max Delay Paths
--------------------------------------------------------------------------------------
Slack (MET) :             1.819ns  (required time - arrival time)
  Source:                 hdmi_rx_0/edid_rom/scl_data_reg[1]/C
                            (rising edge-triggered cell FDRE clocked by clk200M  {rise@0.000ns fall@2.500ns period=5.000ns})
  Destination:            hdmi_rx_0/edid_rom/addr_reg[5]/CE
                            (rising edge-triggered cell FDRE clocked by clk200M  {rise@0.000ns fall@2.500ns period=5.000ns})
  Path Group:             clk200M
  Path Type:              Setup (Max at Slow Process Corner)
  Requirement:            5.000ns  (clk200M rise@5.000ns - clk200M rise@0.000ns)
  Data Path Delay:        2.847ns  (logic 0.684ns (24.028%)  route 2.163ns (75.972%))
  Logic Levels:           3  (LUT4=1 LUT5=1 LUT6=1)
  Clock Path Skew:        -0.024ns (DCD - SCD + CPR)
    Destination Clock Delay (DCD):    5.798ns = ( 10.798 - 5.000 ) 
    Source Clock Delay      (SCD):    6.221ns
    Clock Pessimism Removal (CPR):    0.399ns
  Clock Uncertainty:      0.067ns  ((TSJ^2 + DJ^2)^1/2) / 2 + PE
    Total System Jitter     (TSJ):    0.071ns
    Discrete Jitter          (DJ):    0.113ns
    Phase Error              (PE):    0.000ns

    Location             Delay type                Incr(ns)  Path(ns)    Netlist Resource(s)
  -------------------------------------------------------------------    -------------------
                         (clock clk200M rise edge)    0.000     0.000 r  
    D23                                               0.000     0.000 r  clk100M (IN)
                         net (fo=0)                   0.000     0.000    clk100M
    D23                  IBUF (Prop_ibuf_I_O)         1.750     1.750 r  clk100M_IBUF_inst/O
                         net (fo=1, routed)           1.253     3.003    clk100M_IBUF
    PLLE2_ADV_X0Y1       PLLE2_ADV (Prop_plle2_adv_CLKIN1_CLKOUT0)
                                                      0.088     3.091 r  clk_generator1/CLKOUT0
                         net (fo=1, routed)           1.567     4.658    clk200M
    BUFGCTRL_X0Y1        BUFG (Prop_bufg_I_O)         0.120     4.778 r  BUFG_200M/O
                         net (fo=55, routed)          1.443     6.221    hdmi_rx_0/edid_rom/clk_200M
    SLICE_X0Y76          FDRE                                         r  hdmi_rx_0/edid_rom/scl_data_reg[1]/C
  -------------------------------------------------------------------    -------------------
    SLICE_X0Y76          FDRE (Prop_fdre_C_Q)         0.269     6.490 f  hdmi_rx_0/edid_rom/scl_data_reg[1]/Q
                         net (fo=5, routed)           0.683     7.173    hdmi_rx_0/edid_rom/scl_data[1]
    SLICE_X2Y76          LUT4 (Prop_lut4_I0_O)        0.066     7.239 f  hdmi_rx_0/edid_rom/count[4]_i_4/O
                         net (fo=4, routed)           0.373     7.612    hdmi_rx_0/edid_rom/scl_high__1
    SLICE_X2Y76          LUT5 (Prop_lut5_I4_O)        0.177     7.789 f  hdmi_rx_0/edid_rom/count[4]_i_7/O
                         net (fo=8, routed)           0.583     8.372    hdmi_rx_0/edid_rom/hiz11_out
    SLICE_X2Y77          LUT6 (Prop_lut6_I0_O)        0.172     8.544 r  hdmi_rx_0/edid_rom/addr[6]_i_1/O
                         net (fo=14, routed)          0.523     9.068    hdmi_rx_0/edid_rom/addr[6]_i_1_n_0
    SLICE_X4Y78          FDRE                                         r  hdmi_rx_0/edid_rom/addr_reg[5]/CE
  -------------------------------------------------------------------    -------------------

                         (clock clk200M rise edge)    5.000     5.000 r  
    D23                                               0.000     5.000 r  clk100M (IN)
                         net (fo=0)                   0.000     5.000    clk100M
    D23                  IBUF (Prop_ibuf_I_O)         1.607     6.607 r  clk100M_IBUF_inst/O
                         net (fo=1, routed)           1.170     7.777    clk100M_IBUF
    PLLE2_ADV_X0Y1       PLLE2_ADV (Prop_plle2_adv_CLKIN1_CLKOUT0)
                                                      0.083     7.860 r  clk_generator1/CLKOUT0
                         net (fo=1, routed)           1.488     9.348    clk200M
    BUFGCTRL_X0Y1        BUFG (Prop_bufg_I_O)         0.113     9.461 r  BUFG_200M/O
                         net (fo=55, routed)          1.337    10.798    hdmi_rx_0/edid_rom/clk_200M
    SLICE_X4Y78          FDRE                                         r  hdmi_rx_0/edid_rom/addr_reg[5]/C
                         clock pessimism              0.399    11.197    
                         clock uncertainty           -0.067    11.130    
    SLICE_X4Y78          FDRE (Setup_fdre_C_CE)      -0.244    10.886    hdmi_rx_0/edid_rom/addr_reg[5]
  -------------------------------------------------------------------
                         required time                         10.886    
                         arrival time                          -9.068    
  -------------------------------------------------------------------
                         slack                                  1.819    

Slack (MET) :             1.819ns  (required time - arrival time)
  Source:                 hdmi_rx_0/edid_rom/scl_data_reg[1]/C
                            (rising edge-triggered cell FDRE clocked by clk200M  {rise@0.000ns fall@2.500ns period=5.000ns})
  Destination:            hdmi_rx_0/edid_rom/addr_reg[6]/CE
                            (rising edge-triggered cell FDRE clocked by clk200M  {rise@0.000ns fall@2.500ns period=5.000ns})
  Path Group:             clk200M
  Path Type:              Setup (Max at Slow Process Corner)
  Requirement:            5.000ns  (clk200M rise@5.000ns - clk200M rise@0.000ns)
  Data Path Delay:        2.847ns  (logic 0.684ns (24.028%)  route 2.163ns (75.972%))
  Logic Levels:           3  (LUT4=1 LUT5=1 LUT6=1)
  Clock Path Skew:        -0.024ns (DCD - SCD + CPR)
    Destination Clock Delay (DCD):    5.798ns = ( 10.798 - 5.000 ) 
    Source Clock Delay      (SCD):    6.221ns
    Clock Pessimism Removal (CPR):    0.399ns
  Clock Uncertainty:      0.067ns  ((TSJ^2 + DJ^2)^1/2) / 2 + PE
    Total System Jitter     (TSJ):    0.071ns
    Discrete Jitter          (DJ):    0.113ns
    Phase Error              (PE):    0.000ns

    Location             Delay type                Incr(ns)  Path(ns)    Netlist Resource(s)
  -------------------------------------------------------------------    -------------------
                         (clock clk200M rise edge)    0.000     0.000 r  
    D23                                               0.000     0.000 r  clk100M (IN)
                         net (fo=0)                   0.000     0.000    clk100M
    D23                  IBUF (Prop_ibuf_I_O)         1.750     1.750 r  clk100M_IBUF_inst/O
                         net (fo=1, routed)           1.253     3.003    clk100M_IBUF
    PLLE2_ADV_X0Y1       PLLE2_ADV (Prop_plle2_adv_CLKIN1_CLKOUT0)
                                                      0.088     3.091 r  clk_generator1/CLKOUT0
                         net (fo=1, routed)           1.567     4.658    clk200M
    BUFGCTRL_X0Y1        BUFG (Prop_bufg_I_O)         0.120     4.778 r  BUFG_200M/O
                         net (fo=55, routed)          1.443     6.221    hdmi_rx_0/edid_rom/clk_200M
    SLICE_X0Y76          FDRE                                         r  hdmi_rx_0/edid_rom/scl_data_reg[1]/C
  -------------------------------------------------------------------    -------------------
    SLICE_X0Y76          FDRE (Prop_fdre_C_Q)         0.269     6.490 f  hdmi_rx_0/edid_rom/scl_data_reg[1]/Q
                         net (fo=5, routed)           0.683     7.173    hdmi_rx_0/edid_rom/scl_data[1]
    SLICE_X2Y76          LUT4 (Prop_lut4_I0_O)        0.066     7.239 f  hdmi_rx_0/edid_rom/count[4]_i_4/O
                         net (fo=4, routed)           0.373     7.612    hdmi_rx_0/edid_rom/scl_high__1
    SLICE_X2Y76          LUT5 (Prop_lut5_I4_O)        0.177     7.789 f  hdmi_rx_0/edid_rom/count[4]_i_7/O
                         net (fo=8, routed)           0.583     8.372    hdmi_rx_0/edid_rom/hiz11_out
    SLICE_X2Y77          LUT6 (Prop_lut6_I0_O)        0.172     8.544 r  hdmi_rx_0/edid_rom/addr[6]_i_1/O
                         net (fo=14, routed)          0.523     9.068    hdmi_rx_0/edid_rom/addr[6]_i_1_n_0
    SLICE_X4Y78          FDRE                                         r  hdmi_rx_0/edid_rom/addr_reg[6]/CE
  -------------------------------------------------------------------    -------------------

                         (clock clk200M rise edge)    5.000     5.000 r  
    D23                                               0.000     5.000 r  clk100M (IN)
                         net (fo=0)                   0.000     5.000    clk100M
    D23                  IBUF (Prop_ibuf_I_O)         1.607     6.607 r  clk100M_IBUF_inst/O
                         net (fo=1, routed)           1.170     7.777    clk100M_IBUF
    PLLE2_ADV_X0Y1       PLLE2_ADV (Prop_plle2_adv_CLKIN1_CLKOUT0)
                                                      0.083     7.860 r  clk_generator1/CLKOUT0
                         net (fo=1, routed)           1.488     9.348    clk200M
    BUFGCTRL_X0Y1        BUFG (Prop_bufg_I_O)         0.113     9.461 r  BUFG_200M/O
                         net (fo=55, routed)          1.337    10.798    hdmi_rx_0/edid_rom/clk_200M
    SLICE_X4Y78          FDRE                                         r  hdmi_rx_0/edid_rom/addr_reg[6]/C
                         clock pessimism              0.399    11.197    
                         clock uncertainty           -0.067    11.130    
    SLICE_X4Y78          FDRE (Setup_fdre_C_CE)      -0.244    10.886    hdmi_rx_0/edid_rom/addr_reg[6]
  -------------------------------------------------------------------
                         required time                         10.886    
                         arrival time                          -9.068    
  -------------------------------------------------------------------
                         slack                                  1.819    

Slack (MET) :             1.819ns  (required time - arrival time)
  Source:                 hdmi_rx_0/edid_rom/scl_data_reg[1]/C
                            (rising edge-triggered cell FDRE clocked by clk200M  {rise@0.000ns fall@2.500ns period=5.000ns})
  Destination:            hdmi_rx_0/edid_rom/addr_reg_rep[5]/CE
                            (rising edge-triggered cell FDRE clocked by clk200M  {rise@0.000ns fall@2.500ns period=5.000ns})
  Path Group:             clk200M
  Path Type:              Setup (Max at Slow Process Corner)
  Requirement:            5.000ns  (clk200M rise@5.000ns - clk200M rise@0.000ns)
  Data Path Delay:        2.847ns  (logic 0.684ns (24.028%)  route 2.163ns (75.972%))
  Logic Levels:           3  (LUT4=1 LUT5=1 LUT6=1)
  Clock Path Skew:        -0.024ns (DCD - SCD + CPR)
    Destination Clock Delay (DCD):    5.798ns = ( 10.798 - 5.000 ) 
    Source Clock Delay      (SCD):    6.221ns
    Clock Pessimism Removal (CPR):    0.399ns
  Clock Uncertainty:      0.067ns  ((TSJ^2 + DJ^2)^1/2) / 2 + PE
    Total System Jitter     (TSJ):    0.071ns
    Discrete Jitter          (DJ):    0.113ns
    Phase Error              (PE):    0.000ns

    Location             Delay type                Incr(ns)  Path(ns)    Netlist Resource(s)
  -------------------------------------------------------------------    -------------------
                         (clock clk200M rise edge)    0.000     0.000 r  
    D23                                               0.000     0.000 r  clk100M (IN)
                         net (fo=0)                   0.000     0.000    clk100M
    D23                  IBUF (Prop_ibuf_I_O)         1.750     1.750 r  clk100M_IBUF_inst/O
                         net (fo=1, routed)           1.253     3.003    clk100M_IBUF
    PLLE2_ADV_X0Y1       PLLE2_ADV (Prop_plle2_adv_CLKIN1_CLKOUT0)
                                                      0.088     3.091 r  clk_generator1/CLKOUT0
                         net (fo=1, routed)           1.567     4.658    clk200M
    BUFGCTRL_X0Y1        BUFG (Prop_bufg_I_O)         0.120     4.778 r  BUFG_200M/O
                         net (fo=55, routed)          1.443     6.221    hdmi_rx_0/edid_rom/clk_200M
    SLICE_X0Y76          FDRE                                         r  hdmi_rx_0/edid_rom/scl_data_reg[1]/C
  -------------------------------------------------------------------    -------------------
    SLICE_X0Y76          FDRE (Prop_fdre_C_Q)         0.269     6.490 f  hdmi_rx_0/edid_rom/scl_data_reg[1]/Q
                         net (fo=5, routed)           0.683     7.173    hdmi_rx_0/edid_rom/scl_data[1]
    SLICE_X2Y76          LUT4 (Prop_lut4_I0_O)        0.066     7.239 f  hdmi_rx_0/edid_rom/count[4]_i_4/O
                         net (fo=4, routed)           0.373     7.612    hdmi_rx_0/edid_rom/scl_high__1
    SLICE_X2Y76          LUT5 (Prop_lut5_I4_O)        0.177     7.789 f  hdmi_rx_0/edid_rom/count[4]_i_7/O
                         net (fo=8, routed)           0.583     8.372    hdmi_rx_0/edid_rom/hiz11_out
    SLICE_X2Y77          LUT6 (Prop_lut6_I0_O)        0.172     8.544 r  hdmi_rx_0/edid_rom/addr[6]_i_1/O
                         net (fo=14, routed)          0.523     9.068    hdmi_rx_0/edid_rom/addr[6]_i_1_n_0
    SLICE_X4Y78          FDRE                                         r  hdmi_rx_0/edid_rom/addr_reg_rep[5]/CE
  -------------------------------------------------------------------    -------------------

                         (clock clk200M rise edge)    5.000     5.000 r  
    D23                                               0.000     5.000 r  clk100M (IN)
                         net (fo=0)                   0.000     5.000    clk100M
    D23                  IBUF (Prop_ibuf_I_O)         1.607     6.607 r  clk100M_IBUF_inst/O
                         net (fo=1, routed)           1.170     7.777    clk100M_IBUF
    PLLE2_ADV_X0Y1       PLLE2_ADV (Prop_plle2_adv_CLKIN1_CLKOUT0)
                                                      0.083     7.860 r  clk_generator1/CLKOUT0
                         net (fo=1, routed)           1.488     9.348    clk200M
    BUFGCTRL_X0Y1        BUFG (Prop_bufg_I_O)         0.113     9.461 r  BUFG_200M/O
                         net (fo=55, routed)          1.337    10.798    hdmi_rx_0/edid_rom/clk_200M
    SLICE_X4Y78          FDRE                                         r  hdmi_rx_0/edid_rom/addr_reg_rep[5]/C
                         clock pessimism              0.399    11.197    
                         clock uncertainty           -0.067    11.130    
    SLICE_X4Y78          FDRE (Setup_fdre_C_CE)      -0.244    10.886    hdmi_rx_0/edid_rom/addr_reg_rep[5]
  -------------------------------------------------------------------
                         required time                         10.886    
                         arrival time                          -9.068    
  -------------------------------------------------------------------
                         slack                                  1.819    

Slack (MET) :             1.819ns  (required time - arrival time)
  Source:                 hdmi_rx_0/edid_rom/scl_data_reg[1]/C
                            (rising edge-triggered cell FDRE clocked by clk200M  {rise@0.000ns fall@2.500ns period=5.000ns})
  Destination:            hdmi_rx_0/edid_rom/addr_reg_rep[6]/CE
                            (rising edge-triggered cell FDRE clocked by clk200M  {rise@0.000ns fall@2.500ns period=5.000ns})
  Path Group:             clk200M
  Path Type:              Setup (Max at Slow Process Corner)
  Requirement:            5.000ns  (clk200M rise@5.000ns - clk200M rise@0.000ns)
  Data Path Delay:        2.847ns  (logic 0.684ns (24.028%)  route 2.163ns (75.972%))
  Logic Levels:           3  (LUT4=1 LUT5=1 LUT6=1)
  Clock Path Skew:        -0.024ns (DCD - SCD + CPR)
    Destination Clock Delay (DCD):    5.798ns = ( 10.798 - 5.000 ) 
    Source Clock Delay      (SCD):    6.221ns
    Clock Pessimism Removal (CPR):    0.399ns
  Clock Uncertainty:      0.067ns  ((TSJ^2 + DJ^2)^1/2) / 2 + PE
    Total System Jitter     (TSJ):    0.071ns
    Discrete Jitter          (DJ):    0.113ns
    Phase Error              (PE):    0.000ns

    Location             Delay type                Incr(ns)  Path(ns)    Netlist Resource(s)
  -------------------------------------------------------------------    -------------------
                         (clock clk200M rise edge)    0.000     0.000 r  
    D23                                               0.000     0.000 r  clk100M (IN)
                         net (fo=0)                   0.000     0.000    clk100M
    D23                  IBUF (Prop_ibuf_I_O)         1.750     1.750 r  clk100M_IBUF_inst/O
                         net (fo=1, routed)           1.253     3.003    clk100M_IBUF
    PLLE2_ADV_X0Y1       PLLE2_ADV (Prop_plle2_adv_CLKIN1_CLKOUT0)
                                                      0.088     3.091 r  clk_generator1/CLKOUT0
                         net (fo=1, routed)           1.567     4.658    clk200M
    BUFGCTRL_X0Y1        BUFG (Prop_bufg_I_O)         0.120     4.778 r  BUFG_200M/O
                         net (fo=55, routed)          1.443     6.221    hdmi_rx_0/edid_rom/clk_200M
    SLICE_X0Y76          FDRE                                         r  hdmi_rx_0/edid_rom/scl_data_reg[1]/C
  -------------------------------------------------------------------    -------------------
    SLICE_X0Y76          FDRE (Prop_fdre_C_Q)         0.269     6.490 f  hdmi_rx_0/edid_rom/scl_data_reg[1]/Q
                         net (fo=5, routed)           0.683     7.173    hdmi_rx_0/edid_rom/scl_data[1]
    SLICE_X2Y76          LUT4 (Prop_lut4_I0_O)        0.066     7.239 f  hdmi_rx_0/edid_rom/count[4]_i_4/O
                         net (fo=4, routed)           0.373     7.612    hdmi_rx_0/edid_rom/scl_high__1
    SLICE_X2Y76          LUT5 (Prop_lut5_I4_O)        0.177     7.789 f  hdmi_rx_0/edid_rom/count[4]_i_7/O
                         net (fo=8, routed)           0.583     8.372    hdmi_rx_0/edid_rom/hiz11_out
    SLICE_X2Y77          LUT6 (Prop_lut6_I0_O)        0.172     8.544 r  hdmi_rx_0/edid_rom/addr[6]_i_1/O
                         net (fo=14, routed)          0.523     9.068    hdmi_rx_0/edid_rom/addr[6]_i_1_n_0
    SLICE_X4Y78          FDRE                                         r  hdmi_rx_0/edid_rom/addr_reg_rep[6]/CE
  -------------------------------------------------------------------    -------------------

                         (clock clk200M rise edge)    5.000     5.000 r  
    D23                                               0.000     5.000 r  clk100M (IN)
                         net (fo=0)                   0.000     5.000    clk100M
    D23                  IBUF (Prop_ibuf_I_O)         1.607     6.607 r  clk100M_IBUF_inst/O
                         net (fo=1, routed)           1.170     7.777    clk100M_IBUF
    PLLE2_ADV_X0Y1       PLLE2_ADV (Prop_plle2_adv_CLKIN1_CLKOUT0)
                                                      0.083     7.860 r  clk_generator1/CLKOUT0
                         net (fo=1, routed)           1.488     9.348    clk200M
    BUFGCTRL_X0Y1        BUFG (Prop_bufg_I_O)         0.113     9.461 r  BUFG_200M/O
                         net (fo=55, routed)          1.337    10.798    hdmi_rx_0/edid_rom/clk_200M
    SLICE_X4Y78          FDRE                                         r  hdmi_rx_0/edid_rom/addr_reg_rep[6]/C
                         clock pessimism              0.399    11.197    
                         clock uncertainty           -0.067    11.130    
    SLICE_X4Y78          FDRE (Setup_fdre_C_CE)      -0.244    10.886    hdmi_rx_0/edid_rom/addr_reg_rep[6]
  -------------------------------------------------------------------
                         required time                         10.886    
                         arrival time                          -9.068    
  -------------------------------------------------------------------
                         slack                                  1.819    

Slack (MET) :             1.822ns  (required time - arrival time)
  Source:                 hdmi_rx_0/edid_rom/scl_data_reg[1]/C
                            (rising edge-triggered cell FDRE clocked by clk200M  {rise@0.000ns fall@2.500ns period=5.000ns})
  Destination:            hdmi_rx_0/edid_rom/addr_reg[2]/CE
                            (rising edge-triggered cell FDRE clocked by clk200M  {rise@0.000ns fall@2.500ns period=5.000ns})
  Path Group:             clk200M
  Path Type:              Setup (Max at Slow Process Corner)
  Requirement:            5.000ns  (clk200M rise@5.000ns - clk200M rise@0.000ns)
  Data Path Delay:        2.867ns  (logic 0.684ns (23.859%)  route 2.183ns (76.141%))
  Logic Levels:           3  (LUT4=1 LUT5=1 LUT6=1)
  Clock Path Skew:        -0.025ns (DCD - SCD + CPR)
    Destination Clock Delay (DCD):    5.797ns = ( 10.797 - 5.000 ) 
    Source Clock Delay      (SCD):    6.221ns
    Clock Pessimism Removal (CPR):    0.399ns
  Clock Uncertainty:      0.067ns  ((TSJ^2 + DJ^2)^1/2) / 2 + PE
    Total System Jitter     (TSJ):    0.071ns
    Discrete Jitter          (DJ):    0.113ns
    Phase Error              (PE):    0.000ns

    Location             Delay type                Incr(ns)  Path(ns)    Netlist Resource(s)
  -------------------------------------------------------------------    -------------------
                         (clock clk200M rise edge)    0.000     0.000 r  
    D23                                               0.000     0.000 r  clk100M (IN)
                         net (fo=0)                   0.000     0.000    clk100M
    D23                  IBUF (Prop_ibuf_I_O)         1.750     1.750 r  clk100M_IBUF_inst/O
                         net (fo=1, routed)           1.253     3.003    clk100M_IBUF
    PLLE2_ADV_X0Y1       PLLE2_ADV (Prop_plle2_adv_CLKIN1_CLKOUT0)
                                                      0.088     3.091 r  clk_generator1/CLKOUT0
                         net (fo=1, routed)           1.567     4.658    clk200M
    BUFGCTRL_X0Y1        BUFG (Prop_bufg_I_O)         0.120     4.778 r  BUFG_200M/O
                         net (fo=55, routed)          1.443     6.221    hdmi_rx_0/edid_rom/clk_200M
    SLICE_X0Y76          FDRE                                         r  hdmi_rx_0/edid_rom/scl_data_reg[1]/C
  -------------------------------------------------------------------    -------------------
    SLICE_X0Y76          FDRE (Prop_fdre_C_Q)         0.269     6.490 f  hdmi_rx_0/edid_rom/scl_data_reg[1]/Q
                         net (fo=5, routed)           0.683     7.173    hdmi_rx_0/edid_rom/scl_data[1]
    SLICE_X2Y76          LUT4 (Prop_lut4_I0_O)        0.066     7.239 f  hdmi_rx_0/edid_rom/count[4]_i_4/O
                         net (fo=4, routed)           0.373     7.612    hdmi_rx_0/edid_rom/scl_high__1
    SLICE_X2Y76          LUT5 (Prop_lut5_I4_O)        0.177     7.789 f  hdmi_rx_0/edid_rom/count[4]_i_7/O
                         net (fo=8, routed)           0.583     8.372    hdmi_rx_0/edid_rom/hiz11_out
    SLICE_X2Y77          LUT6 (Prop_lut6_I0_O)        0.172     8.544 r  hdmi_rx_0/edid_rom/addr[6]_i_1/O
                         net (fo=14, routed)          0.544     9.088    hdmi_rx_0/edid_rom/addr[6]_i_1_n_0
    SLICE_X6Y77          FDRE                                         r  hdmi_rx_0/edid_rom/addr_reg[2]/CE
  -------------------------------------------------------------------    -------------------

                         (clock clk200M rise edge)    5.000     5.000 r  
    D23                                               0.000     5.000 r  clk100M (IN)
                         net (fo=0)                   0.000     5.000    clk100M
    D23                  IBUF (Prop_ibuf_I_O)         1.607     6.607 r  clk100M_IBUF_inst/O
                         net (fo=1, routed)           1.170     7.777    clk100M_IBUF
    PLLE2_ADV_X0Y1       PLLE2_ADV (Prop_plle2_adv_CLKIN1_CLKOUT0)
                                                      0.083     7.860 r  clk_generator1/CLKOUT0
                         net (fo=1, routed)           1.488     9.348    clk200M
    BUFGCTRL_X0Y1        BUFG (Prop_bufg_I_O)         0.113     9.461 r  BUFG_200M/O
                         net (fo=55, routed)          1.336    10.797    hdmi_rx_0/edid_rom/clk_200M
    SLICE_X6Y77          FDRE                                         r  hdmi_rx_0/edid_rom/addr_reg[2]/C
                         clock pessimism              0.399    11.196    
                         clock uncertainty           -0.067    11.129    
    SLICE_X6Y77          FDRE (Setup_fdre_C_CE)      -0.219    10.910    hdmi_rx_0/edid_rom/addr_reg[2]
  -------------------------------------------------------------------
                         required time                         10.910    
                         arrival time                          -9.088    
  -------------------------------------------------------------------
                         slack                                  1.822    

Slack (MET) :             1.822ns  (required time - arrival time)
  Source:                 hdmi_rx_0/edid_rom/scl_data_reg[1]/C
                            (rising edge-triggered cell FDRE clocked by clk200M  {rise@0.000ns fall@2.500ns period=5.000ns})
  Destination:            hdmi_rx_0/edid_rom/addr_reg[3]/CE
                            (rising edge-triggered cell FDRE clocked by clk200M  {rise@0.000ns fall@2.500ns period=5.000ns})
  Path Group:             clk200M
  Path Type:              Setup (Max at Slow Process Corner)
  Requirement:            5.000ns  (clk200M rise@5.000ns - clk200M rise@0.000ns)
  Data Path Delay:        2.867ns  (logic 0.684ns (23.859%)  route 2.183ns (76.141%))
  Logic Levels:           3  (LUT4=1 LUT5=1 LUT6=1)
  Clock Path Skew:        -0.025ns (DCD - SCD + CPR)
    Destination Clock Delay (DCD):    5.797ns = ( 10.797 - 5.000 ) 
    Source Clock Delay      (SCD):    6.221ns
    Clock Pessimism Removal (CPR):    0.399ns
  Clock Uncertainty:      0.067ns  ((TSJ^2 + DJ^2)^1/2) / 2 + PE
    Total System Jitter     (TSJ):    0.071ns
    Discrete Jitter          (DJ):    0.113ns
    Phase Error              (PE):    0.000ns

    Location             Delay type                Incr(ns)  Path(ns)    Netlist Resource(s)
  -------------------------------------------------------------------    -------------------
                         (clock clk200M rise edge)    0.000     0.000 r  
    D23                                               0.000     0.000 r  clk100M (IN)
                         net (fo=0)                   0.000     0.000    clk100M
    D23                  IBUF (Prop_ibuf_I_O)         1.750     1.750 r  clk100M_IBUF_inst/O
                         net (fo=1, routed)           1.253     3.003    clk100M_IBUF
    PLLE2_ADV_X0Y1       PLLE2_ADV (Prop_plle2_adv_CLKIN1_CLKOUT0)
                                                      0.088     3.091 r  clk_generator1/CLKOUT0
                         net (fo=1, routed)           1.567     4.658    clk200M
    BUFGCTRL_X0Y1        BUFG (Prop_bufg_I_O)         0.120     4.778 r  BUFG_200M/O
                         net (fo=55, routed)          1.443     6.221    hdmi_rx_0/edid_rom/clk_200M
    SLICE_X0Y76          FDRE                                         r  hdmi_rx_0/edid_rom/scl_data_reg[1]/C
  -------------------------------------------------------------------    -------------------
    SLICE_X0Y76          FDRE (Prop_fdre_C_Q)         0.269     6.490 f  hdmi_rx_0/edid_rom/scl_data_reg[1]/Q
                         net (fo=5, routed)           0.683     7.173    hdmi_rx_0/edid_rom/scl_data[1]
    SLICE_X2Y76          LUT4 (Prop_lut4_I0_O)        0.066     7.239 f  hdmi_rx_0/edid_rom/count[4]_i_4/O
                         net (fo=4, routed)           0.373     7.612    hdmi_rx_0/edid_rom/scl_high__1
    SLICE_X2Y76          LUT5 (Prop_lut5_I4_O)        0.177     7.789 f  hdmi_rx_0/edid_rom/count[4]_i_7/O
                         net (fo=8, routed)           0.583     8.372    hdmi_rx_0/edid_rom/hiz11_out
    SLICE_X2Y77          LUT6 (Prop_lut6_I0_O)        0.172     8.544 r  hdmi_rx_0/edid_rom/addr[6]_i_1/O
                         net (fo=14, routed)          0.544     9.088    hdmi_rx_0/edid_rom/addr[6]_i_1_n_0
    SLICE_X6Y77          FDRE                                         r  hdmi_rx_0/edid_rom/addr_reg[3]/CE
  -------------------------------------------------------------------    -------------------

                         (clock clk200M rise edge)    5.000     5.000 r  
    D23                                               0.000     5.000 r  clk100M (IN)
                         net (fo=0)                   0.000     5.000    clk100M
    D23                  IBUF (Prop_ibuf_I_O)         1.607     6.607 r  clk100M_IBUF_inst/O
                         net (fo=1, routed)           1.170     7.777    clk100M_IBUF
    PLLE2_ADV_X0Y1       PLLE2_ADV (Prop_plle2_adv_CLKIN1_CLKOUT0)
                                                      0.083     7.860 r  clk_generator1/CLKOUT0
                         net (fo=1, routed)           1.488     9.348    clk200M
    BUFGCTRL_X0Y1        BUFG (Prop_bufg_I_O)         0.113     9.461 r  BUFG_200M/O
                         net (fo=55, routed)          1.336    10.797    hdmi_rx_0/edid_rom/clk_200M
    SLICE_X6Y77          FDRE                                         r  hdmi_rx_0/edid_rom/addr_reg[3]/C
                         clock pessimism              0.399    11.196    
                         clock uncertainty           -0.067    11.129    
    SLICE_X6Y77          FDRE (Setup_fdre_C_CE)      -0.219    10.910    hdmi_rx_0/edid_rom/addr_reg[3]
  -------------------------------------------------------------------
                         required time                         10.910    
                         arrival time                          -9.088    
  -------------------------------------------------------------------
                         slack                                  1.822    

Slack (MET) :             1.822ns  (required time - arrival time)
  Source:                 hdmi_rx_0/edid_rom/scl_data_reg[1]/C
                            (rising edge-triggered cell FDRE clocked by clk200M  {rise@0.000ns fall@2.500ns period=5.000ns})
  Destination:            hdmi_rx_0/edid_rom/addr_reg_rep[2]/CE
                            (rising edge-triggered cell FDRE clocked by clk200M  {rise@0.000ns fall@2.500ns period=5.000ns})
  Path Group:             clk200M
  Path Type:              Setup (Max at Slow Process Corner)
  Requirement:            5.000ns  (clk200M rise@5.000ns - clk200M rise@0.000ns)
  Data Path Delay:        2.867ns  (logic 0.684ns (23.859%)  route 2.183ns (76.141%))
  Logic Levels:           3  (LUT4=1 LUT5=1 LUT6=1)
  Clock Path Skew:        -0.025ns (DCD - SCD + CPR)
    Destination Clock Delay (DCD):    5.797ns = ( 10.797 - 5.000 ) 
    Source Clock Delay      (SCD):    6.221ns
    Clock Pessimism Removal (CPR):    0.399ns
  Clock Uncertainty:      0.067ns  ((TSJ^2 + DJ^2)^1/2) / 2 + PE
    Total System Jitter     (TSJ):    0.071ns
    Discrete Jitter          (DJ):    0.113ns
    Phase Error              (PE):    0.000ns

    Location             Delay type                Incr(ns)  Path(ns)    Netlist Resource(s)
  -------------------------------------------------------------------    -------------------
                         (clock clk200M rise edge)    0.000     0.000 r  
    D23                                               0.000     0.000 r  clk100M (IN)
                         net (fo=0)                   0.000     0.000    clk100M
    D23                  IBUF (Prop_ibuf_I_O)         1.750     1.750 r  clk100M_IBUF_inst/O
                         net (fo=1, routed)           1.253     3.003    clk100M_IBUF
    PLLE2_ADV_X0Y1       PLLE2_ADV (Prop_plle2_adv_CLKIN1_CLKOUT0)
                                                      0.088     3.091 r  clk_generator1/CLKOUT0
                         net (fo=1, routed)           1.567     4.658    clk200M
    BUFGCTRL_X0Y1        BUFG (Prop_bufg_I_O)         0.120     4.778 r  BUFG_200M/O
                         net (fo=55, routed)          1.443     6.221    hdmi_rx_0/edid_rom/clk_200M
    SLICE_X0Y76          FDRE                                         r  hdmi_rx_0/edid_rom/scl_data_reg[1]/C
  -------------------------------------------------------------------    -------------------
    SLICE_X0Y76          FDRE (Prop_fdre_C_Q)         0.269     6.490 f  hdmi_rx_0/edid_rom/scl_data_reg[1]/Q
                         net (fo=5, routed)           0.683     7.173    hdmi_rx_0/edid_rom/scl_data[1]
    SLICE_X2Y76          LUT4 (Prop_lut4_I0_O)        0.066     7.239 f  hdmi_rx_0/edid_rom/count[4]_i_4/O
                         net (fo=4, routed)           0.373     7.612    hdmi_rx_0/edid_rom/scl_high__1
    SLICE_X2Y76          LUT5 (Prop_lut5_I4_O)        0.177     7.789 f  hdmi_rx_0/edid_rom/count[4]_i_7/O
                         net (fo=8, routed)           0.583     8.372    hdmi_rx_0/edid_rom/hiz11_out
    SLICE_X2Y77          LUT6 (Prop_lut6_I0_O)        0.172     8.544 r  hdmi_rx_0/edid_rom/addr[6]_i_1/O
                         net (fo=14, routed)          0.544     9.088    hdmi_rx_0/edid_rom/addr[6]_i_1_n_0
    SLICE_X6Y77          FDRE                                         r  hdmi_rx_0/edid_rom/addr_reg_rep[2]/CE
  -------------------------------------------------------------------    -------------------

                         (clock clk200M rise edge)    5.000     5.000 r  
    D23                                               0.000     5.000 r  clk100M (IN)
                         net (fo=0)                   0.000     5.000    clk100M
    D23                  IBUF (Prop_ibuf_I_O)         1.607     6.607 r  clk100M_IBUF_inst/O
                         net (fo=1, routed)           1.170     7.777    clk100M_IBUF
    PLLE2_ADV_X0Y1       PLLE2_ADV (Prop_plle2_adv_CLKIN1_CLKOUT0)
                                                      0.083     7.860 r  clk_generator1/CLKOUT0
                         net (fo=1, routed)           1.488     9.348    clk200M
    BUFGCTRL_X0Y1        BUFG (Prop_bufg_I_O)         0.113     9.461 r  BUFG_200M/O
                         net (fo=55, routed)          1.336    10.797    hdmi_rx_0/edid_rom/clk_200M
    SLICE_X6Y77          FDRE                                         r  hdmi_rx_0/edid_rom/addr_reg_rep[2]/C
                         clock pessimism              0.399    11.196    
                         clock uncertainty           -0.067    11.129    
    SLICE_X6Y77          FDRE (Setup_fdre_C_CE)      -0.219    10.910    hdmi_rx_0/edid_rom/addr_reg_rep[2]
  -------------------------------------------------------------------
                         required time                         10.910    
                         arrival time                          -9.088    
  -------------------------------------------------------------------
                         slack                                  1.822    

Slack (MET) :             1.822ns  (required time - arrival time)
  Source:                 hdmi_rx_0/edid_rom/scl_data_reg[1]/C
                            (rising edge-triggered cell FDRE clocked by clk200M  {rise@0.000ns fall@2.500ns period=5.000ns})
  Destination:            hdmi_rx_0/edid_rom/addr_reg_rep[3]/CE
                            (rising edge-triggered cell FDRE clocked by clk200M  {rise@0.000ns fall@2.500ns period=5.000ns})
  Path Group:             clk200M
  Path Type:              Setup (Max at Slow Process Corner)
  Requirement:            5.000ns  (clk200M rise@5.000ns - clk200M rise@0.000ns)
  Data Path Delay:        2.867ns  (logic 0.684ns (23.859%)  route 2.183ns (76.141%))
  Logic Levels:           3  (LUT4=1 LUT5=1 LUT6=1)
  Clock Path Skew:        -0.025ns (DCD - SCD + CPR)
    Destination Clock Delay (DCD):    5.797ns = ( 10.797 - 5.000 ) 
    Source Clock Delay      (SCD):    6.221ns
    Clock Pessimism Removal (CPR):    0.399ns
  Clock Uncertainty:      0.067ns  ((TSJ^2 + DJ^2)^1/2) / 2 + PE
    Total System Jitter     (TSJ):    0.071ns
    Discrete Jitter          (DJ):    0.113ns
    Phase Error              (PE):    0.000ns

    Location             Delay type                Incr(ns)  Path(ns)    Netlist Resource(s)
  -------------------------------------------------------------------    -------------------
                         (clock clk200M rise edge)    0.000     0.000 r  
    D23                                               0.000     0.000 r  clk100M (IN)
                         net (fo=0)                   0.000     0.000    clk100M
    D23                  IBUF (Prop_ibuf_I_O)         1.750     1.750 r  clk100M_IBUF_inst/O
                         net (fo=1, routed)           1.253     3.003    clk100M_IBUF
    PLLE2_ADV_X0Y1       PLLE2_ADV (Prop_plle2_adv_CLKIN1_CLKOUT0)
                                                      0.088     3.091 r  clk_generator1/CLKOUT0
                         net (fo=1, routed)           1.567     4.658    clk200M
    BUFGCTRL_X0Y1        BUFG (Prop_bufg_I_O)         0.120     4.778 r  BUFG_200M/O
                         net (fo=55, routed)          1.443     6.221    hdmi_rx_0/edid_rom/clk_200M
    SLICE_X0Y76          FDRE                                         r  hdmi_rx_0/edid_rom/scl_data_reg[1]/C
  -------------------------------------------------------------------    -------------------
    SLICE_X0Y76          FDRE (Prop_fdre_C_Q)         0.269     6.490 f  hdmi_rx_0/edid_rom/scl_data_reg[1]/Q
                         net (fo=5, routed)           0.683     7.173    hdmi_rx_0/edid_rom/scl_data[1]
    SLICE_X2Y76          LUT4 (Prop_lut4_I0_O)        0.066     7.239 f  hdmi_rx_0/edid_rom/count[4]_i_4/O
                         net (fo=4, routed)           0.373     7.612    hdmi_rx_0/edid_rom/scl_high__1
    SLICE_X2Y76          LUT5 (Prop_lut5_I4_O)        0.177     7.789 f  hdmi_rx_0/edid_rom/count[4]_i_7/O
                         net (fo=8, routed)           0.583     8.372    hdmi_rx_0/edid_rom/hiz11_out
    SLICE_X2Y77          LUT6 (Prop_lut6_I0_O)        0.172     8.544 r  hdmi_rx_0/edid_rom/addr[6]_i_1/O
                         net (fo=14, routed)          0.544     9.088    hdmi_rx_0/edid_rom/addr[6]_i_1_n_0
    SLICE_X6Y77          FDRE                                         r  hdmi_rx_0/edid_rom/addr_reg_rep[3]/CE
  -------------------------------------------------------------------    -------------------

                         (clock clk200M rise edge)    5.000     5.000 r  
    D23                                               0.000     5.000 r  clk100M (IN)
                         net (fo=0)                   0.000     5.000    clk100M
    D23                  IBUF (Prop_ibuf_I_O)         1.607     6.607 r  clk100M_IBUF_inst/O
                         net (fo=1, routed)           1.170     7.777    clk100M_IBUF
    PLLE2_ADV_X0Y1       PLLE2_ADV (Prop_plle2_adv_CLKIN1_CLKOUT0)
                                                      0.083     7.860 r  clk_generator1/CLKOUT0
                         net (fo=1, routed)           1.488     9.348    clk200M
    BUFGCTRL_X0Y1        BUFG (Prop_bufg_I_O)         0.113     9.461 r  BUFG_200M/O
                         net (fo=55, routed)          1.336    10.797    hdmi_rx_0/edid_rom/clk_200M
    SLICE_X6Y77          FDRE                                         r  hdmi_rx_0/edid_rom/addr_reg_rep[3]/C
                         clock pessimism              0.399    11.196    
                         clock uncertainty           -0.067    11.129    
    SLICE_X6Y77          FDRE (Setup_fdre_C_CE)      -0.219    10.910    hdmi_rx_0/edid_rom/addr_reg_rep[3]
  -------------------------------------------------------------------
                         required time                         10.910    
                         arrival time                          -9.088    
  -------------------------------------------------------------------
                         slack                                  1.822    

Slack (MET) :             1.984ns  (required time - arrival time)
  Source:                 hdmi_rx_0/edid_rom/scl_data_reg[1]/C
                            (rising edge-triggered cell FDRE clocked by clk200M  {rise@0.000ns fall@2.500ns period=5.000ns})
  Destination:            hdmi_rx_0/edid_rom/data_reg[0]/CE
                            (rising edge-triggered cell FDRE clocked by clk200M  {rise@0.000ns fall@2.500ns period=5.000ns})
  Path Group:             clk200M
  Path Type:              Setup (Max at Slow Process Corner)
  Requirement:            5.000ns  (clk200M rise@5.000ns - clk200M rise@0.000ns)
  Data Path Delay:        2.681ns  (logic 0.684ns (25.511%)  route 1.997ns (74.489%))
  Logic Levels:           3  (LUT4=1 LUT5=1 LUT6=1)
  Clock Path Skew:        -0.024ns (DCD - SCD + CPR)
    Destination Clock Delay (DCD):    5.798ns = ( 10.798 - 5.000 ) 
    Source Clock Delay      (SCD):    6.221ns
    Clock Pessimism Removal (CPR):    0.399ns
  Clock Uncertainty:      0.067ns  ((TSJ^2 + DJ^2)^1/2) / 2 + PE
    Total System Jitter     (TSJ):    0.071ns
    Discrete Jitter          (DJ):    0.113ns
    Phase Error              (PE):    0.000ns

    Location             Delay type                Incr(ns)  Path(ns)    Netlist Resource(s)
  -------------------------------------------------------------------    -------------------
                         (clock clk200M rise edge)    0.000     0.000 r  
    D23                                               0.000     0.000 r  clk100M (IN)
                         net (fo=0)                   0.000     0.000    clk100M
    D23                  IBUF (Prop_ibuf_I_O)         1.750     1.750 r  clk100M_IBUF_inst/O
                         net (fo=1, routed)           1.253     3.003    clk100M_IBUF
    PLLE2_ADV_X0Y1       PLLE2_ADV (Prop_plle2_adv_CLKIN1_CLKOUT0)
                                                      0.088     3.091 r  clk_generator1/CLKOUT0
                         net (fo=1, routed)           1.567     4.658    clk200M
    BUFGCTRL_X0Y1        BUFG (Prop_bufg_I_O)         0.120     4.778 r  BUFG_200M/O
                         net (fo=55, routed)          1.443     6.221    hdmi_rx_0/edid_rom/clk_200M
    SLICE_X0Y76          FDRE                                         r  hdmi_rx_0/edid_rom/scl_data_reg[1]/C
  -------------------------------------------------------------------    -------------------
    SLICE_X0Y76          FDRE (Prop_fdre_C_Q)         0.269     6.490 f  hdmi_rx_0/edid_rom/scl_data_reg[1]/Q
                         net (fo=5, routed)           0.683     7.173    hdmi_rx_0/edid_rom/scl_data[1]
    SLICE_X2Y76          LUT4 (Prop_lut4_I0_O)        0.066     7.239 f  hdmi_rx_0/edid_rom/count[4]_i_4/O
                         net (fo=4, routed)           0.373     7.612    hdmi_rx_0/edid_rom/scl_high__1
    SLICE_X2Y76          LUT5 (Prop_lut5_I4_O)        0.177     7.789 f  hdmi_rx_0/edid_rom/count[4]_i_7/O
                         net (fo=8, routed)           0.469     8.258    hdmi_rx_0/edid_rom/hiz11_out
    SLICE_X3Y77          LUT6 (Prop_lut6_I0_O)        0.172     8.430 r  hdmi_rx_0/edid_rom/data[7]_i_1/O
                         net (fo=8, routed)           0.472     8.902    hdmi_rx_0/edid_rom/data[7]_i_1_n_0
    SLICE_X7Y78          FDRE                                         r  hdmi_rx_0/edid_rom/data_reg[0]/CE
  -------------------------------------------------------------------    -------------------

                         (clock clk200M rise edge)    5.000     5.000 r  
    D23                                               0.000     5.000 r  clk100M (IN)
                         net (fo=0)                   0.000     5.000    clk100M
    D23                  IBUF (Prop_ibuf_I_O)         1.607     6.607 r  clk100M_IBUF_inst/O
                         net (fo=1, routed)           1.170     7.777    clk100M_IBUF
    PLLE2_ADV_X0Y1       PLLE2_ADV (Prop_plle2_adv_CLKIN1_CLKOUT0)
                                                      0.083     7.860 r  clk_generator1/CLKOUT0
                         net (fo=1, routed)           1.488     9.348    clk200M
    BUFGCTRL_X0Y1        BUFG (Prop_bufg_I_O)         0.113     9.461 r  BUFG_200M/O
                         net (fo=55, routed)          1.337    10.798    hdmi_rx_0/edid_rom/clk_200M
    SLICE_X7Y78          FDRE                                         r  hdmi_rx_0/edid_rom/data_reg[0]/C
                         clock pessimism              0.399    11.197    
                         clock uncertainty           -0.067    11.130    
    SLICE_X7Y78          FDRE (Setup_fdre_C_CE)      -0.244    10.886    hdmi_rx_0/edid_rom/data_reg[0]
  -------------------------------------------------------------------
                         required time                         10.886    
                         arrival time                          -8.902    
  -------------------------------------------------------------------
                         slack                                  1.984    

Slack (MET) :             1.984ns  (required time - arrival time)
  Source:                 hdmi_rx_0/edid_rom/scl_data_reg[1]/C
                            (rising edge-triggered cell FDRE clocked by clk200M  {rise@0.000ns fall@2.500ns period=5.000ns})
  Destination:            hdmi_rx_0/edid_rom/data_reg[1]/CE
                            (rising edge-triggered cell FDRE clocked by clk200M  {rise@0.000ns fall@2.500ns period=5.000ns})
  Path Group:             clk200M
  Path Type:              Setup (Max at Slow Process Corner)
  Requirement:            5.000ns  (clk200M rise@5.000ns - clk200M rise@0.000ns)
  Data Path Delay:        2.681ns  (logic 0.684ns (25.511%)  route 1.997ns (74.489%))
  Logic Levels:           3  (LUT4=1 LUT5=1 LUT6=1)
  Clock Path Skew:        -0.024ns (DCD - SCD + CPR)
    Destination Clock Delay (DCD):    5.798ns = ( 10.798 - 5.000 ) 
    Source Clock Delay      (SCD):    6.221ns
    Clock Pessimism Removal (CPR):    0.399ns
  Clock Uncertainty:      0.067ns  ((TSJ^2 + DJ^2)^1/2) / 2 + PE
    Total System Jitter     (TSJ):    0.071ns
    Discrete Jitter          (DJ):    0.113ns
    Phase Error              (PE):    0.000ns

    Location             Delay type                Incr(ns)  Path(ns)    Netlist Resource(s)
  -------------------------------------------------------------------    -------------------
                         (clock clk200M rise edge)    0.000     0.000 r  
    D23                                               0.000     0.000 r  clk100M (IN)
                         net (fo=0)                   0.000     0.000    clk100M
    D23                  IBUF (Prop_ibuf_I_O)         1.750     1.750 r  clk100M_IBUF_inst/O
                         net (fo=1, routed)           1.253     3.003    clk100M_IBUF
    PLLE2_ADV_X0Y1       PLLE2_ADV (Prop_plle2_adv_CLKIN1_CLKOUT0)
                                                      0.088     3.091 r  clk_generator1/CLKOUT0
                         net (fo=1, routed)           1.567     4.658    clk200M
    BUFGCTRL_X0Y1        BUFG (Prop_bufg_I_O)         0.120     4.778 r  BUFG_200M/O
                         net (fo=55, routed)          1.443     6.221    hdmi_rx_0/edid_rom/clk_200M
    SLICE_X0Y76          FDRE                                         r  hdmi_rx_0/edid_rom/scl_data_reg[1]/C
  -------------------------------------------------------------------    -------------------
    SLICE_X0Y76          FDRE (Prop_fdre_C_Q)         0.269     6.490 f  hdmi_rx_0/edid_rom/scl_data_reg[1]/Q
                         net (fo=5, routed)           0.683     7.173    hdmi_rx_0/edid_rom/scl_data[1]
    SLICE_X2Y76          LUT4 (Prop_lut4_I0_O)        0.066     7.239 f  hdmi_rx_0/edid_rom/count[4]_i_4/O
                         net (fo=4, routed)           0.373     7.612    hdmi_rx_0/edid_rom/scl_high__1
    SLICE_X2Y76          LUT5 (Prop_lut5_I4_O)        0.177     7.789 f  hdmi_rx_0/edid_rom/count[4]_i_7/O
                         net (fo=8, routed)           0.469     8.258    hdmi_rx_0/edid_rom/hiz11_out
    SLICE_X3Y77          LUT6 (Prop_lut6_I0_O)        0.172     8.430 r  hdmi_rx_0/edid_rom/data[7]_i_1/O
                         net (fo=8, routed)           0.472     8.902    hdmi_rx_0/edid_rom/data[7]_i_1_n_0
    SLICE_X7Y78          FDRE                                         r  hdmi_rx_0/edid_rom/data_reg[1]/CE
  -------------------------------------------------------------------    -------------------

                         (clock clk200M rise edge)    5.000     5.000 r  
    D23                                               0.000     5.000 r  clk100M (IN)
                         net (fo=0)                   0.000     5.000    clk100M
    D23                  IBUF (Prop_ibuf_I_O)         1.607     6.607 r  clk100M_IBUF_inst/O
                         net (fo=1, routed)           1.170     7.777    clk100M_IBUF
    PLLE2_ADV_X0Y1       PLLE2_ADV (Prop_plle2_adv_CLKIN1_CLKOUT0)
                                                      0.083     7.860 r  clk_generator1/CLKOUT0
                         net (fo=1, routed)           1.488     9.348    clk200M
    BUFGCTRL_X0Y1        BUFG (Prop_bufg_I_O)         0.113     9.461 r  BUFG_200M/O
                         net (fo=55, routed)          1.337    10.798    hdmi_rx_0/edid_rom/clk_200M
    SLICE_X7Y78          FDRE                                         r  hdmi_rx_0/edid_rom/data_reg[1]/C
                         clock pessimism              0.399    11.197    
                         clock uncertainty           -0.067    11.130    
    SLICE_X7Y78          FDRE (Setup_fdre_C_CE)      -0.244    10.886    hdmi_rx_0/edid_rom/data_reg[1]
  -------------------------------------------------------------------
                         required time                         10.886    
                         arrival time                          -8.902    
  -------------------------------------------------------------------
                         slack                                  1.984    





Min Delay Paths
--------------------------------------------------------------------------------------
Slack (MET) :             0.129ns  (arrival time - required time)
  Source:                 hdmi_rx_0/edid_rom/edid_state_reg[0]/C
                            (rising edge-triggered cell FDRE clocked by clk200M  {rise@0.000ns fall@2.500ns period=5.000ns})
  Destination:            hdmi_rx_0/edid_rom/edid_state_reg[1]/D
                            (rising edge-triggered cell FDRE clocked by clk200M  {rise@0.000ns fall@2.500ns period=5.000ns})
  Path Group:             clk200M
  Path Type:              Hold (Min at Fast Process Corner)
  Requirement:            0.000ns  (clk200M rise@0.000ns - clk200M rise@0.000ns)
  Data Path Delay:        0.227ns  (logic 0.128ns (56.323%)  route 0.099ns (43.677%))
  Logic Levels:           1  (LUT6=1)
  Clock Path Skew:        0.011ns (DCD - SCD - CPR)
    Destination Clock Delay (DCD):    2.693ns
    Source Clock Delay      (SCD):    2.178ns
    Clock Pessimism Removal (CPR):    0.504ns

    Location             Delay type                Incr(ns)  Path(ns)    Netlist Resource(s)
  -------------------------------------------------------------------    -------------------
                         (clock clk200M rise edge)    0.000     0.000 r  
    D23                                               0.000     0.000 r  clk100M (IN)
                         net (fo=0)                   0.000     0.000    clk100M
    D23                  IBUF (Prop_ibuf_I_O)         0.480     0.480 r  clk100M_IBUF_inst/O
                         net (fo=1, routed)           0.503     0.983    clk100M_IBUF
    PLLE2_ADV_X0Y1       PLLE2_ADV (Prop_plle2_adv_CLKIN1_CLKOUT0)
                                                      0.050     1.033 r  clk_generator1/CLKOUT0
                         net (fo=1, routed)           0.551     1.584    clk200M
    BUFGCTRL_X0Y1        BUFG (Prop_bufg_I_O)         0.026     1.610 r  BUFG_200M/O
                         net (fo=55, routed)          0.568     2.178    hdmi_rx_0/edid_rom/clk_200M
    SLICE_X3Y75          FDRE                                         r  hdmi_rx_0/edid_rom/edid_state_reg[0]/C
  -------------------------------------------------------------------    -------------------
    SLICE_X3Y75          FDRE (Prop_fdre_C_Q)         0.100     2.278 r  hdmi_rx_0/edid_rom/edid_state_reg[0]/Q
                         net (fo=28, routed)          0.099     2.378    hdmi_rx_0/edid_rom/edid_state_reg_n_0_[0]
    SLICE_X2Y75          LUT6 (Prop_lut6_I4_O)        0.028     2.406 r  hdmi_rx_0/edid_rom/edid_state[1]_i_1/O
                         net (fo=1, routed)           0.000     2.406    hdmi_rx_0/edid_rom/edid_state[1]_i_1_n_0
    SLICE_X2Y75          FDRE                                         r  hdmi_rx_0/edid_rom/edid_state_reg[1]/D
  -------------------------------------------------------------------    -------------------

                         (clock clk200M rise edge)    0.000     0.000 r  
    D23                                               0.000     0.000 r  clk100M (IN)
                         net (fo=0)                   0.000     0.000    clk100M
    D23                  IBUF (Prop_ibuf_I_O)         0.677     0.677 r  clk100M_IBUF_inst/O
                         net (fo=1, routed)           0.554     1.231    clk100M_IBUF
    PLLE2_ADV_X0Y1       PLLE2_ADV (Prop_plle2_adv_CLKIN1_CLKOUT0)
                                                      0.053     1.284 r  clk_generator1/CLKOUT0
                         net (fo=1, routed)           0.612     1.896    clk200M
    BUFGCTRL_X0Y1        BUFG (Prop_bufg_I_O)         0.030     1.926 r  BUFG_200M/O
                         net (fo=55, routed)          0.767     2.693    hdmi_rx_0/edid_rom/clk_200M
    SLICE_X2Y75          FDRE                                         r  hdmi_rx_0/edid_rom/edid_state_reg[1]/C
                         clock pessimism             -0.504     2.189    
    SLICE_X2Y75          FDRE (Hold_fdre_C_D)         0.087     2.276    hdmi_rx_0/edid_rom/edid_state_reg[1]
  -------------------------------------------------------------------
                         required time                         -2.276    
                         arrival time                           2.406    
  -------------------------------------------------------------------
                         slack                                  0.129    

Slack (MET) :             0.151ns  (arrival time - required time)
  Source:                 hdmi_rx_0/edid_rom/addr_reg[0]/C
                            (rising edge-triggered cell FDRE clocked by clk200M  {rise@0.000ns fall@2.500ns period=5.000ns})
  Destination:            hdmi_rx_0/edid_rom/addr_reg_rep[2]/D
                            (rising edge-triggered cell FDRE clocked by clk200M  {rise@0.000ns fall@2.500ns period=5.000ns})
  Path Group:             clk200M
  Path Type:              Hold (Min at Fast Process Corner)
  Requirement:            0.000ns  (clk200M rise@0.000ns - clk200M rise@0.000ns)
  Data Path Delay:        0.250ns  (logic 0.128ns (51.240%)  route 0.122ns (48.760%))
  Logic Levels:           1  (LUT5=1)
  Clock Path Skew:        0.012ns (DCD - SCD - CPR)
    Destination Clock Delay (DCD):    2.695ns
    Source Clock Delay      (SCD):    2.179ns
    Clock Pessimism Removal (CPR):    0.504ns

    Location             Delay type                Incr(ns)  Path(ns)    Netlist Resource(s)
  -------------------------------------------------------------------    -------------------
                         (clock clk200M rise edge)    0.000     0.000 r  
    D23                                               0.000     0.000 r  clk100M (IN)
                         net (fo=0)                   0.000     0.000    clk100M
    D23                  IBUF (Prop_ibuf_I_O)         0.480     0.480 r  clk100M_IBUF_inst/O
                         net (fo=1, routed)           0.503     0.983    clk100M_IBUF
    PLLE2_ADV_X0Y1       PLLE2_ADV (Prop_plle2_adv_CLKIN1_CLKOUT0)
                                                      0.050     1.033 r  clk_generator1/CLKOUT0
                         net (fo=1, routed)           0.551     1.584    clk200M
    BUFGCTRL_X0Y1        BUFG (Prop_bufg_I_O)         0.026     1.610 r  BUFG_200M/O
                         net (fo=55, routed)          0.569     2.179    hdmi_rx_0/edid_rom/clk_200M
    SLICE_X5Y77          FDRE                                         r  hdmi_rx_0/edid_rom/addr_reg[0]/C
  -------------------------------------------------------------------    -------------------
    SLICE_X5Y77          FDRE (Prop_fdre_C_Q)         0.100     2.279 r  hdmi_rx_0/edid_rom/addr_reg[0]/Q
                         net (fo=6, routed)           0.122     2.401    hdmi_rx_0/edid_rom/addr[0]
    SLICE_X6Y77          LUT5 (Prop_lut5_I2_O)        0.028     2.429 r  hdmi_rx_0/edid_rom/addr[2]_i_1/O
                         net (fo=2, routed)           0.000     2.429    hdmi_rx_0/edid_rom/addr[2]_i_1_n_0
    SLICE_X6Y77          FDRE                                         r  hdmi_rx_0/edid_rom/addr_reg_rep[2]/D
  -------------------------------------------------------------------    -------------------

                         (clock clk200M rise edge)    0.000     0.000 r  
    D23                                               0.000     0.000 r  clk100M (IN)
                         net (fo=0)                   0.000     0.000    clk100M
    D23                  IBUF (Prop_ibuf_I_O)         0.677     0.677 r  clk100M_IBUF_inst/O
                         net (fo=1, routed)           0.554     1.231    clk100M_IBUF
    PLLE2_ADV_X0Y1       PLLE2_ADV (Prop_plle2_adv_CLKIN1_CLKOUT0)
                                                      0.053     1.284 r  clk_generator1/CLKOUT0
                         net (fo=1, routed)           0.612     1.896    clk200M
    BUFGCTRL_X0Y1        BUFG (Prop_bufg_I_O)         0.030     1.926 r  BUFG_200M/O
                         net (fo=55, routed)          0.769     2.695    hdmi_rx_0/edid_rom/clk_200M
    SLICE_X6Y77          FDRE                                         r  hdmi_rx_0/edid_rom/addr_reg_rep[2]/C
                         clock pessimism             -0.504     2.191    
    SLICE_X6Y77          FDRE (Hold_fdre_C_D)         0.087     2.278    hdmi_rx_0/edid_rom/addr_reg_rep[2]
  -------------------------------------------------------------------
                         required time                         -2.278    
                         arrival time                           2.429    
  -------------------------------------------------------------------
                         slack                                  0.151    

Slack (MET) :             0.152ns  (arrival time - required time)
  Source:                 hdmi_rx_0/edid_rom/dout_reg[0]/C
                            (rising edge-triggered cell FDRE clocked by clk200M  {rise@0.000ns fall@2.500ns period=5.000ns})
  Destination:            hdmi_rx_0/edid_rom/data_reg[0]/D
                            (rising edge-triggered cell FDRE clocked by clk200M  {rise@0.000ns fall@2.500ns period=5.000ns})
  Path Group:             clk200M
  Path Type:              Hold (Min at Fast Process Corner)
  Requirement:            0.000ns  (clk200M rise@0.000ns - clk200M rise@0.000ns)
  Data Path Delay:        0.223ns  (logic 0.146ns (65.388%)  route 0.077ns (34.612%))
  Logic Levels:           1  (LUT3=1)
  Clock Path Skew:        0.011ns (DCD - SCD - CPR)
    Destination Clock Delay (DCD):    2.696ns
    Source Clock Delay      (SCD):    2.180ns
    Clock Pessimism Removal (CPR):    0.505ns

    Location             Delay type                Incr(ns)  Path(ns)    Netlist Resource(s)
  -------------------------------------------------------------------    -------------------
                         (clock clk200M rise edge)    0.000     0.000 r  
    D23                                               0.000     0.000 r  clk100M (IN)
                         net (fo=0)                   0.000     0.000    clk100M
    D23                  IBUF (Prop_ibuf_I_O)         0.480     0.480 r  clk100M_IBUF_inst/O
                         net (fo=1, routed)           0.503     0.983    clk100M_IBUF
    PLLE2_ADV_X0Y1       PLLE2_ADV (Prop_plle2_adv_CLKIN1_CLKOUT0)
                                                      0.050     1.033 r  clk_generator1/CLKOUT0
                         net (fo=1, routed)           0.551     1.584    clk200M
    BUFGCTRL_X0Y1        BUFG (Prop_bufg_I_O)         0.026     1.610 r  BUFG_200M/O
                         net (fo=55, routed)          0.570     2.180    hdmi_rx_0/edid_rom/clk_200M
    SLICE_X6Y78          FDRE                                         r  hdmi_rx_0/edid_rom/dout_reg[0]/C
  -------------------------------------------------------------------    -------------------
    SLICE_X6Y78          FDRE (Prop_fdre_C_Q)         0.118     2.298 r  hdmi_rx_0/edid_rom/dout_reg[0]/Q
                         net (fo=1, routed)           0.077     2.376    hdmi_rx_0/edid_rom/dout[0]
    SLICE_X7Y78          LUT3 (Prop_lut3_I0_O)        0.028     2.404 r  hdmi_rx_0/edid_rom/data[0]_i_1/O
                         net (fo=1, routed)           0.000     2.404    hdmi_rx_0/edid_rom/data[0]_i_1_n_0
    SLICE_X7Y78          FDRE                                         r  hdmi_rx_0/edid_rom/data_reg[0]/D
  -------------------------------------------------------------------    -------------------

                         (clock clk200M rise edge)    0.000     0.000 r  
    D23                                               0.000     0.000 r  clk100M (IN)
                         net (fo=0)                   0.000     0.000    clk100M
    D23                  IBUF (Prop_ibuf_I_O)         0.677     0.677 r  clk100M_IBUF_inst/O
                         net (fo=1, routed)           0.554     1.231    clk100M_IBUF
    PLLE2_ADV_X0Y1       PLLE2_ADV (Prop_plle2_adv_CLKIN1_CLKOUT0)
                                                      0.053     1.284 r  clk_generator1/CLKOUT0
                         net (fo=1, routed)           0.612     1.896    clk200M
    BUFGCTRL_X0Y1        BUFG (Prop_bufg_I_O)         0.030     1.926 r  BUFG_200M/O
                         net (fo=55, routed)          0.770     2.696    hdmi_rx_0/edid_rom/clk_200M
    SLICE_X7Y78          FDRE                                         r  hdmi_rx_0/edid_rom/data_reg[0]/C
                         clock pessimism             -0.505     2.191    
    SLICE_X7Y78          FDRE (Hold_fdre_C_D)         0.060     2.251    hdmi_rx_0/edid_rom/data_reg[0]
  -------------------------------------------------------------------
                         required time                         -2.251    
                         arrival time                           2.404    
  -------------------------------------------------------------------
                         slack                                  0.152    

Slack (MET) :             0.169ns  (arrival time - required time)
  Source:                 hdmi_rx_0/edid_rom/rdata_reg[3]/C
                            (rising edge-triggered cell FDRE clocked by clk200M  {rise@0.000ns fall@2.500ns period=5.000ns})
  Destination:            hdmi_rx_0/edid_rom/rdata_reg[4]/D
                            (rising edge-triggered cell FDRE clocked by clk200M  {rise@0.000ns fall@2.500ns period=5.000ns})
  Path Group:             clk200M
  Path Type:              Hold (Min at Fast Process Corner)
  Requirement:            0.000ns  (clk200M rise@0.000ns - clk200M rise@0.000ns)
  Data Path Delay:        0.216ns  (logic 0.100ns (46.255%)  route 0.116ns (53.745%))
  Logic Levels:           0  
  Clock Path Skew:        0.000ns (DCD - SCD - CPR)
    Destination Clock Delay (DCD):    2.695ns
    Source Clock Delay      (SCD):    2.179ns
    Clock Pessimism Removal (CPR):    0.516ns

    Location             Delay type                Incr(ns)  Path(ns)    Netlist Resource(s)
  -------------------------------------------------------------------    -------------------
                         (clock clk200M rise edge)    0.000     0.000 r  
    D23                                               0.000     0.000 r  clk100M (IN)
                         net (fo=0)                   0.000     0.000    clk100M
    D23                  IBUF (Prop_ibuf_I_O)         0.480     0.480 r  clk100M_IBUF_inst/O
                         net (fo=1, routed)           0.503     0.983    clk100M_IBUF
    PLLE2_ADV_X0Y1       PLLE2_ADV (Prop_plle2_adv_CLKIN1_CLKOUT0)
                                                      0.050     1.033 r  clk_generator1/CLKOUT0
                         net (fo=1, routed)           0.551     1.584    clk200M
    BUFGCTRL_X0Y1        BUFG (Prop_bufg_I_O)         0.026     1.610 r  BUFG_200M/O
                         net (fo=55, routed)          0.569     2.179    hdmi_rx_0/edid_rom/clk_200M
    SLICE_X4Y77          FDRE                                         r  hdmi_rx_0/edid_rom/rdata_reg[3]/C
  -------------------------------------------------------------------    -------------------
    SLICE_X4Y77          FDRE (Prop_fdre_C_Q)         0.100     2.279 r  hdmi_rx_0/edid_rom/rdata_reg[3]/Q
                         net (fo=2, routed)           0.116     2.396    hdmi_rx_0/edid_rom/rdata_reg_n_0_[3]
    SLICE_X4Y77          FDRE                                         r  hdmi_rx_0/edid_rom/rdata_reg[4]/D
  -------------------------------------------------------------------    -------------------

                         (clock clk200M rise edge)    0.000     0.000 r  
    D23                                               0.000     0.000 r  clk100M (IN)
                         net (fo=0)                   0.000     0.000    clk100M
    D23                  IBUF (Prop_ibuf_I_O)         0.677     0.677 r  clk100M_IBUF_inst/O
                         net (fo=1, routed)           0.554     1.231    clk100M_IBUF
    PLLE2_ADV_X0Y1       PLLE2_ADV (Prop_plle2_adv_CLKIN1_CLKOUT0)
                                                      0.053     1.284 r  clk_generator1/CLKOUT0
                         net (fo=1, routed)           0.612     1.896    clk200M
    BUFGCTRL_X0Y1        BUFG (Prop_bufg_I_O)         0.030     1.926 r  BUFG_200M/O
                         net (fo=55, routed)          0.769     2.695    hdmi_rx_0/edid_rom/clk_200M
    SLICE_X4Y77          FDRE                                         r  hdmi_rx_0/edid_rom/rdata_reg[4]/C
                         clock pessimism             -0.516     2.179    
    SLICE_X4Y77          FDRE (Hold_fdre_C_D)         0.047     2.226    hdmi_rx_0/edid_rom/rdata_reg[4]
  -------------------------------------------------------------------
                         required time                         -2.226    
                         arrival time                           2.396    
  -------------------------------------------------------------------
                         slack                                  0.169    

Slack (MET) :             0.170ns  (arrival time - required time)
  Source:                 hdmi_rx_0/edid_rom/dout_reg[5]/C
                            (rising edge-triggered cell FDRE clocked by clk200M  {rise@0.000ns fall@2.500ns period=5.000ns})
  Destination:            hdmi_rx_0/edid_rom/data_reg[5]/D
                            (rising edge-triggered cell FDRE clocked by clk200M  {rise@0.000ns fall@2.500ns period=5.000ns})
  Path Group:             clk200M
  Path Type:              Hold (Min at Fast Process Corner)
  Requirement:            0.000ns  (clk200M rise@0.000ns - clk200M rise@0.000ns)
  Data Path Delay:        0.262ns  (logic 0.128ns (48.922%)  route 0.134ns (51.078%))
  Logic Levels:           1  (LUT4=1)
  Clock Path Skew:        0.032ns (DCD - SCD - CPR)
    Destination Clock Delay (DCD):    2.697ns
    Source Clock Delay      (SCD):    2.181ns
    Clock Pessimism Removal (CPR):    0.484ns

    Location             Delay type                Incr(ns)  Path(ns)    Netlist Resource(s)
  -------------------------------------------------------------------    -------------------
                         (clock clk200M rise edge)    0.000     0.000 r  
    D23                                               0.000     0.000 r  clk100M (IN)
                         net (fo=0)                   0.000     0.000    clk100M
    D23                  IBUF (Prop_ibuf_I_O)         0.480     0.480 r  clk100M_IBUF_inst/O
                         net (fo=1, routed)           0.503     0.983    clk100M_IBUF
    PLLE2_ADV_X0Y1       PLLE2_ADV (Prop_plle2_adv_CLKIN1_CLKOUT0)
                                                      0.050     1.033 r  clk_generator1/CLKOUT0
                         net (fo=1, routed)           0.551     1.584    clk200M
    BUFGCTRL_X0Y1        BUFG (Prop_bufg_I_O)         0.026     1.610 r  BUFG_200M/O
                         net (fo=55, routed)          0.571     2.181    hdmi_rx_0/edid_rom/clk_200M
    SLICE_X4Y79          FDRE                                         r  hdmi_rx_0/edid_rom/dout_reg[5]/C
  -------------------------------------------------------------------    -------------------
    SLICE_X4Y79          FDRE (Prop_fdre_C_Q)         0.100     2.281 r  hdmi_rx_0/edid_rom/dout_reg[5]/Q
                         net (fo=1, routed)           0.134     2.415    hdmi_rx_0/edid_rom/dout[5]
    SLICE_X3Y78          LUT4 (Prop_lut4_I1_O)        0.028     2.443 r  hdmi_rx_0/edid_rom/data[5]_i_1/O
                         net (fo=1, routed)           0.000     2.443    hdmi_rx_0/edid_rom/data[5]_i_1_n_0
    SLICE_X3Y78          FDRE                                         r  hdmi_rx_0/edid_rom/data_reg[5]/D
  -------------------------------------------------------------------    -------------------

                         (clock clk200M rise edge)    0.000     0.000 r  
    D23                                               0.000     0.000 r  clk100M (IN)
                         net (fo=0)                   0.000     0.000    clk100M
    D23                  IBUF (Prop_ibuf_I_O)         0.677     0.677 r  clk100M_IBUF_inst/O
                         net (fo=1, routed)           0.554     1.231    clk100M_IBUF
    PLLE2_ADV_X0Y1       PLLE2_ADV (Prop_plle2_adv_CLKIN1_CLKOUT0)
                                                      0.053     1.284 r  clk_generator1/CLKOUT0
                         net (fo=1, routed)           0.612     1.896    clk200M
    BUFGCTRL_X0Y1        BUFG (Prop_bufg_I_O)         0.030     1.926 r  BUFG_200M/O
                         net (fo=55, routed)          0.771     2.697    hdmi_rx_0/edid_rom/clk_200M
    SLICE_X3Y78          FDRE                                         r  hdmi_rx_0/edid_rom/data_reg[5]/C
                         clock pessimism             -0.484     2.213    
    SLICE_X3Y78          FDRE (Hold_fdre_C_D)         0.060     2.273    hdmi_rx_0/edid_rom/data_reg[5]
  -------------------------------------------------------------------
                         required time                         -2.273    
                         arrival time                           2.443    
  -------------------------------------------------------------------
                         slack                                  0.170    

Slack (MET) :             0.179ns  (arrival time - required time)
  Source:                 hdmi_rx_0/edid_rom/addr_reg[1]/C
                            (rising edge-triggered cell FDRE clocked by clk200M  {rise@0.000ns fall@2.500ns period=5.000ns})
  Destination:            hdmi_rx_0/edid_rom/addr_reg[3]/D
                            (rising edge-triggered cell FDRE clocked by clk200M  {rise@0.000ns fall@2.500ns period=5.000ns})
  Path Group:             clk200M
  Path Type:              Hold (Min at Fast Process Corner)
  Requirement:            0.000ns  (clk200M rise@0.000ns - clk200M rise@0.000ns)
  Data Path Delay:        0.278ns  (logic 0.128ns (46.076%)  route 0.150ns (53.924%))
  Logic Levels:           1  (LUT6=1)
  Clock Path Skew:        0.012ns (DCD - SCD - CPR)
    Destination Clock Delay (DCD):    2.695ns
    Source Clock Delay      (SCD):    2.179ns
    Clock Pessimism Removal (CPR):    0.504ns

    Location             Delay type                Incr(ns)  Path(ns)    Netlist Resource(s)
  -------------------------------------------------------------------    -------------------
                         (clock clk200M rise edge)    0.000     0.000 r  
    D23                                               0.000     0.000 r  clk100M (IN)
                         net (fo=0)                   0.000     0.000    clk100M
    D23                  IBUF (Prop_ibuf_I_O)         0.480     0.480 r  clk100M_IBUF_inst/O
                         net (fo=1, routed)           0.503     0.983    clk100M_IBUF
    PLLE2_ADV_X0Y1       PLLE2_ADV (Prop_plle2_adv_CLKIN1_CLKOUT0)
                                                      0.050     1.033 r  clk_generator1/CLKOUT0
                         net (fo=1, routed)           0.551     1.584    clk200M
    BUFGCTRL_X0Y1        BUFG (Prop_bufg_I_O)         0.026     1.610 r  BUFG_200M/O
                         net (fo=55, routed)          0.569     2.179    hdmi_rx_0/edid_rom/clk_200M
    SLICE_X5Y77          FDRE                                         r  hdmi_rx_0/edid_rom/addr_reg[1]/C
  -------------------------------------------------------------------    -------------------
    SLICE_X5Y77          FDRE (Prop_fdre_C_Q)         0.100     2.279 r  hdmi_rx_0/edid_rom/addr_reg[1]/Q
                         net (fo=5, routed)           0.150     2.429    hdmi_rx_0/edid_rom/addr[1]
    SLICE_X6Y77          LUT6 (Prop_lut6_I2_O)        0.028     2.457 r  hdmi_rx_0/edid_rom/addr[3]_i_1/O
                         net (fo=2, routed)           0.000     2.457    hdmi_rx_0/edid_rom/addr[3]_i_1_n_0
    SLICE_X6Y77          FDRE                                         r  hdmi_rx_0/edid_rom/addr_reg[3]/D
  -------------------------------------------------------------------    -------------------

                         (clock clk200M rise edge)    0.000     0.000 r  
    D23                                               0.000     0.000 r  clk100M (IN)
                         net (fo=0)                   0.000     0.000    clk100M
    D23                  IBUF (Prop_ibuf_I_O)         0.677     0.677 r  clk100M_IBUF_inst/O
                         net (fo=1, routed)           0.554     1.231    clk100M_IBUF
    PLLE2_ADV_X0Y1       PLLE2_ADV (Prop_plle2_adv_CLKIN1_CLKOUT0)
                                                      0.053     1.284 r  clk_generator1/CLKOUT0
                         net (fo=1, routed)           0.612     1.896    clk200M
    BUFGCTRL_X0Y1        BUFG (Prop_bufg_I_O)         0.030     1.926 r  BUFG_200M/O
                         net (fo=55, routed)          0.769     2.695    hdmi_rx_0/edid_rom/clk_200M
    SLICE_X6Y77          FDRE                                         r  hdmi_rx_0/edid_rom/addr_reg[3]/C
                         clock pessimism             -0.504     2.191    
    SLICE_X6Y77          FDRE (Hold_fdre_C_D)         0.087     2.278    hdmi_rx_0/edid_rom/addr_reg[3]
  -------------------------------------------------------------------
                         required time                         -2.278    
                         arrival time                           2.457    
  -------------------------------------------------------------------
                         slack                                  0.179    

Slack (MET) :             0.190ns  (arrival time - required time)
  Source:                 hdmi_rx_0/edid_rom/data_reg[0]/C
                            (rising edge-triggered cell FDRE clocked by clk200M  {rise@0.000ns fall@2.500ns period=5.000ns})
  Destination:            hdmi_rx_0/edid_rom/data_reg[1]/D
                            (rising edge-triggered cell FDRE clocked by clk200M  {rise@0.000ns fall@2.500ns period=5.000ns})
  Path Group:             clk200M
  Path Type:              Hold (Min at Fast Process Corner)
  Requirement:            0.000ns  (clk200M rise@0.000ns - clk200M rise@0.000ns)
  Data Path Delay:        0.251ns  (logic 0.128ns (51.029%)  route 0.123ns (48.971%))
  Logic Levels:           1  (LUT4=1)
  Clock Path Skew:        0.000ns (DCD - SCD - CPR)
    Destination Clock Delay (DCD):    2.696ns
    Source Clock Delay      (SCD):    2.180ns
    Clock Pessimism Removal (CPR):    0.516ns

    Location             Delay type                Incr(ns)  Path(ns)    Netlist Resource(s)
  -------------------------------------------------------------------    -------------------
                         (clock clk200M rise edge)    0.000     0.000 r  
    D23                                               0.000     0.000 r  clk100M (IN)
                         net (fo=0)                   0.000     0.000    clk100M
    D23                  IBUF (Prop_ibuf_I_O)         0.480     0.480 r  clk100M_IBUF_inst/O
                         net (fo=1, routed)           0.503     0.983    clk100M_IBUF
    PLLE2_ADV_X0Y1       PLLE2_ADV (Prop_plle2_adv_CLKIN1_CLKOUT0)
                                                      0.050     1.033 r  clk_generator1/CLKOUT0
                         net (fo=1, routed)           0.551     1.584    clk200M
    BUFGCTRL_X0Y1        BUFG (Prop_bufg_I_O)         0.026     1.610 r  BUFG_200M/O
                         net (fo=55, routed)          0.570     2.180    hdmi_rx_0/edid_rom/clk_200M
    SLICE_X7Y78          FDRE                                         r  hdmi_rx_0/edid_rom/data_reg[0]/C
  -------------------------------------------------------------------    -------------------
    SLICE_X7Y78          FDRE (Prop_fdre_C_Q)         0.100     2.280 r  hdmi_rx_0/edid_rom/data_reg[0]/Q
                         net (fo=1, routed)           0.123     2.403    hdmi_rx_0/edid_rom/data_reg_n_0_[0]
    SLICE_X7Y78          LUT4 (Prop_lut4_I3_O)        0.028     2.431 r  hdmi_rx_0/edid_rom/data[1]_i_1/O
                         net (fo=1, routed)           0.000     2.431    hdmi_rx_0/edid_rom/data[1]_i_1_n_0
    SLICE_X7Y78          FDRE                                         r  hdmi_rx_0/edid_rom/data_reg[1]/D
  -------------------------------------------------------------------    -------------------

                         (clock clk200M rise edge)    0.000     0.000 r  
    D23                                               0.000     0.000 r  clk100M (IN)
                         net (fo=0)                   0.000     0.000    clk100M
    D23                  IBUF (Prop_ibuf_I_O)         0.677     0.677 r  clk100M_IBUF_inst/O
                         net (fo=1, routed)           0.554     1.231    clk100M_IBUF
    PLLE2_ADV_X0Y1       PLLE2_ADV (Prop_plle2_adv_CLKIN1_CLKOUT0)
                                                      0.053     1.284 r  clk_generator1/CLKOUT0
                         net (fo=1, routed)           0.612     1.896    clk200M
    BUFGCTRL_X0Y1        BUFG (Prop_bufg_I_O)         0.030     1.926 r  BUFG_200M/O
                         net (fo=55, routed)          0.770     2.696    hdmi_rx_0/edid_rom/clk_200M
    SLICE_X7Y78          FDRE                                         r  hdmi_rx_0/edid_rom/data_reg[1]/C
                         clock pessimism             -0.516     2.180    
    SLICE_X7Y78          FDRE (Hold_fdre_C_D)         0.061     2.241    hdmi_rx_0/edid_rom/data_reg[1]
  -------------------------------------------------------------------
                         required time                         -2.241    
                         arrival time                           2.431    
  -------------------------------------------------------------------
                         slack                                  0.190    

Slack (MET) :             0.198ns  (arrival time - required time)
  Source:                 hdmi_rx_0/edid_rom/data_reg[6]/C
                            (rising edge-triggered cell FDRE clocked by clk200M  {rise@0.000ns fall@2.500ns period=5.000ns})
  Destination:            hdmi_rx_0/edid_rom/data_reg[7]/D
                            (rising edge-triggered cell FDRE clocked by clk200M  {rise@0.000ns fall@2.500ns period=5.000ns})
  Path Group:             clk200M
  Path Type:              Hold (Min at Fast Process Corner)
  Requirement:            0.000ns  (clk200M rise@0.000ns - clk200M rise@0.000ns)
  Data Path Delay:        0.259ns  (logic 0.128ns (49.434%)  route 0.131ns (50.566%))
  Logic Levels:           1  (LUT4=1)
  Clock Path Skew:        0.000ns (DCD - SCD - CPR)
    Destination Clock Delay (DCD):    2.697ns
    Source Clock Delay      (SCD):    2.181ns
    Clock Pessimism Removal (CPR):    0.516ns

    Location             Delay type                Incr(ns)  Path(ns)    Netlist Resource(s)
  -------------------------------------------------------------------    -------------------
                         (clock clk200M rise edge)    0.000     0.000 r  
    D23                                               0.000     0.000 r  clk100M (IN)
                         net (fo=0)                   0.000     0.000    clk100M
    D23                  IBUF (Prop_ibuf_I_O)         0.480     0.480 r  clk100M_IBUF_inst/O
                         net (fo=1, routed)           0.503     0.983    clk100M_IBUF
    PLLE2_ADV_X0Y1       PLLE2_ADV (Prop_plle2_adv_CLKIN1_CLKOUT0)
                                                      0.050     1.033 r  clk_generator1/CLKOUT0
                         net (fo=1, routed)           0.551     1.584    clk200M
    BUFGCTRL_X0Y1        BUFG (Prop_bufg_I_O)         0.026     1.610 r  BUFG_200M/O
                         net (fo=55, routed)          0.571     2.181    hdmi_rx_0/edid_rom/clk_200M
    SLICE_X3Y78          FDRE                                         r  hdmi_rx_0/edid_rom/data_reg[6]/C
  -------------------------------------------------------------------    -------------------
    SLICE_X3Y78          FDRE (Prop_fdre_C_Q)         0.100     2.281 r  hdmi_rx_0/edid_rom/data_reg[6]/Q
                         net (fo=1, routed)           0.131     2.412    hdmi_rx_0/edid_rom/data_reg_n_0_[6]
    SLICE_X3Y78          LUT4 (Prop_lut4_I3_O)        0.028     2.440 r  hdmi_rx_0/edid_rom/data[7]_i_2/O
                         net (fo=1, routed)           0.000     2.440    hdmi_rx_0/edid_rom/data[7]_i_2_n_0
    SLICE_X3Y78          FDRE                                         r  hdmi_rx_0/edid_rom/data_reg[7]/D
  -------------------------------------------------------------------    -------------------

                         (clock clk200M rise edge)    0.000     0.000 r  
    D23                                               0.000     0.000 r  clk100M (IN)
                         net (fo=0)                   0.000     0.000    clk100M
    D23                  IBUF (Prop_ibuf_I_O)         0.677     0.677 r  clk100M_IBUF_inst/O
                         net (fo=1, routed)           0.554     1.231    clk100M_IBUF
    PLLE2_ADV_X0Y1       PLLE2_ADV (Prop_plle2_adv_CLKIN1_CLKOUT0)
                                                      0.053     1.284 r  clk_generator1/CLKOUT0
                         net (fo=1, routed)           0.612     1.896    clk200M
    BUFGCTRL_X0Y1        BUFG (Prop_bufg_I_O)         0.030     1.926 r  BUFG_200M/O
                         net (fo=55, routed)          0.771     2.697    hdmi_rx_0/edid_rom/clk_200M
    SLICE_X3Y78          FDRE                                         r  hdmi_rx_0/edid_rom/data_reg[7]/C
                         clock pessimism             -0.516     2.181    
    SLICE_X3Y78          FDRE (Hold_fdre_C_D)         0.061     2.242    hdmi_rx_0/edid_rom/data_reg[7]
  -------------------------------------------------------------------
                         required time                         -2.242    
                         arrival time                           2.440    
  -------------------------------------------------------------------
                         slack                                  0.198    

Slack (MET) :             0.202ns  (arrival time - required time)
  Source:                 hdmi_rx_0/edid_rom/addr_reg[0]/C
                            (rising edge-triggered cell FDRE clocked by clk200M  {rise@0.000ns fall@2.500ns period=5.000ns})
  Destination:            hdmi_rx_0/edid_rom/addr_reg[0]/D
                            (rising edge-triggered cell FDRE clocked by clk200M  {rise@0.000ns fall@2.500ns period=5.000ns})
  Path Group:             clk200M
  Path Type:              Hold (Min at Fast Process Corner)
  Requirement:            0.000ns  (clk200M rise@0.000ns - clk200M rise@0.000ns)
  Data Path Delay:        0.270ns  (logic 0.129ns (47.817%)  route 0.141ns (52.183%))
  Logic Levels:           1  (LUT3=1)
  Clock Path Skew:        0.000ns (DCD - SCD - CPR)
    Destination Clock Delay (DCD):    2.695ns
    Source Clock Delay      (SCD):    2.179ns
    Clock Pessimism Removal (CPR):    0.516ns

    Location             Delay type                Incr(ns)  Path(ns)    Netlist Resource(s)
  -------------------------------------------------------------------    -------------------
                         (clock clk200M rise edge)    0.000     0.000 r  
    D23                                               0.000     0.000 r  clk100M (IN)
                         net (fo=0)                   0.000     0.000    clk100M
    D23                  IBUF (Prop_ibuf_I_O)         0.480     0.480 r  clk100M_IBUF_inst/O
                         net (fo=1, routed)           0.503     0.983    clk100M_IBUF
    PLLE2_ADV_X0Y1       PLLE2_ADV (Prop_plle2_adv_CLKIN1_CLKOUT0)
                                                      0.050     1.033 r  clk_generator1/CLKOUT0
                         net (fo=1, routed)           0.551     1.584    clk200M
    BUFGCTRL_X0Y1        BUFG (Prop_bufg_I_O)         0.026     1.610 r  BUFG_200M/O
                         net (fo=55, routed)          0.569     2.179    hdmi_rx_0/edid_rom/clk_200M
    SLICE_X5Y77          FDRE                                         r  hdmi_rx_0/edid_rom/addr_reg[0]/C
  -------------------------------------------------------------------    -------------------
    SLICE_X5Y77          FDRE (Prop_fdre_C_Q)         0.100     2.279 f  hdmi_rx_0/edid_rom/addr_reg[0]/Q
                         net (fo=6, routed)           0.141     2.420    hdmi_rx_0/edid_rom/addr[0]
    SLICE_X5Y77          LUT3 (Prop_lut3_I2_O)        0.029     2.449 r  hdmi_rx_0/edid_rom/addr[0]_i_1/O
                         net (fo=2, routed)           0.000     2.449    hdmi_rx_0/edid_rom/addr[0]_i_1_n_0
    SLICE_X5Y77          FDRE                                         r  hdmi_rx_0/edid_rom/addr_reg[0]/D
  -------------------------------------------------------------------    -------------------

                         (clock clk200M rise edge)    0.000     0.000 r  
    D23                                               0.000     0.000 r  clk100M (IN)
                         net (fo=0)                   0.000     0.000    clk100M
    D23                  IBUF (Prop_ibuf_I_O)         0.677     0.677 r  clk100M_IBUF_inst/O
                         net (fo=1, routed)           0.554     1.231    clk100M_IBUF
    PLLE2_ADV_X0Y1       PLLE2_ADV (Prop_plle2_adv_CLKIN1_CLKOUT0)
                                                      0.053     1.284 r  clk_generator1/CLKOUT0
                         net (fo=1, routed)           0.612     1.896    clk200M
    BUFGCTRL_X0Y1        BUFG (Prop_bufg_I_O)         0.030     1.926 r  BUFG_200M/O
                         net (fo=55, routed)          0.769     2.695    hdmi_rx_0/edid_rom/clk_200M
    SLICE_X5Y77          FDRE                                         r  hdmi_rx_0/edid_rom/addr_reg[0]/C
                         clock pessimism             -0.516     2.179    
    SLICE_X5Y77          FDRE (Hold_fdre_C_D)         0.068     2.247    hdmi_rx_0/edid_rom/addr_reg[0]
  -------------------------------------------------------------------
                         required time                         -2.247    
                         arrival time                           2.449    
  -------------------------------------------------------------------
                         slack                                  0.202    

Slack (MET) :             0.202ns  (arrival time - required time)
  Source:                 hdmi_rx_0/edid_rom/dout_reg[4]/C
                            (rising edge-triggered cell FDRE clocked by clk200M  {rise@0.000ns fall@2.500ns period=5.000ns})
  Destination:            hdmi_rx_0/edid_rom/data_reg[4]/D
                            (rising edge-triggered cell FDRE clocked by clk200M  {rise@0.000ns fall@2.500ns period=5.000ns})
  Path Group:             clk200M
  Path Type:              Hold (Min at Fast Process Corner)
  Requirement:            0.000ns  (clk200M rise@0.000ns - clk200M rise@0.000ns)
  Data Path Delay:        0.295ns  (logic 0.128ns (43.375%)  route 0.167ns (56.625%))
  Logic Levels:           1  (LUT4=1)
  Clock Path Skew:        0.033ns (DCD - SCD - CPR)
    Destination Clock Delay (DCD):    2.697ns
    Source Clock Delay      (SCD):    2.180ns
    Clock Pessimism Removal (CPR):    0.484ns

    Location             Delay type                Incr(ns)  Path(ns)    Netlist Resource(s)
  -------------------------------------------------------------------    -------------------
                         (clock clk200M rise edge)    0.000     0.000 r  
    D23                                               0.000     0.000 r  clk100M (IN)
                         net (fo=0)                   0.000     0.000    clk100M
    D23                  IBUF (Prop_ibuf_I_O)         0.480     0.480 r  clk100M_IBUF_inst/O
                         net (fo=1, routed)           0.503     0.983    clk100M_IBUF
    PLLE2_ADV_X0Y1       PLLE2_ADV (Prop_plle2_adv_CLKIN1_CLKOUT0)
                                                      0.050     1.033 r  clk_generator1/CLKOUT0
                         net (fo=1, routed)           0.551     1.584    clk200M
    BUFGCTRL_X0Y1        BUFG (Prop_bufg_I_O)         0.026     1.610 r  BUFG_200M/O
                         net (fo=55, routed)          0.570     2.180    hdmi_rx_0/edid_rom/clk_200M
    SLICE_X5Y78          FDRE                                         r  hdmi_rx_0/edid_rom/dout_reg[4]/C
  -------------------------------------------------------------------    -------------------
    SLICE_X5Y78          FDRE (Prop_fdre_C_Q)         0.100     2.280 r  hdmi_rx_0/edid_rom/dout_reg[4]/Q
                         net (fo=1, routed)           0.167     2.447    hdmi_rx_0/edid_rom/dout[4]
    SLICE_X3Y78          LUT4 (Prop_lut4_I1_O)        0.028     2.475 r  hdmi_rx_0/edid_rom/data[4]_i_1/O
                         net (fo=1, routed)           0.000     2.475    hdmi_rx_0/edid_rom/data[4]_i_1_n_0
    SLICE_X3Y78          FDRE                                         r  hdmi_rx_0/edid_rom/data_reg[4]/D
  -------------------------------------------------------------------    -------------------

                         (clock clk200M rise edge)    0.000     0.000 r  
    D23                                               0.000     0.000 r  clk100M (IN)
                         net (fo=0)                   0.000     0.000    clk100M
    D23                  IBUF (Prop_ibuf_I_O)         0.677     0.677 r  clk100M_IBUF_inst/O
                         net (fo=1, routed)           0.554     1.231    clk100M_IBUF
    PLLE2_ADV_X0Y1       PLLE2_ADV (Prop_plle2_adv_CLKIN1_CLKOUT0)
                                                      0.053     1.284 r  clk_generator1/CLKOUT0
                         net (fo=1, routed)           0.612     1.896    clk200M
    BUFGCTRL_X0Y1        BUFG (Prop_bufg_I_O)         0.030     1.926 r  BUFG_200M/O
                         net (fo=55, routed)          0.771     2.697    hdmi_rx_0/edid_rom/clk_200M
    SLICE_X3Y78          FDRE                                         r  hdmi_rx_0/edid_rom/data_reg[4]/C
                         clock pessimism             -0.484     2.213    
    SLICE_X3Y78          FDRE (Hold_fdre_C_D)         0.060     2.273    hdmi_rx_0/edid_rom/data_reg[4]
  -------------------------------------------------------------------
                         required time                         -2.273    
                         arrival time                           2.475    
  -------------------------------------------------------------------
                         slack                                  0.202    





Pulse Width Checks
--------------------------------------------------------------------------------------
Clock Name:         clk200M
Waveform(ns):       { 0.000 2.500 }
Period(ns):         5.000
Sources:            { clk_generator1/CLKOUT0 }

Check Type        Corner  Lib Pin            Reference Pin  Required(ns)  Actual(ns)  Slack(ns)  Location         Pin
Min Period        n/a     IDELAYCTRL/REFCLK  n/a            3.225         5.000       1.775      IDELAYCTRL_X0Y1  hdmi_rx_0/tmds_receiver/idelay_ctrl/REFCLK
Min Period        n/a     BUFG/I             n/a            1.600         5.000       3.400      BUFGCTRL_X0Y1    BUFG_200M/I
Min Period        n/a     PLLE2_ADV/CLKOUT0  n/a            1.249         5.000       3.751      PLLE2_ADV_X0Y1   clk_generator1/CLKOUT0
Min Period        n/a     FDRE/C             n/a            0.750         5.000       4.250      SLICE_X5Y77      hdmi_rx_0/edid_rom/addr_reg_rep[1]/C
Min Period        n/a     FDRE/C             n/a            0.750         5.000       4.250      SLICE_X5Y77      hdmi_rx_0/edid_rom/addr_reg_rep[4]/C
Min Period        n/a     FDRE/C             n/a            0.750         5.000       4.250      SLICE_X3Y76      hdmi_rx_0/edid_rom/count_reg[1]/C
Min Period        n/a     FDRE/C             n/a            0.750         5.000       4.250      SLICE_X3Y77      hdmi_rx_0/edid_rom/count_reg[4]/C
Min Period        n/a     FDRE/C             n/a            0.750         5.000       4.250      SLICE_X7Y78      hdmi_rx_0/edid_rom/data_reg[3]/C
Min Period        n/a     FDRE/C             n/a            0.750         5.000       4.250      SLICE_X4Y77      hdmi_rx_0/edid_rom/rdata_reg[4]/C
Min Period        n/a     FDRE/C             n/a            0.750         5.000       4.250      SLICE_X4Y77      hdmi_rx_0/edid_rom/rdata_reg[5]/C
Max Period        n/a     IDELAYCTRL/REFCLK  n/a            5.264         5.000       0.264      IDELAYCTRL_X0Y1  hdmi_rx_0/tmds_receiver/idelay_ctrl/REFCLK
Max Period        n/a     PLLE2_ADV/CLKOUT0  n/a            160.000       5.000       155.000    PLLE2_ADV_X0Y1   clk_generator1/CLKOUT0
Low Pulse Width   Slow    FDRE/C             n/a            0.400         2.500       2.100      SLICE_X5Y77      hdmi_rx_0/edid_rom/addr_reg_rep[1]/C
Low Pulse Width   Fast    FDRE/C             n/a            0.400         2.500       2.100      SLICE_X5Y77      hdmi_rx_0/edid_rom/addr_reg_rep[1]/C
Low Pulse Width   Slow    FDRE/C             n/a            0.400         2.500       2.100      SLICE_X5Y77      hdmi_rx_0/edid_rom/addr_reg_rep[4]/C
Low Pulse Width   Fast    FDRE/C             n/a            0.400         2.500       2.100      SLICE_X5Y77      hdmi_rx_0/edid_rom/addr_reg_rep[4]/C
Low Pulse Width   Slow    FDRE/C             n/a            0.400         2.500       2.100      SLICE_X3Y76      hdmi_rx_0/edid_rom/count_reg[1]/C
Low Pulse Width   Fast    FDRE/C             n/a            0.400         2.500       2.100      SLICE_X3Y76      hdmi_rx_0/edid_rom/count_reg[1]/C
Low Pulse Width   Slow    FDRE/C             n/a            0.400         2.500       2.100      SLICE_X3Y77      hdmi_rx_0/edid_rom/count_reg[4]/C
Low Pulse Width   Fast    FDRE/C             n/a            0.400         2.500       2.100      SLICE_X3Y77      hdmi_rx_0/edid_rom/count_reg[4]/C
Low Pulse Width   Slow    FDRE/C             n/a            0.400         2.500       2.100      SLICE_X7Y78      hdmi_rx_0/edid_rom/data_reg[3]/C
Low Pulse Width   Fast    FDRE/C             n/a            0.400         2.500       2.100      SLICE_X7Y78      hdmi_rx_0/edid_rom/data_reg[3]/C
High Pulse Width  Slow    FDRE/C             n/a            0.350         2.500       2.150      SLICE_X5Y77      hdmi_rx_0/edid_rom/addr_reg[0]/C
High Pulse Width  Fast    FDRE/C             n/a            0.350         2.500       2.150      SLICE_X5Y77      hdmi_rx_0/edid_rom/addr_reg[0]/C
High Pulse Width  Slow    FDRE/C             n/a            0.350         2.500       2.150      SLICE_X5Y77      hdmi_rx_0/edid_rom/addr_reg[1]/C
High Pulse Width  Fast    FDRE/C             n/a            0.350         2.500       2.150      SLICE_X5Y77      hdmi_rx_0/edid_rom/addr_reg[1]/C
High Pulse Width  Slow    FDRE/C             n/a            0.350         2.500       2.150      SLICE_X6Y77      hdmi_rx_0/edid_rom/addr_reg[2]/C
High Pulse Width  Fast    FDRE/C             n/a            0.350         2.500       2.150      SLICE_X6Y77      hdmi_rx_0/edid_rom/addr_reg[2]/C
High Pulse Width  Slow    FDRE/C             n/a            0.350         2.500       2.150      SLICE_X6Y77      hdmi_rx_0/edid_rom/addr_reg[3]/C
High Pulse Width  Fast    FDRE/C             n/a            0.350         2.500       2.150      SLICE_X6Y77      hdmi_rx_0/edid_rom/addr_reg[3]/C
High Pulse Width  Slow    FDRE/C             n/a            0.350         2.500       2.150      SLICE_X5Y77      hdmi_rx_0/edid_rom/addr_reg[4]/C
High Pulse Width  Fast    FDRE/C             n/a            0.350         2.500       2.150      SLICE_X5Y77      hdmi_rx_0/edid_rom/addr_reg[4]/C



---------------------------------------------------------------------------------------------------
From Clock:  pll_clkfb
  To Clock:  pll_clkfb

Setup :           NA  Failing Endpoints,  Worst Slack           NA  ,  Total Violation           NA
Hold  :           NA  Failing Endpoints,  Worst Slack           NA  ,  Total Violation           NA
PW    :            0  Failing Endpoints,  Worst Slack        8.751ns,  Total Violation        0.000ns
---------------------------------------------------------------------------------------------------


Pulse Width Checks
--------------------------------------------------------------------------------------
Clock Name:         pll_clkfb
Waveform(ns):       { 0.000 5.000 }
Period(ns):         10.000
Sources:            { clk_generator1/CLKFBOUT }

Check Type  Corner  Lib Pin             Reference Pin  Required(ns)  Actual(ns)  Slack(ns)  Location        Pin
Min Period  n/a     PLLE2_ADV/CLKFBOUT  n/a            1.249         10.000      8.751      PLLE2_ADV_X0Y1  clk_generator1/CLKFBOUT
Min Period  n/a     PLLE2_ADV/CLKFBIN   n/a            1.249         10.000      8.751      PLLE2_ADV_X0Y1  clk_generator1/CLKFBIN
Max Period  n/a     PLLE2_ADV/CLKFBIN   n/a            52.633        10.000      42.633     PLLE2_ADV_X0Y1  clk_generator1/CLKFBIN
Max Period  n/a     PLLE2_ADV/CLKFBOUT  n/a            160.000       10.000      150.000    PLLE2_ADV_X0Y1  clk_generator1/CLKFBOUT



---------------------------------------------------------------------------------------------------
From Clock:  hdmi_rx_clk_p
  To Clock:  hdmi_rx_clk_p

Setup :           NA  Failing Endpoints,  Worst Slack           NA  ,  Total Violation           NA
Hold  :           NA  Failing Endpoints,  Worst Slack           NA  ,  Total Violation           NA
PW    :            0  Failing Endpoints,  Worst Slack        3.000ns,  Total Violation        0.000ns
---------------------------------------------------------------------------------------------------


Pulse Width Checks
--------------------------------------------------------------------------------------
Clock Name:         hdmi_rx_clk_p
Waveform(ns):       { 0.000 5.000 }
Period(ns):         10.000
Sources:            { hdmi_rx_clk_p }

Check Type        Corner  Lib Pin            Reference Pin  Required(ns)  Actual(ns)  Slack(ns)  Location         Pin
Min Period        n/a     MMCME2_ADV/CLKIN1  n/a            1.249         10.000      8.751      MMCME2_ADV_X0Y1  hdmi_rx_0/mmcm_adv_inst/CLKIN1
Max Period        n/a     MMCME2_ADV/CLKIN1  n/a            100.000       10.000      90.000     MMCME2_ADV_X0Y1  hdmi_rx_0/mmcm_adv_inst/CLKIN1
Low Pulse Width   Slow    MMCME2_ADV/CLKIN1  n/a            2.000         5.000       3.000      MMCME2_ADV_X0Y1  hdmi_rx_0/mmcm_adv_inst/CLKIN1
Low Pulse Width   Fast    MMCME2_ADV/CLKIN1  n/a            2.000         5.000       3.000      MMCME2_ADV_X0Y1  hdmi_rx_0/mmcm_adv_inst/CLKIN1
High Pulse Width  Slow    MMCME2_ADV/CLKIN1  n/a            2.000         5.000       3.000      MMCME2_ADV_X0Y1  hdmi_rx_0/mmcm_adv_inst/CLKIN1
High Pulse Width  Fast    MMCME2_ADV/CLKIN1  n/a            2.000         5.000       3.000      MMCME2_ADV_X0Y1  hdmi_rx_0/mmcm_adv_inst/CLKIN1



---------------------------------------------------------------------------------------------------
From Clock:  mmcm_clkfb
  To Clock:  mmcm_clkfb

Setup :           NA  Failing Endpoints,  Worst Slack           NA  ,  Total Violation           NA
Hold  :           NA  Failing Endpoints,  Worst Slack           NA  ,  Total Violation           NA
PW    :            0  Failing Endpoints,  Worst Slack        8.751ns,  Total Violation        0.000ns
---------------------------------------------------------------------------------------------------


Pulse Width Checks
--------------------------------------------------------------------------------------
Clock Name:         mmcm_clkfb
Waveform(ns):       { 0.000 5.000 }
Period(ns):         10.000
Sources:            { hdmi_rx_0/mmcm_adv_inst/CLKFBOUT }

Check Type  Corner  Lib Pin              Reference Pin  Required(ns)  Actual(ns)  Slack(ns)  Location         Pin
Min Period  n/a     MMCME2_ADV/CLKFBOUT  n/a            1.249         10.000      8.751      MMCME2_ADV_X0Y1  hdmi_rx_0/mmcm_adv_inst/CLKFBOUT
Min Period  n/a     MMCME2_ADV/CLKFBIN   n/a            1.249         10.000      8.751      MMCME2_ADV_X0Y1  hdmi_rx_0/mmcm_adv_inst/CLKFBIN
Max Period  n/a     MMCME2_ADV/CLKFBIN   n/a            100.000       10.000      90.000     MMCME2_ADV_X0Y1  hdmi_rx_0/mmcm_adv_inst/CLKFBIN
Max Period  n/a     MMCME2_ADV/CLKFBOUT  n/a            213.360       10.000      203.360    MMCME2_ADV_X0Y1  hdmi_rx_0/mmcm_adv_inst/CLKFBOUT



---------------------------------------------------------------------------------------------------
From Clock:  mmcm_clkout1
  To Clock:  mmcm_clkout1

Setup :           NA  Failing Endpoints,  Worst Slack           NA  ,  Total Violation           NA
Hold  :           NA  Failing Endpoints,  Worst Slack           NA  ,  Total Violation           NA
PW    :            0  Failing Endpoints,  Worst Slack        0.400ns,  Total Violation        0.000ns
---------------------------------------------------------------------------------------------------


Pulse Width Checks
--------------------------------------------------------------------------------------
Clock Name:         mmcm_clkout1
Waveform(ns):       { 0.000 1.000 }
Period(ns):         2.000
Sources:            { hdmi_rx_0/mmcm_adv_inst/CLKOUT1 }

Check Type  Corner  Lib Pin             Reference Pin  Required(ns)  Actual(ns)  Slack(ns)  Location         Pin
Min Period  n/a     BUFG/I              n/a            1.600         2.000       0.400      BUFGCTRL_X0Y2    hdmi_rx_0/BUF_fastclk/I
Min Period  n/a     MMCME2_ADV/CLKOUT1  n/a            1.249         2.000       0.751      MMCME2_ADV_X0Y1  hdmi_rx_0/mmcm_adv_inst/CLKOUT1
Min Period  n/a     ISERDESE2/CLK       n/a            1.249         2.000       0.751      ILOGIC_X0Y66     hdmi_rx_0/tmds_receiver/decoder_b/iserdes/master_iserdes/CLK
Min Period  n/a     ISERDESE2/CLKB      n/a            1.249         2.000       0.751      ILOGIC_X0Y66     hdmi_rx_0/tmds_receiver/decoder_b/iserdes/master_iserdes/CLKB
Min Period  n/a     ISERDESE2/CLK       n/a            1.249         2.000       0.751      ILOGIC_X0Y65     hdmi_rx_0/tmds_receiver/decoder_b/iserdes/slave_iserdes/CLK
Min Period  n/a     ISERDESE2/CLKB      n/a            1.249         2.000       0.751      ILOGIC_X0Y65     hdmi_rx_0/tmds_receiver/decoder_b/iserdes/slave_iserdes/CLKB
Min Period  n/a     ISERDESE2/CLK       n/a            1.249         2.000       0.751      ILOGIC_X0Y90     hdmi_rx_0/tmds_receiver/decoder_g/iserdes/master_iserdes/CLK
Min Period  n/a     ISERDESE2/CLKB      n/a            1.249         2.000       0.751      ILOGIC_X0Y90     hdmi_rx_0/tmds_receiver/decoder_g/iserdes/master_iserdes/CLKB
Min Period  n/a     ISERDESE2/CLK       n/a            1.249         2.000       0.751      ILOGIC_X0Y89     hdmi_rx_0/tmds_receiver/decoder_g/iserdes/slave_iserdes/CLK
Min Period  n/a     ISERDESE2/CLKB      n/a            1.249         2.000       0.751      ILOGIC_X0Y89     hdmi_rx_0/tmds_receiver/decoder_g/iserdes/slave_iserdes/CLKB
Max Period  n/a     MMCME2_ADV/CLKOUT1  n/a            213.360       2.000       211.360    MMCME2_ADV_X0Y1  hdmi_rx_0/mmcm_adv_inst/CLKOUT1



---------------------------------------------------------------------------------------------------
From Clock:  mmcm_clkout2
  To Clock:  mmcm_clkout2

Setup :            0  Failing Endpoints,  Worst Slack        1.273ns,  Total Violation        0.000ns
Hold  :            0  Failing Endpoints,  Worst Slack        0.053ns,  Total Violation        0.000ns
PW    :            0  Failing Endpoints,  Worst Slack        4.090ns,  Total Violation        0.000ns
---------------------------------------------------------------------------------------------------


Max Delay Paths
--------------------------------------------------------------------------------------
Slack (MET) :             1.273ns  (required time - arrival time)
  Source:                 fir_0/row_3/dsp_cell_4/p_reg_reg/CLK
                            (rising edge-triggered cell DSP48E1 clocked by mmcm_clkout2  {rise@0.000ns fall@5.000ns period=10.000ns})
  Destination:            hdmi_tx_0/tmds_transmitter/encoder_r/din_num_1s_reg[1]/D
                            (rising edge-triggered cell FDRE clocked by mmcm_clkout2  {rise@0.000ns fall@5.000ns period=10.000ns})
  Path Group:             mmcm_clkout2
  Path Type:              Setup (Max at Slow Process Corner)
  Requirement:            10.000ns  (mmcm_clkout2 rise@10.000ns - mmcm_clkout2 rise@0.000ns)
  Data Path Delay:        8.649ns  (logic 3.912ns (45.230%)  route 4.737ns (54.770%))
  Logic Levels:           8  (DSP48E1=2 LUT3=2 LUT4=2 LUT6=2)
  Clock Path Skew:        -0.038ns (DCD - SCD + CPR)
    Destination Clock Delay (DCD):    5.093ns = ( 15.093 - 10.000 ) 
    Source Clock Delay      (SCD):    5.472ns
    Clock Pessimism Removal (CPR):    0.340ns
  Clock Uncertainty:      0.074ns  ((TSJ^2 + DJ^2)^1/2) / 2 + PE
    Total System Jitter     (TSJ):    0.071ns
    Discrete Jitter          (DJ):    0.129ns
    Phase Error              (PE):    0.000ns

    Location             Delay type                Incr(ns)  Path(ns)    Netlist Resource(s)
  -------------------------------------------------------------------    -------------------
                         (clock mmcm_clkout2 rise edge)
                                                      0.000     0.000 r  
    G24                                               0.000     0.000 r  hdmi_rx_clk_p (IN)
                         net (fo=0)                   0.000     0.000    hdmi_rx_0/hdmi_rx_clk_p
    G24                  IBUFDS (Prop_ibufds_I_O)     1.000     1.000 r  hdmi_rx_0/hdmi_rx_clk_buf/O
                         net (fo=1, routed)           1.230     2.230    hdmi_rx_0/mmcm_clkin
    MMCME2_ADV_X0Y1      MMCME2_ADV (Prop_mmcme2_adv_CLKIN1_CLKOUT2)
                                                      0.088     2.318 r  hdmi_rx_0/mmcm_adv_inst/CLKOUT2
                         net (fo=1, routed)           1.574     3.892    hdmi_rx_0/mmcm_clkout2
    BUFGCTRL_X0Y0        BUFG (Prop_bufg_I_O)         0.120     4.012 r  hdmi_rx_0/BUF_slowclk/O
                         net (fo=903, routed)         1.460     5.472    fir_0/row_3/dsp_cell_4/rx_clk
    DSP48_X1Y24          DSP48E1                                      r  fir_0/row_3/dsp_cell_4/p_reg_reg/CLK
  -------------------------------------------------------------------    -------------------
    DSP48_X1Y24          DSP48E1 (Prop_dsp48e1_CLK_P[41])
                                                      0.383     5.855 r  fir_0/row_3/dsp_cell_4/p_reg_reg/P[41]
                         net (fo=1, routed)           1.066     6.921    fir_0/row_3_n_6
    DSP48_X1Y30          DSP48E1 (Prop_dsp48e1_A[23]_PCOUT[47])
                                                      1.925     8.846 r  fir_0/fir_out_o/PCOUT[47]
                         net (fo=1, routed)           0.000     8.846    fir_0/fir_out_o_n_106
    DSP48_X1Y31          DSP48E1 (Prop_dsp48e1_PCIN[47]_P[20])
                                                      1.286    10.132 r  fir_0/fir_out_o__0/P[20]
                         net (fo=1, routed)           0.700    10.832    fir_0/fir_out_o__0_n_85
    SLICE_X20Y75         LUT4 (Prop_lut4_I0_O)        0.053    10.885 r  fir_0/hdmi_tx_0_i_13/O
                         net (fo=1, routed)           0.473    11.358    fir_0/hdmi_tx_0_i_13_n_0
    SLICE_X20Y79         LUT4 (Prop_lut4_I3_O)        0.053    11.411 r  fir_0/hdmi_tx_0_i_9/O
                         net (fo=8, routed)           0.458    11.869    fir_0/hdmi_tx_0_i_9_n_0
    SLICE_X20Y77         LUT6 (Prop_lut6_I1_O)        0.053    11.922 r  fir_0/hdmi_tx_0_i_5/O
                         net (fo=18, routed)          1.125    13.048    hdmi_tx_0/tmds_transmitter/encoder_r/tx_red[3]
    SLICE_X4Y81          LUT3 (Prop_lut3_I1_O)        0.053    13.101 r  hdmi_tx_0/tmds_transmitter/encoder_r/din_num_1s[0]_i_2/O
                         net (fo=2, routed)           0.473    13.574    hdmi_tx_0/tmds_transmitter/encoder_r/din_num_1s[0]_i_2_n_0
    SLICE_X4Y81          LUT6 (Prop_lut6_I5_O)        0.053    13.627 r  hdmi_tx_0/tmds_transmitter/encoder_r/din_num_1s[3]_i_2/O
                         net (fo=3, routed)           0.441    14.068    hdmi_tx_0/tmds_transmitter/encoder_r/din_num_1s[3]_i_2_n_0
    SLICE_X4Y81          LUT3 (Prop_lut3_I0_O)        0.053    14.121 r  hdmi_tx_0/tmds_transmitter/encoder_r/din_num_1s[1]_i_1/O
                         net (fo=1, routed)           0.000    14.121    hdmi_tx_0/tmds_transmitter/encoder_r/din_num_1s0[1]
    SLICE_X4Y81          FDRE                                         r  hdmi_tx_0/tmds_transmitter/encoder_r/din_num_1s_reg[1]/D
  -------------------------------------------------------------------    -------------------

                         (clock mmcm_clkout2 rise edge)
                                                     10.000    10.000 r  
    G24                                               0.000    10.000 r  hdmi_rx_clk_p (IN)
                         net (fo=0)                   0.000    10.000    hdmi_rx_0/hdmi_rx_clk_p
    G24                  IBUFDS (Prop_ibufds_I_O)     0.914    10.914 r  hdmi_rx_0/hdmi_rx_clk_buf/O
                         net (fo=1, routed)           1.149    12.063    hdmi_rx_0/mmcm_clkin
    MMCME2_ADV_X0Y1      MMCME2_ADV (Prop_mmcme2_adv_CLKIN1_CLKOUT2)
                                                      0.083    12.146 r  hdmi_rx_0/mmcm_adv_inst/CLKOUT2
                         net (fo=1, routed)           1.494    13.640    hdmi_rx_0/mmcm_clkout2
    BUFGCTRL_X0Y0        BUFG (Prop_bufg_I_O)         0.113    13.753 r  hdmi_rx_0/BUF_slowclk/O
                         net (fo=903, routed)         1.340    15.093    hdmi_tx_0/tmds_transmitter/encoder_r/tx_clk
    SLICE_X4Y81          FDRE                                         r  hdmi_tx_0/tmds_transmitter/encoder_r/din_num_1s_reg[1]/C
                         clock pessimism              0.340    15.434    
                         clock uncertainty           -0.074    15.360    
    SLICE_X4Y81          FDRE (Setup_fdre_C_D)        0.034    15.394    hdmi_tx_0/tmds_transmitter/encoder_r/din_num_1s_reg[1]
  -------------------------------------------------------------------
                         required time                         15.394    
                         arrival time                         -14.121    
  -------------------------------------------------------------------
                         slack                                  1.273    

Slack (MET) :             1.349ns  (required time - arrival time)
  Source:                 fir_0/row_3/dsp_cell_4/p_reg_reg/CLK
                            (rising edge-triggered cell DSP48E1 clocked by mmcm_clkout2  {rise@0.000ns fall@5.000ns period=10.000ns})
  Destination:            hdmi_tx_0/tmds_transmitter/encoder_r/din_num_1s_reg[2]/D
                            (rising edge-triggered cell FDRE clocked by mmcm_clkout2  {rise@0.000ns fall@5.000ns period=10.000ns})
  Path Group:             mmcm_clkout2
  Path Type:              Setup (Max at Slow Process Corner)
  Requirement:            10.000ns  (mmcm_clkout2 rise@10.000ns - mmcm_clkout2 rise@0.000ns)
  Data Path Delay:        8.576ns  (logic 3.912ns (45.613%)  route 4.664ns (54.387%))
  Logic Levels:           8  (DSP48E1=2 LUT3=1 LUT4=2 LUT6=3)
  Clock Path Skew:        -0.036ns (DCD - SCD + CPR)
    Destination Clock Delay (DCD):    5.095ns = ( 15.095 - 10.000 ) 
    Source Clock Delay      (SCD):    5.472ns
    Clock Pessimism Removal (CPR):    0.340ns
  Clock Uncertainty:      0.074ns  ((TSJ^2 + DJ^2)^1/2) / 2 + PE
    Total System Jitter     (TSJ):    0.071ns
    Discrete Jitter          (DJ):    0.129ns
    Phase Error              (PE):    0.000ns

    Location             Delay type                Incr(ns)  Path(ns)    Netlist Resource(s)
  -------------------------------------------------------------------    -------------------
                         (clock mmcm_clkout2 rise edge)
                                                      0.000     0.000 r  
    G24                                               0.000     0.000 r  hdmi_rx_clk_p (IN)
                         net (fo=0)                   0.000     0.000    hdmi_rx_0/hdmi_rx_clk_p
    G24                  IBUFDS (Prop_ibufds_I_O)     1.000     1.000 r  hdmi_rx_0/hdmi_rx_clk_buf/O
                         net (fo=1, routed)           1.230     2.230    hdmi_rx_0/mmcm_clkin
    MMCME2_ADV_X0Y1      MMCME2_ADV (Prop_mmcme2_adv_CLKIN1_CLKOUT2)
                                                      0.088     2.318 r  hdmi_rx_0/mmcm_adv_inst/CLKOUT2
                         net (fo=1, routed)           1.574     3.892    hdmi_rx_0/mmcm_clkout2
    BUFGCTRL_X0Y0        BUFG (Prop_bufg_I_O)         0.120     4.012 r  hdmi_rx_0/BUF_slowclk/O
                         net (fo=903, routed)         1.460     5.472    fir_0/row_3/dsp_cell_4/rx_clk
    DSP48_X1Y24          DSP48E1                                      r  fir_0/row_3/dsp_cell_4/p_reg_reg/CLK
  -------------------------------------------------------------------    -------------------
    DSP48_X1Y24          DSP48E1 (Prop_dsp48e1_CLK_P[41])
                                                      0.383     5.855 r  fir_0/row_3/dsp_cell_4/p_reg_reg/P[41]
                         net (fo=1, routed)           1.066     6.921    fir_0/row_3_n_6
    DSP48_X1Y30          DSP48E1 (Prop_dsp48e1_A[23]_PCOUT[47])
                                                      1.925     8.846 r  fir_0/fir_out_o/PCOUT[47]
                         net (fo=1, routed)           0.000     8.846    fir_0/fir_out_o_n_106
    DSP48_X1Y31          DSP48E1 (Prop_dsp48e1_PCIN[47]_P[20])
                                                      1.286    10.132 r  fir_0/fir_out_o__0/P[20]
                         net (fo=1, routed)           0.700    10.832    fir_0/fir_out_o__0_n_85
    SLICE_X20Y75         LUT4 (Prop_lut4_I0_O)        0.053    10.885 r  fir_0/hdmi_tx_0_i_13/O
                         net (fo=1, routed)           0.473    11.358    fir_0/hdmi_tx_0_i_13_n_0
    SLICE_X20Y79         LUT4 (Prop_lut4_I3_O)        0.053    11.411 r  fir_0/hdmi_tx_0_i_9/O
                         net (fo=8, routed)           0.458    11.869    fir_0/hdmi_tx_0_i_9_n_0
    SLICE_X20Y77         LUT6 (Prop_lut6_I1_O)        0.053    11.922 r  fir_0/hdmi_tx_0_i_5/O
                         net (fo=18, routed)          1.125    13.048    hdmi_tx_0/tmds_transmitter/encoder_r/tx_red[3]
    SLICE_X4Y81          LUT3 (Prop_lut3_I1_O)        0.053    13.101 r  hdmi_tx_0/tmds_transmitter/encoder_r/din_num_1s[0]_i_2/O
                         net (fo=2, routed)           0.473    13.574    hdmi_tx_0/tmds_transmitter/encoder_r/din_num_1s[0]_i_2_n_0
    SLICE_X4Y81          LUT6 (Prop_lut6_I5_O)        0.053    13.627 r  hdmi_tx_0/tmds_transmitter/encoder_r/din_num_1s[3]_i_2/O
                         net (fo=3, routed)           0.369    13.996    hdmi_tx_0/tmds_transmitter/encoder_r/din_num_1s[3]_i_2_n_0
    SLICE_X5Y82          LUT6 (Prop_lut6_I0_O)        0.053    14.049 r  hdmi_tx_0/tmds_transmitter/encoder_r/din_num_1s[2]_i_1/O
                         net (fo=1, routed)           0.000    14.049    hdmi_tx_0/tmds_transmitter/encoder_r/din_num_1s0[2]
    SLICE_X5Y82          FDRE                                         r  hdmi_tx_0/tmds_transmitter/encoder_r/din_num_1s_reg[2]/D
  -------------------------------------------------------------------    -------------------

                         (clock mmcm_clkout2 rise edge)
                                                     10.000    10.000 r  
    G24                                               0.000    10.000 r  hdmi_rx_clk_p (IN)
                         net (fo=0)                   0.000    10.000    hdmi_rx_0/hdmi_rx_clk_p
    G24                  IBUFDS (Prop_ibufds_I_O)     0.914    10.914 r  hdmi_rx_0/hdmi_rx_clk_buf/O
                         net (fo=1, routed)           1.149    12.063    hdmi_rx_0/mmcm_clkin
    MMCME2_ADV_X0Y1      MMCME2_ADV (Prop_mmcme2_adv_CLKIN1_CLKOUT2)
                                                      0.083    12.146 r  hdmi_rx_0/mmcm_adv_inst/CLKOUT2
                         net (fo=1, routed)           1.494    13.640    hdmi_rx_0/mmcm_clkout2
    BUFGCTRL_X0Y0        BUFG (Prop_bufg_I_O)         0.113    13.753 r  hdmi_rx_0/BUF_slowclk/O
                         net (fo=903, routed)         1.342    15.095    hdmi_tx_0/tmds_transmitter/encoder_r/tx_clk
    SLICE_X5Y82          FDRE                                         r  hdmi_tx_0/tmds_transmitter/encoder_r/din_num_1s_reg[2]/C
                         clock pessimism              0.340    15.436    
                         clock uncertainty           -0.074    15.362    
    SLICE_X5Y82          FDRE (Setup_fdre_C_D)        0.035    15.397    hdmi_tx_0/tmds_transmitter/encoder_r/din_num_1s_reg[2]
  -------------------------------------------------------------------
                         required time                         15.397    
                         arrival time                         -14.049    
  -------------------------------------------------------------------
                         slack                                  1.349    

Slack (MET) :             1.369ns  (required time - arrival time)
  Source:                 fir_0/row_3/dsp_cell_4/p_reg_reg/CLK
                            (rising edge-triggered cell DSP48E1 clocked by mmcm_clkout2  {rise@0.000ns fall@5.000ns period=10.000ns})
  Destination:            hdmi_tx_0/tmds_transmitter/encoder_r/din_num_1s_reg[3]/D
                            (rising edge-triggered cell FDRE clocked by mmcm_clkout2  {rise@0.000ns fall@5.000ns period=10.000ns})
  Path Group:             mmcm_clkout2
  Path Type:              Setup (Max at Slow Process Corner)
  Requirement:            10.000ns  (mmcm_clkout2 rise@10.000ns - mmcm_clkout2 rise@0.000ns)
  Data Path Delay:        8.555ns  (logic 3.912ns (45.726%)  route 4.643ns (54.274%))
  Logic Levels:           8  (DSP48E1=2 LUT3=1 LUT4=2 LUT6=3)
  Clock Path Skew:        -0.036ns (DCD - SCD + CPR)
    Destination Clock Delay (DCD):    5.095ns = ( 15.095 - 10.000 ) 
    Source Clock Delay      (SCD):    5.472ns
    Clock Pessimism Removal (CPR):    0.340ns
  Clock Uncertainty:      0.074ns  ((TSJ^2 + DJ^2)^1/2) / 2 + PE
    Total System Jitter     (TSJ):    0.071ns
    Discrete Jitter          (DJ):    0.129ns
    Phase Error              (PE):    0.000ns

    Location             Delay type                Incr(ns)  Path(ns)    Netlist Resource(s)
  -------------------------------------------------------------------    -------------------
                         (clock mmcm_clkout2 rise edge)
                                                      0.000     0.000 r  
    G24                                               0.000     0.000 r  hdmi_rx_clk_p (IN)
                         net (fo=0)                   0.000     0.000    hdmi_rx_0/hdmi_rx_clk_p
    G24                  IBUFDS (Prop_ibufds_I_O)     1.000     1.000 r  hdmi_rx_0/hdmi_rx_clk_buf/O
                         net (fo=1, routed)           1.230     2.230    hdmi_rx_0/mmcm_clkin
    MMCME2_ADV_X0Y1      MMCME2_ADV (Prop_mmcme2_adv_CLKIN1_CLKOUT2)
                                                      0.088     2.318 r  hdmi_rx_0/mmcm_adv_inst/CLKOUT2
                         net (fo=1, routed)           1.574     3.892    hdmi_rx_0/mmcm_clkout2
    BUFGCTRL_X0Y0        BUFG (Prop_bufg_I_O)         0.120     4.012 r  hdmi_rx_0/BUF_slowclk/O
                         net (fo=903, routed)         1.460     5.472    fir_0/row_3/dsp_cell_4/rx_clk
    DSP48_X1Y24          DSP48E1                                      r  fir_0/row_3/dsp_cell_4/p_reg_reg/CLK
  -------------------------------------------------------------------    -------------------
    DSP48_X1Y24          DSP48E1 (Prop_dsp48e1_CLK_P[41])
                                                      0.383     5.855 r  fir_0/row_3/dsp_cell_4/p_reg_reg/P[41]
                         net (fo=1, routed)           1.066     6.921    fir_0/row_3_n_6
    DSP48_X1Y30          DSP48E1 (Prop_dsp48e1_A[23]_PCOUT[47])
                                                      1.925     8.846 r  fir_0/fir_out_o/PCOUT[47]
                         net (fo=1, routed)           0.000     8.846    fir_0/fir_out_o_n_106
    DSP48_X1Y31          DSP48E1 (Prop_dsp48e1_PCIN[47]_P[20])
                                                      1.286    10.132 r  fir_0/fir_out_o__0/P[20]
                         net (fo=1, routed)           0.700    10.832    fir_0/fir_out_o__0_n_85
    SLICE_X20Y75         LUT4 (Prop_lut4_I0_O)        0.053    10.885 r  fir_0/hdmi_tx_0_i_13/O
                         net (fo=1, routed)           0.473    11.358    fir_0/hdmi_tx_0_i_13_n_0
    SLICE_X20Y79         LUT4 (Prop_lut4_I3_O)        0.053    11.411 r  fir_0/hdmi_tx_0_i_9/O
                         net (fo=8, routed)           0.458    11.869    fir_0/hdmi_tx_0_i_9_n_0
    SLICE_X20Y77         LUT6 (Prop_lut6_I1_O)        0.053    11.922 r  fir_0/hdmi_tx_0_i_5/O
                         net (fo=18, routed)          1.125    13.048    hdmi_tx_0/tmds_transmitter/encoder_r/tx_red[3]
    SLICE_X4Y81          LUT3 (Prop_lut3_I1_O)        0.053    13.101 r  hdmi_tx_0/tmds_transmitter/encoder_r/din_num_1s[0]_i_2/O
                         net (fo=2, routed)           0.473    13.574    hdmi_tx_0/tmds_transmitter/encoder_r/din_num_1s[0]_i_2_n_0
    SLICE_X4Y81          LUT6 (Prop_lut6_I5_O)        0.053    13.627 r  hdmi_tx_0/tmds_transmitter/encoder_r/din_num_1s[3]_i_2/O
                         net (fo=3, routed)           0.348    13.974    hdmi_tx_0/tmds_transmitter/encoder_r/din_num_1s[3]_i_2_n_0
    SLICE_X5Y82          LUT6 (Prop_lut6_I0_O)        0.053    14.027 r  hdmi_tx_0/tmds_transmitter/encoder_r/din_num_1s[3]_i_1/O
                         net (fo=1, routed)           0.000    14.027    hdmi_tx_0/tmds_transmitter/encoder_r/din_num_1s0[3]
    SLICE_X5Y82          FDRE                                         r  hdmi_tx_0/tmds_transmitter/encoder_r/din_num_1s_reg[3]/D
  -------------------------------------------------------------------    -------------------

                         (clock mmcm_clkout2 rise edge)
                                                     10.000    10.000 r  
    G24                                               0.000    10.000 r  hdmi_rx_clk_p (IN)
                         net (fo=0)                   0.000    10.000    hdmi_rx_0/hdmi_rx_clk_p
    G24                  IBUFDS (Prop_ibufds_I_O)     0.914    10.914 r  hdmi_rx_0/hdmi_rx_clk_buf/O
                         net (fo=1, routed)           1.149    12.063    hdmi_rx_0/mmcm_clkin
    MMCME2_ADV_X0Y1      MMCME2_ADV (Prop_mmcme2_adv_CLKIN1_CLKOUT2)
                                                      0.083    12.146 r  hdmi_rx_0/mmcm_adv_inst/CLKOUT2
                         net (fo=1, routed)           1.494    13.640    hdmi_rx_0/mmcm_clkout2
    BUFGCTRL_X0Y0        BUFG (Prop_bufg_I_O)         0.113    13.753 r  hdmi_rx_0/BUF_slowclk/O
                         net (fo=903, routed)         1.342    15.095    hdmi_tx_0/tmds_transmitter/encoder_r/tx_clk
    SLICE_X5Y82          FDRE                                         r  hdmi_tx_0/tmds_transmitter/encoder_r/din_num_1s_reg[3]/C
                         clock pessimism              0.340    15.436    
                         clock uncertainty           -0.074    15.362    
    SLICE_X5Y82          FDRE (Setup_fdre_C_D)        0.034    15.396    hdmi_tx_0/tmds_transmitter/encoder_r/din_num_1s_reg[3]
  -------------------------------------------------------------------
                         required time                         15.396    
                         arrival time                         -14.027    
  -------------------------------------------------------------------
                         slack                                  1.369    

Slack (MET) :             1.397ns  (required time - arrival time)
  Source:                 fir_0/row_3/dsp_cell_4/p_reg_reg/CLK
                            (rising edge-triggered cell DSP48E1 clocked by mmcm_clkout2  {rise@0.000ns fall@5.000ns period=10.000ns})
  Destination:            hdmi_tx_0/tmds_transmitter/encoder_b/din_num_1s_reg[3]/D
                            (rising edge-triggered cell FDRE clocked by mmcm_clkout2  {rise@0.000ns fall@5.000ns period=10.000ns})
  Path Group:             mmcm_clkout2
  Path Type:              Setup (Max at Slow Process Corner)
  Requirement:            10.000ns  (mmcm_clkout2 rise@10.000ns - mmcm_clkout2 rise@0.000ns)
  Data Path Delay:        8.527ns  (logic 3.859ns (45.257%)  route 4.668ns (54.743%))
  Logic Levels:           7  (DSP48E1=2 LUT4=1 LUT5=1 LUT6=3)
  Clock Path Skew:        -0.036ns (DCD - SCD + CPR)
    Destination Clock Delay (DCD):    5.095ns = ( 15.095 - 10.000 ) 
    Source Clock Delay      (SCD):    5.472ns
    Clock Pessimism Removal (CPR):    0.340ns
  Clock Uncertainty:      0.074ns  ((TSJ^2 + DJ^2)^1/2) / 2 + PE
    Total System Jitter     (TSJ):    0.071ns
    Discrete Jitter          (DJ):    0.129ns
    Phase Error              (PE):    0.000ns

    Location             Delay type                Incr(ns)  Path(ns)    Netlist Resource(s)
  -------------------------------------------------------------------    -------------------
                         (clock mmcm_clkout2 rise edge)
                                                      0.000     0.000 r  
    G24                                               0.000     0.000 r  hdmi_rx_clk_p (IN)
                         net (fo=0)                   0.000     0.000    hdmi_rx_0/hdmi_rx_clk_p
    G24                  IBUFDS (Prop_ibufds_I_O)     1.000     1.000 r  hdmi_rx_0/hdmi_rx_clk_buf/O
                         net (fo=1, routed)           1.230     2.230    hdmi_rx_0/mmcm_clkin
    MMCME2_ADV_X0Y1      MMCME2_ADV (Prop_mmcme2_adv_CLKIN1_CLKOUT2)
                                                      0.088     2.318 r  hdmi_rx_0/mmcm_adv_inst/CLKOUT2
                         net (fo=1, routed)           1.574     3.892    hdmi_rx_0/mmcm_clkout2
    BUFGCTRL_X0Y0        BUFG (Prop_bufg_I_O)         0.120     4.012 r  hdmi_rx_0/BUF_slowclk/O
                         net (fo=903, routed)         1.460     5.472    fir_0/row_3/dsp_cell_4/rx_clk
    DSP48_X1Y24          DSP48E1                                      r  fir_0/row_3/dsp_cell_4/p_reg_reg/CLK
  -------------------------------------------------------------------    -------------------
    DSP48_X1Y24          DSP48E1 (Prop_dsp48e1_CLK_P[41])
                                                      0.383     5.855 r  fir_0/row_3/dsp_cell_4/p_reg_reg/P[41]
                         net (fo=1, routed)           1.066     6.921    fir_0/row_3_n_6
    DSP48_X1Y30          DSP48E1 (Prop_dsp48e1_A[23]_PCOUT[47])
                                                      1.925     8.846 r  fir_0/fir_out_o/PCOUT[47]
                         net (fo=1, routed)           0.000     8.846    fir_0/fir_out_o_n_106
    DSP48_X1Y31          DSP48E1 (Prop_dsp48e1_PCIN[47]_P[43])
                                                      1.286    10.132 r  fir_0/fir_out_o__0/P[43]
                         net (fo=1, routed)           0.799    10.931    fir_0/fir_out_o__0_n_62
    SLICE_X20Y79         LUT4 (Prop_lut4_I1_O)        0.053    10.984 r  fir_0/hdmi_tx_0_i_14/O
                         net (fo=1, routed)           0.343    11.326    fir_0/hdmi_tx_0_i_14_n_0
    SLICE_X20Y77         LUT6 (Prop_lut6_I0_O)        0.053    11.379 r  fir_0/hdmi_tx_0_i_10/O
                         net (fo=8, routed)           0.568    11.947    fir_0/hdmi_tx_0_i_10_n_0
    SLICE_X21Y78         LUT6 (Prop_lut6_I2_O)        0.053    12.000 r  fir_0/hdmi_tx_0_i_8/O
                         net (fo=12, routed)          1.243    13.244    hdmi_tx_0/tmds_transmitter/encoder_b/tx_blue[0]
    SLICE_X6Y84          LUT5 (Prop_lut5_I1_O)        0.053    13.297 r  hdmi_tx_0/tmds_transmitter/encoder_b/din_num_1s[3]_i_3/O
                         net (fo=3, routed)           0.649    13.946    hdmi_tx_0/tmds_transmitter/encoder_b/din_num_1s[3]_i_3_n_0
    SLICE_X5Y83          LUT6 (Prop_lut6_I1_O)        0.053    13.999 r  hdmi_tx_0/tmds_transmitter/encoder_b/din_num_1s[3]_i_1/O
                         net (fo=1, routed)           0.000    13.999    hdmi_tx_0/tmds_transmitter/encoder_b/din_num_1s[3]_i_1_n_0
    SLICE_X5Y83          FDRE                                         r  hdmi_tx_0/tmds_transmitter/encoder_b/din_num_1s_reg[3]/D
  -------------------------------------------------------------------    -------------------

                         (clock mmcm_clkout2 rise edge)
                                                     10.000    10.000 r  
    G24                                               0.000    10.000 r  hdmi_rx_clk_p (IN)
                         net (fo=0)                   0.000    10.000    hdmi_rx_0/hdmi_rx_clk_p
    G24                  IBUFDS (Prop_ibufds_I_O)     0.914    10.914 r  hdmi_rx_0/hdmi_rx_clk_buf/O
                         net (fo=1, routed)           1.149    12.063    hdmi_rx_0/mmcm_clkin
    MMCME2_ADV_X0Y1      MMCME2_ADV (Prop_mmcme2_adv_CLKIN1_CLKOUT2)
                                                      0.083    12.146 r  hdmi_rx_0/mmcm_adv_inst/CLKOUT2
                         net (fo=1, routed)           1.494    13.640    hdmi_rx_0/mmcm_clkout2
    BUFGCTRL_X0Y0        BUFG (Prop_bufg_I_O)         0.113    13.753 r  hdmi_rx_0/BUF_slowclk/O
                         net (fo=903, routed)         1.342    15.095    hdmi_tx_0/tmds_transmitter/encoder_b/tx_clk
    SLICE_X5Y83          FDRE                                         r  hdmi_tx_0/tmds_transmitter/encoder_b/din_num_1s_reg[3]/C
                         clock pessimism              0.340    15.436    
                         clock uncertainty           -0.074    15.362    
    SLICE_X5Y83          FDRE (Setup_fdre_C_D)        0.034    15.396    hdmi_tx_0/tmds_transmitter/encoder_b/din_num_1s_reg[3]
  -------------------------------------------------------------------
                         required time                         15.396    
                         arrival time                         -13.999    
  -------------------------------------------------------------------
                         slack                                  1.397    

Slack (MET) :             1.480ns  (required time - arrival time)
  Source:                 fir_0/row_3/dsp_cell_4/p_reg_reg/CLK
                            (rising edge-triggered cell DSP48E1 clocked by mmcm_clkout2  {rise@0.000ns fall@5.000ns period=10.000ns})
  Destination:            hdmi_tx_0/tmds_transmitter/encoder_b/din_num_1s_reg[2]/D
                            (rising edge-triggered cell FDRE clocked by mmcm_clkout2  {rise@0.000ns fall@5.000ns period=10.000ns})
  Path Group:             mmcm_clkout2
  Path Type:              Setup (Max at Slow Process Corner)
  Requirement:            10.000ns  (mmcm_clkout2 rise@10.000ns - mmcm_clkout2 rise@0.000ns)
  Data Path Delay:        8.445ns  (logic 4.039ns (47.828%)  route 4.406ns (52.172%))
  Logic Levels:           8  (DSP48E1=2 LUT3=1 LUT4=2 LUT6=3)
  Clock Path Skew:        -0.036ns (DCD - SCD + CPR)
    Destination Clock Delay (DCD):    5.095ns = ( 15.095 - 10.000 ) 
    Source Clock Delay      (SCD):    5.472ns
    Clock Pessimism Removal (CPR):    0.340ns
  Clock Uncertainty:      0.074ns  ((TSJ^2 + DJ^2)^1/2) / 2 + PE
    Total System Jitter     (TSJ):    0.071ns
    Discrete Jitter          (DJ):    0.129ns
    Phase Error              (PE):    0.000ns

    Location             Delay type                Incr(ns)  Path(ns)    Netlist Resource(s)
  -------------------------------------------------------------------    -------------------
                         (clock mmcm_clkout2 rise edge)
                                                      0.000     0.000 r  
    G24                                               0.000     0.000 r  hdmi_rx_clk_p (IN)
                         net (fo=0)                   0.000     0.000    hdmi_rx_0/hdmi_rx_clk_p
    G24                  IBUFDS (Prop_ibufds_I_O)     1.000     1.000 r  hdmi_rx_0/hdmi_rx_clk_buf/O
                         net (fo=1, routed)           1.230     2.230    hdmi_rx_0/mmcm_clkin
    MMCME2_ADV_X0Y1      MMCME2_ADV (Prop_mmcme2_adv_CLKIN1_CLKOUT2)
                                                      0.088     2.318 r  hdmi_rx_0/mmcm_adv_inst/CLKOUT2
                         net (fo=1, routed)           1.574     3.892    hdmi_rx_0/mmcm_clkout2
    BUFGCTRL_X0Y0        BUFG (Prop_bufg_I_O)         0.120     4.012 r  hdmi_rx_0/BUF_slowclk/O
                         net (fo=903, routed)         1.460     5.472    fir_0/row_3/dsp_cell_4/rx_clk
    DSP48_X1Y24          DSP48E1                                      r  fir_0/row_3/dsp_cell_4/p_reg_reg/CLK
  -------------------------------------------------------------------    -------------------
    DSP48_X1Y24          DSP48E1 (Prop_dsp48e1_CLK_P[41])
                                                      0.383     5.855 r  fir_0/row_3/dsp_cell_4/p_reg_reg/P[41]
                         net (fo=1, routed)           1.066     6.921    fir_0/row_3_n_6
    DSP48_X1Y30          DSP48E1 (Prop_dsp48e1_A[23]_PCOUT[47])
                                                      1.925     8.846 r  fir_0/fir_out_o/PCOUT[47]
                         net (fo=1, routed)           0.000     8.846    fir_0/fir_out_o_n_106
    DSP48_X1Y31          DSP48E1 (Prop_dsp48e1_PCIN[47]_P[20])
                                                      1.286    10.132 r  fir_0/fir_out_o__0/P[20]
                         net (fo=1, routed)           0.700    10.832    fir_0/fir_out_o__0_n_85
    SLICE_X20Y75         LUT4 (Prop_lut4_I0_O)        0.053    10.885 r  fir_0/hdmi_tx_0_i_13/O
                         net (fo=1, routed)           0.473    11.358    fir_0/hdmi_tx_0_i_13_n_0
    SLICE_X20Y79         LUT4 (Prop_lut4_I3_O)        0.053    11.411 r  fir_0/hdmi_tx_0_i_9/O
                         net (fo=8, routed)           0.593    12.004    fir_0/hdmi_tx_0_i_9_n_0
    SLICE_X20Y78         LUT6 (Prop_lut6_I1_O)        0.053    12.057 r  fir_0/hdmi_tx_0_i_7/O
                         net (fo=18, routed)          1.022    13.079    hdmi_tx_0/tmds_transmitter/encoder_b/tx_blue[1]
    SLICE_X6Y84          LUT3 (Prop_lut3_I2_O)        0.065    13.144 r  hdmi_tx_0/tmds_transmitter/encoder_b/din_num_1s[0]_i_2/O
                         net (fo=2, routed)           0.145    13.289    hdmi_tx_0/tmds_transmitter/encoder_b/din_num_1s[0]_i_2_n_0
    SLICE_X6Y84          LUT6 (Prop_lut6_I5_O)        0.168    13.457 r  hdmi_tx_0/tmds_transmitter/encoder_b/din_num_1s[3]_i_2/O
                         net (fo=3, routed)           0.407    13.864    hdmi_tx_0/tmds_transmitter/encoder_b/din_num_1s[3]_i_2_n_0
    SLICE_X5Y83          LUT6 (Prop_lut6_I0_O)        0.053    13.917 r  hdmi_tx_0/tmds_transmitter/encoder_b/din_num_1s[2]_i_1/O
                         net (fo=1, routed)           0.000    13.917    hdmi_tx_0/tmds_transmitter/encoder_b/din_num_1s[2]_i_1_n_0
    SLICE_X5Y83          FDRE                                         r  hdmi_tx_0/tmds_transmitter/encoder_b/din_num_1s_reg[2]/D
  -------------------------------------------------------------------    -------------------

                         (clock mmcm_clkout2 rise edge)
                                                     10.000    10.000 r  
    G24                                               0.000    10.000 r  hdmi_rx_clk_p (IN)
                         net (fo=0)                   0.000    10.000    hdmi_rx_0/hdmi_rx_clk_p
    G24                  IBUFDS (Prop_ibufds_I_O)     0.914    10.914 r  hdmi_rx_0/hdmi_rx_clk_buf/O
                         net (fo=1, routed)           1.149    12.063    hdmi_rx_0/mmcm_clkin
    MMCME2_ADV_X0Y1      MMCME2_ADV (Prop_mmcme2_adv_CLKIN1_CLKOUT2)
                                                      0.083    12.146 r  hdmi_rx_0/mmcm_adv_inst/CLKOUT2
                         net (fo=1, routed)           1.494    13.640    hdmi_rx_0/mmcm_clkout2
    BUFGCTRL_X0Y0        BUFG (Prop_bufg_I_O)         0.113    13.753 r  hdmi_rx_0/BUF_slowclk/O
                         net (fo=903, routed)         1.342    15.095    hdmi_tx_0/tmds_transmitter/encoder_b/tx_clk
    SLICE_X5Y83          FDRE                                         r  hdmi_tx_0/tmds_transmitter/encoder_b/din_num_1s_reg[2]/C
                         clock pessimism              0.340    15.436    
                         clock uncertainty           -0.074    15.362    
    SLICE_X5Y83          FDRE (Setup_fdre_C_D)        0.035    15.397    hdmi_tx_0/tmds_transmitter/encoder_b/din_num_1s_reg[2]
  -------------------------------------------------------------------
                         required time                         15.397    
                         arrival time                         -13.917    
  -------------------------------------------------------------------
                         slack                                  1.480    

Slack (MET) :             1.523ns  (required time - arrival time)
  Source:                 fir_0/row_3/dsp_cell_4/p_reg_reg/CLK
                            (rising edge-triggered cell DSP48E1 clocked by mmcm_clkout2  {rise@0.000ns fall@5.000ns period=10.000ns})
  Destination:            hdmi_tx_0/tmds_transmitter/encoder_b/din_num_1s_reg[1]/D
                            (rising edge-triggered cell FDRE clocked by mmcm_clkout2  {rise@0.000ns fall@5.000ns period=10.000ns})
  Path Group:             mmcm_clkout2
  Path Type:              Setup (Max at Slow Process Corner)
  Requirement:            10.000ns  (mmcm_clkout2 rise@10.000ns - mmcm_clkout2 rise@0.000ns)
  Data Path Delay:        8.438ns  (logic 4.039ns (47.865%)  route 4.399ns (52.135%))
  Logic Levels:           8  (DSP48E1=2 LUT3=2 LUT4=2 LUT6=2)
  Clock Path Skew:        -0.036ns (DCD - SCD + CPR)
    Destination Clock Delay (DCD):    5.095ns = ( 15.095 - 10.000 ) 
    Source Clock Delay      (SCD):    5.472ns
    Clock Pessimism Removal (CPR):    0.340ns
  Clock Uncertainty:      0.074ns  ((TSJ^2 + DJ^2)^1/2) / 2 + PE
    Total System Jitter     (TSJ):    0.071ns
    Discrete Jitter          (DJ):    0.129ns
    Phase Error              (PE):    0.000ns

    Location             Delay type                Incr(ns)  Path(ns)    Netlist Resource(s)
  -------------------------------------------------------------------    -------------------
                         (clock mmcm_clkout2 rise edge)
                                                      0.000     0.000 r  
    G24                                               0.000     0.000 r  hdmi_rx_clk_p (IN)
                         net (fo=0)                   0.000     0.000    hdmi_rx_0/hdmi_rx_clk_p
    G24                  IBUFDS (Prop_ibufds_I_O)     1.000     1.000 r  hdmi_rx_0/hdmi_rx_clk_buf/O
                         net (fo=1, routed)           1.230     2.230    hdmi_rx_0/mmcm_clkin
    MMCME2_ADV_X0Y1      MMCME2_ADV (Prop_mmcme2_adv_CLKIN1_CLKOUT2)
                                                      0.088     2.318 r  hdmi_rx_0/mmcm_adv_inst/CLKOUT2
                         net (fo=1, routed)           1.574     3.892    hdmi_rx_0/mmcm_clkout2
    BUFGCTRL_X0Y0        BUFG (Prop_bufg_I_O)         0.120     4.012 r  hdmi_rx_0/BUF_slowclk/O
                         net (fo=903, routed)         1.460     5.472    fir_0/row_3/dsp_cell_4/rx_clk
    DSP48_X1Y24          DSP48E1                                      r  fir_0/row_3/dsp_cell_4/p_reg_reg/CLK
  -------------------------------------------------------------------    -------------------
    DSP48_X1Y24          DSP48E1 (Prop_dsp48e1_CLK_P[41])
                                                      0.383     5.855 r  fir_0/row_3/dsp_cell_4/p_reg_reg/P[41]
                         net (fo=1, routed)           1.066     6.921    fir_0/row_3_n_6
    DSP48_X1Y30          DSP48E1 (Prop_dsp48e1_A[23]_PCOUT[47])
                                                      1.925     8.846 r  fir_0/fir_out_o/PCOUT[47]
                         net (fo=1, routed)           0.000     8.846    fir_0/fir_out_o_n_106
    DSP48_X1Y31          DSP48E1 (Prop_dsp48e1_PCIN[47]_P[20])
                                                      1.286    10.132 r  fir_0/fir_out_o__0/P[20]
                         net (fo=1, routed)           0.700    10.832    fir_0/fir_out_o__0_n_85
    SLICE_X20Y75         LUT4 (Prop_lut4_I0_O)        0.053    10.885 r  fir_0/hdmi_tx_0_i_13/O
                         net (fo=1, routed)           0.473    11.358    fir_0/hdmi_tx_0_i_13_n_0
    SLICE_X20Y79         LUT4 (Prop_lut4_I3_O)        0.053    11.411 r  fir_0/hdmi_tx_0_i_9/O
                         net (fo=8, routed)           0.593    12.004    fir_0/hdmi_tx_0_i_9_n_0
    SLICE_X20Y78         LUT6 (Prop_lut6_I1_O)        0.053    12.057 r  fir_0/hdmi_tx_0_i_7/O
                         net (fo=18, routed)          1.022    13.079    hdmi_tx_0/tmds_transmitter/encoder_b/tx_blue[1]
    SLICE_X6Y84          LUT3 (Prop_lut3_I2_O)        0.065    13.144 r  hdmi_tx_0/tmds_transmitter/encoder_b/din_num_1s[0]_i_2/O
                         net (fo=2, routed)           0.145    13.289    hdmi_tx_0/tmds_transmitter/encoder_b/din_num_1s[0]_i_2_n_0
    SLICE_X6Y84          LUT6 (Prop_lut6_I5_O)        0.168    13.457 r  hdmi_tx_0/tmds_transmitter/encoder_b/din_num_1s[3]_i_2/O
                         net (fo=3, routed)           0.401    13.857    hdmi_tx_0/tmds_transmitter/encoder_b/din_num_1s[3]_i_2_n_0
    SLICE_X6Y83          LUT3 (Prop_lut3_I0_O)        0.053    13.910 r  hdmi_tx_0/tmds_transmitter/encoder_b/din_num_1s[1]_i_1/O
                         net (fo=1, routed)           0.000    13.910    hdmi_tx_0/tmds_transmitter/encoder_b/din_num_1s[1]_i_1_n_0
    SLICE_X6Y83          FDRE                                         r  hdmi_tx_0/tmds_transmitter/encoder_b/din_num_1s_reg[1]/D
  -------------------------------------------------------------------    -------------------

                         (clock mmcm_clkout2 rise edge)
                                                     10.000    10.000 r  
    G24                                               0.000    10.000 r  hdmi_rx_clk_p (IN)
                         net (fo=0)                   0.000    10.000    hdmi_rx_0/hdmi_rx_clk_p
    G24                  IBUFDS (Prop_ibufds_I_O)     0.914    10.914 r  hdmi_rx_0/hdmi_rx_clk_buf/O
                         net (fo=1, routed)           1.149    12.063    hdmi_rx_0/mmcm_clkin
    MMCME2_ADV_X0Y1      MMCME2_ADV (Prop_mmcme2_adv_CLKIN1_CLKOUT2)
                                                      0.083    12.146 r  hdmi_rx_0/mmcm_adv_inst/CLKOUT2
                         net (fo=1, routed)           1.494    13.640    hdmi_rx_0/mmcm_clkout2
    BUFGCTRL_X0Y0        BUFG (Prop_bufg_I_O)         0.113    13.753 r  hdmi_rx_0/BUF_slowclk/O
                         net (fo=903, routed)         1.342    15.095    hdmi_tx_0/tmds_transmitter/encoder_b/tx_clk
    SLICE_X6Y83          FDRE                                         r  hdmi_tx_0/tmds_transmitter/encoder_b/din_num_1s_reg[1]/C
                         clock pessimism              0.340    15.436    
                         clock uncertainty           -0.074    15.362    
    SLICE_X6Y83          FDRE (Setup_fdre_C_D)        0.071    15.433    hdmi_tx_0/tmds_transmitter/encoder_b/din_num_1s_reg[1]
  -------------------------------------------------------------------
                         required time                         15.433    
                         arrival time                         -13.910    
  -------------------------------------------------------------------
                         slack                                  1.523    

Slack (MET) :             1.579ns  (required time - arrival time)
  Source:                 fir_0/row_3/dsp_cell_4/p_reg_reg/CLK
                            (rising edge-triggered cell DSP48E1 clocked by mmcm_clkout2  {rise@0.000ns fall@5.000ns period=10.000ns})
  Destination:            hdmi_tx_0/tmds_transmitter/encoder_g/din_num_1s_reg[1]/D
                            (rising edge-triggered cell FDRE clocked by mmcm_clkout2  {rise@0.000ns fall@5.000ns period=10.000ns})
  Path Group:             mmcm_clkout2
  Path Type:              Setup (Max at Slow Process Corner)
  Requirement:            10.000ns  (mmcm_clkout2 rise@10.000ns - mmcm_clkout2 rise@0.000ns)
  Data Path Delay:        8.380ns  (logic 3.912ns (46.685%)  route 4.468ns (53.315%))
  Logic Levels:           8  (DSP48E1=2 LUT3=2 LUT4=1 LUT6=3)
  Clock Path Skew:        -0.038ns (DCD - SCD + CPR)
    Destination Clock Delay (DCD):    5.093ns = ( 15.093 - 10.000 ) 
    Source Clock Delay      (SCD):    5.472ns
    Clock Pessimism Removal (CPR):    0.340ns
  Clock Uncertainty:      0.074ns  ((TSJ^2 + DJ^2)^1/2) / 2 + PE
    Total System Jitter     (TSJ):    0.071ns
    Discrete Jitter          (DJ):    0.129ns
    Phase Error              (PE):    0.000ns

    Location             Delay type                Incr(ns)  Path(ns)    Netlist Resource(s)
  -------------------------------------------------------------------    -------------------
                         (clock mmcm_clkout2 rise edge)
                                                      0.000     0.000 r  
    G24                                               0.000     0.000 r  hdmi_rx_clk_p (IN)
                         net (fo=0)                   0.000     0.000    hdmi_rx_0/hdmi_rx_clk_p
    G24                  IBUFDS (Prop_ibufds_I_O)     1.000     1.000 r  hdmi_rx_0/hdmi_rx_clk_buf/O
                         net (fo=1, routed)           1.230     2.230    hdmi_rx_0/mmcm_clkin
    MMCME2_ADV_X0Y1      MMCME2_ADV (Prop_mmcme2_adv_CLKIN1_CLKOUT2)
                                                      0.088     2.318 r  hdmi_rx_0/mmcm_adv_inst/CLKOUT2
                         net (fo=1, routed)           1.574     3.892    hdmi_rx_0/mmcm_clkout2
    BUFGCTRL_X0Y0        BUFG (Prop_bufg_I_O)         0.120     4.012 r  hdmi_rx_0/BUF_slowclk/O
                         net (fo=903, routed)         1.460     5.472    fir_0/row_3/dsp_cell_4/rx_clk
    DSP48_X1Y24          DSP48E1                                      r  fir_0/row_3/dsp_cell_4/p_reg_reg/CLK
  -------------------------------------------------------------------    -------------------
    DSP48_X1Y24          DSP48E1 (Prop_dsp48e1_CLK_P[41])
                                                      0.383     5.855 r  fir_0/row_3/dsp_cell_4/p_reg_reg/P[41]
                         net (fo=1, routed)           1.066     6.921    fir_0/row_3_n_6
    DSP48_X1Y30          DSP48E1 (Prop_dsp48e1_A[23]_PCOUT[47])
                                                      1.925     8.846 r  fir_0/fir_out_o/PCOUT[47]
                         net (fo=1, routed)           0.000     8.846    fir_0/fir_out_o_n_106
    DSP48_X1Y31          DSP48E1 (Prop_dsp48e1_PCIN[47]_P[43])
                                                      1.286    10.132 r  fir_0/fir_out_o__0/P[43]
                         net (fo=1, routed)           0.799    10.931    fir_0/fir_out_o__0_n_62
    SLICE_X20Y79         LUT4 (Prop_lut4_I1_O)        0.053    10.984 r  fir_0/hdmi_tx_0_i_14/O
                         net (fo=1, routed)           0.343    11.326    fir_0/hdmi_tx_0_i_14_n_0
    SLICE_X20Y77         LUT6 (Prop_lut6_I0_O)        0.053    11.379 r  fir_0/hdmi_tx_0_i_10/O
                         net (fo=8, routed)           0.490    11.869    fir_0/hdmi_tx_0_i_10_n_0
    SLICE_X20Y78         LUT6 (Prop_lut6_I2_O)        0.053    11.922 r  fir_0/hdmi_tx_0_i_6/O
                         net (fo=18, routed)          1.079    13.000    hdmi_tx_0/tmds_transmitter/encoder_g/tx_green[2]
    SLICE_X7Y81          LUT3 (Prop_lut3_I0_O)        0.053    13.053 r  hdmi_tx_0/tmds_transmitter/encoder_g/din_num_1s[0]_i_2/O
                         net (fo=2, routed)           0.296    13.350    hdmi_tx_0/tmds_transmitter/encoder_g/din_num_1s[0]_i_2_n_0
    SLICE_X6Y81          LUT6 (Prop_lut6_I5_O)        0.053    13.403 r  hdmi_tx_0/tmds_transmitter/encoder_g/din_num_1s[3]_i_2/O
                         net (fo=3, routed)           0.396    13.799    hdmi_tx_0/tmds_transmitter/encoder_g/din_num_1s[3]_i_2_n_0
    SLICE_X6Y81          LUT3 (Prop_lut3_I0_O)        0.053    13.852 r  hdmi_tx_0/tmds_transmitter/encoder_g/din_num_1s[1]_i_1/O
                         net (fo=1, routed)           0.000    13.852    hdmi_tx_0/tmds_transmitter/encoder_g/din_num_1s[1]_i_1_n_0
    SLICE_X6Y81          FDRE                                         r  hdmi_tx_0/tmds_transmitter/encoder_g/din_num_1s_reg[1]/D
  -------------------------------------------------------------------    -------------------

                         (clock mmcm_clkout2 rise edge)
                                                     10.000    10.000 r  
    G24                                               0.000    10.000 r  hdmi_rx_clk_p (IN)
                         net (fo=0)                   0.000    10.000    hdmi_rx_0/hdmi_rx_clk_p
    G24                  IBUFDS (Prop_ibufds_I_O)     0.914    10.914 r  hdmi_rx_0/hdmi_rx_clk_buf/O
                         net (fo=1, routed)           1.149    12.063    hdmi_rx_0/mmcm_clkin
    MMCME2_ADV_X0Y1      MMCME2_ADV (Prop_mmcme2_adv_CLKIN1_CLKOUT2)
                                                      0.083    12.146 r  hdmi_rx_0/mmcm_adv_inst/CLKOUT2
                         net (fo=1, routed)           1.494    13.640    hdmi_rx_0/mmcm_clkout2
    BUFGCTRL_X0Y0        BUFG (Prop_bufg_I_O)         0.113    13.753 r  hdmi_rx_0/BUF_slowclk/O
                         net (fo=903, routed)         1.340    15.093    hdmi_tx_0/tmds_transmitter/encoder_g/tx_clk
    SLICE_X6Y81          FDRE                                         r  hdmi_tx_0/tmds_transmitter/encoder_g/din_num_1s_reg[1]/C
                         clock pessimism              0.340    15.434    
                         clock uncertainty           -0.074    15.360    
    SLICE_X6Y81          FDRE (Setup_fdre_C_D)        0.071    15.431    hdmi_tx_0/tmds_transmitter/encoder_g/din_num_1s_reg[1]
  -------------------------------------------------------------------
                         required time                         15.431    
                         arrival time                         -13.852    
  -------------------------------------------------------------------
                         slack                                  1.579    

Slack (MET) :             1.582ns  (required time - arrival time)
  Source:                 fir_0/row_3/dsp_cell_4/p_reg_reg/CLK
                            (rising edge-triggered cell DSP48E1 clocked by mmcm_clkout2  {rise@0.000ns fall@5.000ns period=10.000ns})
  Destination:            hdmi_tx_0/tmds_transmitter/encoder_g/din_num_1s_reg[2]/D
                            (rising edge-triggered cell FDRE clocked by mmcm_clkout2  {rise@0.000ns fall@5.000ns period=10.000ns})
  Path Group:             mmcm_clkout2
  Path Type:              Setup (Max at Slow Process Corner)
  Requirement:            10.000ns  (mmcm_clkout2 rise@10.000ns - mmcm_clkout2 rise@0.000ns)
  Data Path Delay:        8.378ns  (logic 3.912ns (46.696%)  route 4.466ns (53.304%))
  Logic Levels:           8  (DSP48E1=2 LUT3=1 LUT4=1 LUT6=4)
  Clock Path Skew:        -0.038ns (DCD - SCD + CPR)
    Destination Clock Delay (DCD):    5.093ns = ( 15.093 - 10.000 ) 
    Source Clock Delay      (SCD):    5.472ns
    Clock Pessimism Removal (CPR):    0.340ns
  Clock Uncertainty:      0.074ns  ((TSJ^2 + DJ^2)^1/2) / 2 + PE
    Total System Jitter     (TSJ):    0.071ns
    Discrete Jitter          (DJ):    0.129ns
    Phase Error              (PE):    0.000ns

    Location             Delay type                Incr(ns)  Path(ns)    Netlist Resource(s)
  -------------------------------------------------------------------    -------------------
                         (clock mmcm_clkout2 rise edge)
                                                      0.000     0.000 r  
    G24                                               0.000     0.000 r  hdmi_rx_clk_p (IN)
                         net (fo=0)                   0.000     0.000    hdmi_rx_0/hdmi_rx_clk_p
    G24                  IBUFDS (Prop_ibufds_I_O)     1.000     1.000 r  hdmi_rx_0/hdmi_rx_clk_buf/O
                         net (fo=1, routed)           1.230     2.230    hdmi_rx_0/mmcm_clkin
    MMCME2_ADV_X0Y1      MMCME2_ADV (Prop_mmcme2_adv_CLKIN1_CLKOUT2)
                                                      0.088     2.318 r  hdmi_rx_0/mmcm_adv_inst/CLKOUT2
                         net (fo=1, routed)           1.574     3.892    hdmi_rx_0/mmcm_clkout2
    BUFGCTRL_X0Y0        BUFG (Prop_bufg_I_O)         0.120     4.012 r  hdmi_rx_0/BUF_slowclk/O
                         net (fo=903, routed)         1.460     5.472    fir_0/row_3/dsp_cell_4/rx_clk
    DSP48_X1Y24          DSP48E1                                      r  fir_0/row_3/dsp_cell_4/p_reg_reg/CLK
  -------------------------------------------------------------------    -------------------
    DSP48_X1Y24          DSP48E1 (Prop_dsp48e1_CLK_P[41])
                                                      0.383     5.855 r  fir_0/row_3/dsp_cell_4/p_reg_reg/P[41]
                         net (fo=1, routed)           1.066     6.921    fir_0/row_3_n_6
    DSP48_X1Y30          DSP48E1 (Prop_dsp48e1_A[23]_PCOUT[47])
                                                      1.925     8.846 r  fir_0/fir_out_o/PCOUT[47]
                         net (fo=1, routed)           0.000     8.846    fir_0/fir_out_o_n_106
    DSP48_X1Y31          DSP48E1 (Prop_dsp48e1_PCIN[47]_P[43])
                                                      1.286    10.132 r  fir_0/fir_out_o__0/P[43]
                         net (fo=1, routed)           0.799    10.931    fir_0/fir_out_o__0_n_62
    SLICE_X20Y79         LUT4 (Prop_lut4_I1_O)        0.053    10.984 r  fir_0/hdmi_tx_0_i_14/O
                         net (fo=1, routed)           0.343    11.326    fir_0/hdmi_tx_0_i_14_n_0
    SLICE_X20Y77         LUT6 (Prop_lut6_I0_O)        0.053    11.379 r  fir_0/hdmi_tx_0_i_10/O
                         net (fo=8, routed)           0.490    11.869    fir_0/hdmi_tx_0_i_10_n_0
    SLICE_X20Y78         LUT6 (Prop_lut6_I2_O)        0.053    11.922 r  fir_0/hdmi_tx_0_i_6/O
                         net (fo=18, routed)          1.079    13.000    hdmi_tx_0/tmds_transmitter/encoder_g/tx_green[2]
    SLICE_X7Y81          LUT3 (Prop_lut3_I0_O)        0.053    13.053 r  hdmi_tx_0/tmds_transmitter/encoder_g/din_num_1s[0]_i_2/O
                         net (fo=2, routed)           0.296    13.350    hdmi_tx_0/tmds_transmitter/encoder_g/din_num_1s[0]_i_2_n_0
    SLICE_X6Y81          LUT6 (Prop_lut6_I5_O)        0.053    13.403 r  hdmi_tx_0/tmds_transmitter/encoder_g/din_num_1s[3]_i_2/O
                         net (fo=3, routed)           0.394    13.797    hdmi_tx_0/tmds_transmitter/encoder_g/din_num_1s[3]_i_2_n_0
    SLICE_X6Y81          LUT6 (Prop_lut6_I0_O)        0.053    13.850 r  hdmi_tx_0/tmds_transmitter/encoder_g/din_num_1s[2]_i_1/O
                         net (fo=1, routed)           0.000    13.850    hdmi_tx_0/tmds_transmitter/encoder_g/din_num_1s[2]_i_1_n_0
    SLICE_X6Y81          FDRE                                         r  hdmi_tx_0/tmds_transmitter/encoder_g/din_num_1s_reg[2]/D
  -------------------------------------------------------------------    -------------------

                         (clock mmcm_clkout2 rise edge)
                                                     10.000    10.000 r  
    G24                                               0.000    10.000 r  hdmi_rx_clk_p (IN)
                         net (fo=0)                   0.000    10.000    hdmi_rx_0/hdmi_rx_clk_p
    G24                  IBUFDS (Prop_ibufds_I_O)     0.914    10.914 r  hdmi_rx_0/hdmi_rx_clk_buf/O
                         net (fo=1, routed)           1.149    12.063    hdmi_rx_0/mmcm_clkin
    MMCME2_ADV_X0Y1      MMCME2_ADV (Prop_mmcme2_adv_CLKIN1_CLKOUT2)
                                                      0.083    12.146 r  hdmi_rx_0/mmcm_adv_inst/CLKOUT2
                         net (fo=1, routed)           1.494    13.640    hdmi_rx_0/mmcm_clkout2
    BUFGCTRL_X0Y0        BUFG (Prop_bufg_I_O)         0.113    13.753 r  hdmi_rx_0/BUF_slowclk/O
                         net (fo=903, routed)         1.340    15.093    hdmi_tx_0/tmds_transmitter/encoder_g/tx_clk
    SLICE_X6Y81          FDRE                                         r  hdmi_tx_0/tmds_transmitter/encoder_g/din_num_1s_reg[2]/C
                         clock pessimism              0.340    15.434    
                         clock uncertainty           -0.074    15.360    
    SLICE_X6Y81          FDRE (Setup_fdre_C_D)        0.072    15.432    hdmi_tx_0/tmds_transmitter/encoder_g/din_num_1s_reg[2]
  -------------------------------------------------------------------
                         required time                         15.432    
                         arrival time                         -13.850    
  -------------------------------------------------------------------
                         slack                                  1.582    

Slack (MET) :             1.597ns  (required time - arrival time)
  Source:                 fir_0/row_3/dsp_cell_4/p_reg_reg/CLK
                            (rising edge-triggered cell DSP48E1 clocked by mmcm_clkout2  {rise@0.000ns fall@5.000ns period=10.000ns})
  Destination:            hdmi_tx_0/tmds_transmitter/encoder_g/din_num_1s_reg[3]/D
                            (rising edge-triggered cell FDRE clocked by mmcm_clkout2  {rise@0.000ns fall@5.000ns period=10.000ns})
  Path Group:             mmcm_clkout2
  Path Type:              Setup (Max at Slow Process Corner)
  Requirement:            10.000ns  (mmcm_clkout2 rise@10.000ns - mmcm_clkout2 rise@0.000ns)
  Data Path Delay:        8.364ns  (logic 3.986ns (47.654%)  route 4.378ns (52.346%))
  Logic Levels:           7  (DSP48E1=2 LUT4=1 LUT5=1 LUT6=3)
  Clock Path Skew:        -0.038ns (DCD - SCD + CPR)
    Destination Clock Delay (DCD):    5.093ns = ( 15.093 - 10.000 ) 
    Source Clock Delay      (SCD):    5.472ns
    Clock Pessimism Removal (CPR):    0.340ns
  Clock Uncertainty:      0.074ns  ((TSJ^2 + DJ^2)^1/2) / 2 + PE
    Total System Jitter     (TSJ):    0.071ns
    Discrete Jitter          (DJ):    0.129ns
    Phase Error              (PE):    0.000ns

    Location             Delay type                Incr(ns)  Path(ns)    Netlist Resource(s)
  -------------------------------------------------------------------    -------------------
                         (clock mmcm_clkout2 rise edge)
                                                      0.000     0.000 r  
    G24                                               0.000     0.000 r  hdmi_rx_clk_p (IN)
                         net (fo=0)                   0.000     0.000    hdmi_rx_0/hdmi_rx_clk_p
    G24                  IBUFDS (Prop_ibufds_I_O)     1.000     1.000 r  hdmi_rx_0/hdmi_rx_clk_buf/O
                         net (fo=1, routed)           1.230     2.230    hdmi_rx_0/mmcm_clkin
    MMCME2_ADV_X0Y1      MMCME2_ADV (Prop_mmcme2_adv_CLKIN1_CLKOUT2)
                                                      0.088     2.318 r  hdmi_rx_0/mmcm_adv_inst/CLKOUT2
                         net (fo=1, routed)           1.574     3.892    hdmi_rx_0/mmcm_clkout2
    BUFGCTRL_X0Y0        BUFG (Prop_bufg_I_O)         0.120     4.012 r  hdmi_rx_0/BUF_slowclk/O
                         net (fo=903, routed)         1.460     5.472    fir_0/row_3/dsp_cell_4/rx_clk
    DSP48_X1Y24          DSP48E1                                      r  fir_0/row_3/dsp_cell_4/p_reg_reg/CLK
  -------------------------------------------------------------------    -------------------
    DSP48_X1Y24          DSP48E1 (Prop_dsp48e1_CLK_P[41])
                                                      0.383     5.855 r  fir_0/row_3/dsp_cell_4/p_reg_reg/P[41]
                         net (fo=1, routed)           1.066     6.921    fir_0/row_3_n_6
    DSP48_X1Y30          DSP48E1 (Prop_dsp48e1_A[23]_PCOUT[47])
                                                      1.925     8.846 r  fir_0/fir_out_o/PCOUT[47]
                         net (fo=1, routed)           0.000     8.846    fir_0/fir_out_o_n_106
    DSP48_X1Y31          DSP48E1 (Prop_dsp48e1_PCIN[47]_P[43])
                                                      1.286    10.132 r  fir_0/fir_out_o__0/P[43]
                         net (fo=1, routed)           0.799    10.931    fir_0/fir_out_o__0_n_62
    SLICE_X20Y79         LUT4 (Prop_lut4_I1_O)        0.053    10.984 r  fir_0/hdmi_tx_0_i_14/O
                         net (fo=1, routed)           0.343    11.326    fir_0/hdmi_tx_0_i_14_n_0
    SLICE_X20Y77         LUT6 (Prop_lut6_I0_O)        0.053    11.379 r  fir_0/hdmi_tx_0_i_10/O
                         net (fo=8, routed)           0.568    11.947    fir_0/hdmi_tx_0_i_10_n_0
    SLICE_X21Y78         LUT6 (Prop_lut6_I2_O)        0.053    12.000 r  fir_0/hdmi_tx_0_i_8/O
                         net (fo=12, routed)          1.148    13.148    hdmi_tx_0/tmds_transmitter/encoder_g/tx_green[0]
    SLICE_X7Y81          LUT5 (Prop_lut5_I1_O)        0.063    13.211 r  hdmi_tx_0/tmds_transmitter/encoder_g/din_num_1s[3]_i_3/O
                         net (fo=3, routed)           0.455    13.667    hdmi_tx_0/tmds_transmitter/encoder_g/din_num_1s[3]_i_3_n_0
    SLICE_X6Y81          LUT6 (Prop_lut6_I1_O)        0.170    13.837 r  hdmi_tx_0/tmds_transmitter/encoder_g/din_num_1s[3]_i_1/O
                         net (fo=1, routed)           0.000    13.837    hdmi_tx_0/tmds_transmitter/encoder_g/din_num_1s[3]_i_1_n_0
    SLICE_X6Y81          FDRE                                         r  hdmi_tx_0/tmds_transmitter/encoder_g/din_num_1s_reg[3]/D
  -------------------------------------------------------------------    -------------------

                         (clock mmcm_clkout2 rise edge)
                                                     10.000    10.000 r  
    G24                                               0.000    10.000 r  hdmi_rx_clk_p (IN)
                         net (fo=0)                   0.000    10.000    hdmi_rx_0/hdmi_rx_clk_p
    G24                  IBUFDS (Prop_ibufds_I_O)     0.914    10.914 r  hdmi_rx_0/hdmi_rx_clk_buf/O
                         net (fo=1, routed)           1.149    12.063    hdmi_rx_0/mmcm_clkin
    MMCME2_ADV_X0Y1      MMCME2_ADV (Prop_mmcme2_adv_CLKIN1_CLKOUT2)
                                                      0.083    12.146 r  hdmi_rx_0/mmcm_adv_inst/CLKOUT2
                         net (fo=1, routed)           1.494    13.640    hdmi_rx_0/mmcm_clkout2
    BUFGCTRL_X0Y0        BUFG (Prop_bufg_I_O)         0.113    13.753 r  hdmi_rx_0/BUF_slowclk/O
                         net (fo=903, routed)         1.340    15.093    hdmi_tx_0/tmds_transmitter/encoder_g/tx_clk
    SLICE_X6Y81          FDRE                                         r  hdmi_tx_0/tmds_transmitter/encoder_g/din_num_1s_reg[3]/C
                         clock pessimism              0.340    15.434    
                         clock uncertainty           -0.074    15.360    
    SLICE_X6Y81          FDRE (Setup_fdre_C_D)        0.073    15.433    hdmi_tx_0/tmds_transmitter/encoder_g/din_num_1s_reg[3]
  -------------------------------------------------------------------
                         required time                         15.433    
                         arrival time                         -13.837    
  -------------------------------------------------------------------
                         slack                                  1.597    

Slack (MET) :             1.727ns  (required time - arrival time)
  Source:                 fir_0/row_3/dsp_cell_4/p_reg_reg/CLK
                            (rising edge-triggered cell DSP48E1 clocked by mmcm_clkout2  {rise@0.000ns fall@5.000ns period=10.000ns})
  Destination:            hdmi_tx_0/tmds_transmitter/encoder_b/din_num_1s_reg[0]/D
                            (rising edge-triggered cell FDRE clocked by mmcm_clkout2  {rise@0.000ns fall@5.000ns period=10.000ns})
  Path Group:             mmcm_clkout2
  Path Type:              Setup (Max at Slow Process Corner)
  Requirement:            10.000ns  (mmcm_clkout2 rise@10.000ns - mmcm_clkout2 rise@0.000ns)
  Data Path Delay:        8.199ns  (logic 3.986ns (48.617%)  route 4.213ns (51.383%))
  Logic Levels:           7  (DSP48E1=2 LUT3=1 LUT4=2 LUT6=2)
  Clock Path Skew:        -0.035ns (DCD - SCD + CPR)
    Destination Clock Delay (DCD):    5.096ns = ( 15.096 - 10.000 ) 
    Source Clock Delay      (SCD):    5.472ns
    Clock Pessimism Removal (CPR):    0.340ns
  Clock Uncertainty:      0.074ns  ((TSJ^2 + DJ^2)^1/2) / 2 + PE
    Total System Jitter     (TSJ):    0.071ns
    Discrete Jitter          (DJ):    0.129ns
    Phase Error              (PE):    0.000ns

    Location             Delay type                Incr(ns)  Path(ns)    Netlist Resource(s)
  -------------------------------------------------------------------    -------------------
                         (clock mmcm_clkout2 rise edge)
                                                      0.000     0.000 r  
    G24                                               0.000     0.000 r  hdmi_rx_clk_p (IN)
                         net (fo=0)                   0.000     0.000    hdmi_rx_0/hdmi_rx_clk_p
    G24                  IBUFDS (Prop_ibufds_I_O)     1.000     1.000 r  hdmi_rx_0/hdmi_rx_clk_buf/O
                         net (fo=1, routed)           1.230     2.230    hdmi_rx_0/mmcm_clkin
    MMCME2_ADV_X0Y1      MMCME2_ADV (Prop_mmcme2_adv_CLKIN1_CLKOUT2)
                                                      0.088     2.318 r  hdmi_rx_0/mmcm_adv_inst/CLKOUT2
                         net (fo=1, routed)           1.574     3.892    hdmi_rx_0/mmcm_clkout2
    BUFGCTRL_X0Y0        BUFG (Prop_bufg_I_O)         0.120     4.012 r  hdmi_rx_0/BUF_slowclk/O
                         net (fo=903, routed)         1.460     5.472    fir_0/row_3/dsp_cell_4/rx_clk
    DSP48_X1Y24          DSP48E1                                      r  fir_0/row_3/dsp_cell_4/p_reg_reg/CLK
  -------------------------------------------------------------------    -------------------
    DSP48_X1Y24          DSP48E1 (Prop_dsp48e1_CLK_P[41])
                                                      0.383     5.855 r  fir_0/row_3/dsp_cell_4/p_reg_reg/P[41]
                         net (fo=1, routed)           1.066     6.921    fir_0/row_3_n_6
    DSP48_X1Y30          DSP48E1 (Prop_dsp48e1_A[23]_PCOUT[47])
                                                      1.925     8.846 r  fir_0/fir_out_o/PCOUT[47]
                         net (fo=1, routed)           0.000     8.846    fir_0/fir_out_o_n_106
    DSP48_X1Y31          DSP48E1 (Prop_dsp48e1_PCIN[47]_P[20])
                                                      1.286    10.132 r  fir_0/fir_out_o__0/P[20]
                         net (fo=1, routed)           0.700    10.832    fir_0/fir_out_o__0_n_85
    SLICE_X20Y75         LUT4 (Prop_lut4_I0_O)        0.053    10.885 r  fir_0/hdmi_tx_0_i_13/O
                         net (fo=1, routed)           0.473    11.358    fir_0/hdmi_tx_0_i_13_n_0
    SLICE_X20Y79         LUT4 (Prop_lut4_I3_O)        0.053    11.411 r  fir_0/hdmi_tx_0_i_9/O
                         net (fo=8, routed)           0.593    12.004    fir_0/hdmi_tx_0_i_9_n_0
    SLICE_X20Y78         LUT6 (Prop_lut6_I1_O)        0.053    12.057 r  fir_0/hdmi_tx_0_i_7/O
                         net (fo=18, routed)          1.022    13.079    hdmi_tx_0/tmds_transmitter/encoder_b/tx_blue[1]
    SLICE_X6Y84          LUT3 (Prop_lut3_I2_O)        0.065    13.144 r  hdmi_tx_0/tmds_transmitter/encoder_b/din_num_1s[0]_i_2/O
                         net (fo=2, routed)           0.359    13.503    hdmi_tx_0/tmds_transmitter/encoder_b/din_num_1s[0]_i_2_n_0
    SLICE_X5Y84          LUT6 (Prop_lut6_I2_O)        0.168    13.671 r  hdmi_tx_0/tmds_transmitter/encoder_b/din_num_1s[0]_i_1/O
                         net (fo=1, routed)           0.000    13.671    hdmi_tx_0/tmds_transmitter/encoder_b/din_num_1s[0]_i_1_n_0
    SLICE_X5Y84          FDRE                                         r  hdmi_tx_0/tmds_transmitter/encoder_b/din_num_1s_reg[0]/D
  -------------------------------------------------------------------    -------------------

                         (clock mmcm_clkout2 rise edge)
                                                     10.000    10.000 r  
    G24                                               0.000    10.000 r  hdmi_rx_clk_p (IN)
                         net (fo=0)                   0.000    10.000    hdmi_rx_0/hdmi_rx_clk_p
    G24                  IBUFDS (Prop_ibufds_I_O)     0.914    10.914 r  hdmi_rx_0/hdmi_rx_clk_buf/O
                         net (fo=1, routed)           1.149    12.063    hdmi_rx_0/mmcm_clkin
    MMCME2_ADV_X0Y1      MMCME2_ADV (Prop_mmcme2_adv_CLKIN1_CLKOUT2)
                                                      0.083    12.146 r  hdmi_rx_0/mmcm_adv_inst/CLKOUT2
                         net (fo=1, routed)           1.494    13.640    hdmi_rx_0/mmcm_clkout2
    BUFGCTRL_X0Y0        BUFG (Prop_bufg_I_O)         0.113    13.753 r  hdmi_rx_0/BUF_slowclk/O
                         net (fo=903, routed)         1.343    15.096    hdmi_tx_0/tmds_transmitter/encoder_b/tx_clk
    SLICE_X5Y84          FDRE                                         r  hdmi_tx_0/tmds_transmitter/encoder_b/din_num_1s_reg[0]/C
                         clock pessimism              0.340    15.437    
                         clock uncertainty           -0.074    15.363    
    SLICE_X5Y84          FDRE (Setup_fdre_C_D)        0.035    15.398    hdmi_tx_0/tmds_transmitter/encoder_b/din_num_1s_reg[0]
  -------------------------------------------------------------------
                         required time                         15.398    
                         arrival time                         -13.671    
  -------------------------------------------------------------------
                         slack                                  1.727    





Min Delay Paths
--------------------------------------------------------------------------------------
Slack (MET) :             0.053ns  (arrival time - required time)
  Source:                 hdmi_rx_0/tmds_receiver/decoder_g/channel_deskew/wr_addr_reg[0]/C
                            (rising edge-triggered cell FDCE clocked by mmcm_clkout2  {rise@0.000ns fall@5.000ns period=10.000ns})
  Destination:            hdmi_rx_0/tmds_receiver/decoder_g/channel_deskew/ram_reg_0_15_0_5/RAMA/WADR0
                            (rising edge-triggered cell RAMD32 clocked by mmcm_clkout2  {rise@0.000ns fall@5.000ns period=10.000ns})
  Path Group:             mmcm_clkout2
  Path Type:              Hold (Min at Fast Process Corner)
  Requirement:            0.000ns  (mmcm_clkout2 rise@0.000ns - mmcm_clkout2 rise@0.000ns)
  Data Path Delay:        0.363ns  (logic 0.100ns (27.578%)  route 0.263ns (72.422%))
  Logic Levels:           0  
  Clock Path Skew:        0.013ns (DCD - SCD - CPR)
    Destination Clock Delay (DCD):    2.621ns
    Source Clock Delay      (SCD):    2.217ns
    Clock Pessimism Removal (CPR):    0.390ns

    Location             Delay type                Incr(ns)  Path(ns)    Netlist Resource(s)
  -------------------------------------------------------------------    -------------------
                         (clock mmcm_clkout2 rise edge)
                                                      0.000     0.000 r  
    G24                                               0.000     0.000 r  hdmi_rx_clk_p (IN)
                         net (fo=0)                   0.000     0.000    hdmi_rx_0/hdmi_rx_clk_p
    G24                  IBUFDS (Prop_ibufds_I_O)     0.536     0.536 r  hdmi_rx_0/hdmi_rx_clk_buf/O
                         net (fo=1, routed)           0.503     1.039    hdmi_rx_0/mmcm_clkin
    MMCME2_ADV_X0Y1      MMCME2_ADV (Prop_mmcme2_adv_CLKIN1_CLKOUT2)
                                                      0.050     1.089 r  hdmi_rx_0/mmcm_adv_inst/CLKOUT2
                         net (fo=1, routed)           0.533     1.622    hdmi_rx_0/mmcm_clkout2
    BUFGCTRL_X0Y0        BUFG (Prop_bufg_I_O)         0.026     1.648 r  hdmi_rx_0/BUF_slowclk/O
                         net (fo=903, routed)         0.569     2.217    hdmi_rx_0/tmds_receiver/decoder_g/channel_deskew/hdmi_rx_clk_n
    SLICE_X4Y72          FDCE                                         r  hdmi_rx_0/tmds_receiver/decoder_g/channel_deskew/wr_addr_reg[0]/C
  -------------------------------------------------------------------    -------------------
    SLICE_X4Y72          FDCE (Prop_fdce_C_Q)         0.100     2.317 r  hdmi_rx_0/tmds_receiver/decoder_g/channel_deskew/wr_addr_reg[0]/Q
                         net (fo=20, routed)          0.263     2.580    hdmi_rx_0/tmds_receiver/decoder_g/channel_deskew/ram_reg_0_15_0_5/ADDRD0
    SLICE_X6Y71          RAMD32                                       r  hdmi_rx_0/tmds_receiver/decoder_g/channel_deskew/ram_reg_0_15_0_5/RAMA/WADR0
  -------------------------------------------------------------------    -------------------

                         (clock mmcm_clkout2 rise edge)
                                                      0.000     0.000 r  
    G24                                               0.000     0.000 r  hdmi_rx_clk_p (IN)
                         net (fo=0)                   0.000     0.000    hdmi_rx_0/hdmi_rx_clk_p
    G24                  IBUFDS (Prop_ibufds_I_O)     0.623     0.623 r  hdmi_rx_0/hdmi_rx_clk_buf/O
                         net (fo=1, routed)           0.553     1.176    hdmi_rx_0/mmcm_clkin
    MMCME2_ADV_X0Y1      MMCME2_ADV (Prop_mmcme2_adv_CLKIN1_CLKOUT2)
                                                      0.053     1.229 r  hdmi_rx_0/mmcm_adv_inst/CLKOUT2
                         net (fo=1, routed)           0.592     1.821    hdmi_rx_0/mmcm_clkout2
    BUFGCTRL_X0Y0        BUFG (Prop_bufg_I_O)         0.030     1.851 r  hdmi_rx_0/BUF_slowclk/O
                         net (fo=903, routed)         0.770     2.621    hdmi_rx_0/tmds_receiver/decoder_g/channel_deskew/ram_reg_0_15_0_5/WCLK
    SLICE_X6Y71          RAMD32                                       r  hdmi_rx_0/tmds_receiver/decoder_g/channel_deskew/ram_reg_0_15_0_5/RAMA/CLK
                         clock pessimism             -0.390     2.230    
    SLICE_X6Y71          RAMD32 (Hold_ramd32_CLK_WADR0)
                                                      0.297     2.527    hdmi_rx_0/tmds_receiver/decoder_g/channel_deskew/ram_reg_0_15_0_5/RAMA
  -------------------------------------------------------------------
                         required time                         -2.527    
                         arrival time                           2.580    
  -------------------------------------------------------------------
                         slack                                  0.053    

Slack (MET) :             0.053ns  (arrival time - required time)
  Source:                 hdmi_rx_0/tmds_receiver/decoder_g/channel_deskew/wr_addr_reg[0]/C
                            (rising edge-triggered cell FDCE clocked by mmcm_clkout2  {rise@0.000ns fall@5.000ns period=10.000ns})
  Destination:            hdmi_rx_0/tmds_receiver/decoder_g/channel_deskew/ram_reg_0_15_0_5/RAMA_D1/WADR0
                            (rising edge-triggered cell RAMD32 clocked by mmcm_clkout2  {rise@0.000ns fall@5.000ns period=10.000ns})
  Path Group:             mmcm_clkout2
  Path Type:              Hold (Min at Fast Process Corner)
  Requirement:            0.000ns  (mmcm_clkout2 rise@0.000ns - mmcm_clkout2 rise@0.000ns)
  Data Path Delay:        0.363ns  (logic 0.100ns (27.578%)  route 0.263ns (72.422%))
  Logic Levels:           0  
  Clock Path Skew:        0.013ns (DCD - SCD - CPR)
    Destination Clock Delay (DCD):    2.621ns
    Source Clock Delay      (SCD):    2.217ns
    Clock Pessimism Removal (CPR):    0.390ns

    Location             Delay type                Incr(ns)  Path(ns)    Netlist Resource(s)
  -------------------------------------------------------------------    -------------------
                         (clock mmcm_clkout2 rise edge)
                                                      0.000     0.000 r  
    G24                                               0.000     0.000 r  hdmi_rx_clk_p (IN)
                         net (fo=0)                   0.000     0.000    hdmi_rx_0/hdmi_rx_clk_p
    G24                  IBUFDS (Prop_ibufds_I_O)     0.536     0.536 r  hdmi_rx_0/hdmi_rx_clk_buf/O
                         net (fo=1, routed)           0.503     1.039    hdmi_rx_0/mmcm_clkin
    MMCME2_ADV_X0Y1      MMCME2_ADV (Prop_mmcme2_adv_CLKIN1_CLKOUT2)
                                                      0.050     1.089 r  hdmi_rx_0/mmcm_adv_inst/CLKOUT2
                         net (fo=1, routed)           0.533     1.622    hdmi_rx_0/mmcm_clkout2
    BUFGCTRL_X0Y0        BUFG (Prop_bufg_I_O)         0.026     1.648 r  hdmi_rx_0/BUF_slowclk/O
                         net (fo=903, routed)         0.569     2.217    hdmi_rx_0/tmds_receiver/decoder_g/channel_deskew/hdmi_rx_clk_n
    SLICE_X4Y72          FDCE                                         r  hdmi_rx_0/tmds_receiver/decoder_g/channel_deskew/wr_addr_reg[0]/C
  -------------------------------------------------------------------    -------------------
    SLICE_X4Y72          FDCE (Prop_fdce_C_Q)         0.100     2.317 r  hdmi_rx_0/tmds_receiver/decoder_g/channel_deskew/wr_addr_reg[0]/Q
                         net (fo=20, routed)          0.263     2.580    hdmi_rx_0/tmds_receiver/decoder_g/channel_deskew/ram_reg_0_15_0_5/ADDRD0
    SLICE_X6Y71          RAMD32                                       r  hdmi_rx_0/tmds_receiver/decoder_g/channel_deskew/ram_reg_0_15_0_5/RAMA_D1/WADR0
  -------------------------------------------------------------------    -------------------

                         (clock mmcm_clkout2 rise edge)
                                                      0.000     0.000 r  
    G24                                               0.000     0.000 r  hdmi_rx_clk_p (IN)
                         net (fo=0)                   0.000     0.000    hdmi_rx_0/hdmi_rx_clk_p
    G24                  IBUFDS (Prop_ibufds_I_O)     0.623     0.623 r  hdmi_rx_0/hdmi_rx_clk_buf/O
                         net (fo=1, routed)           0.553     1.176    hdmi_rx_0/mmcm_clkin
    MMCME2_ADV_X0Y1      MMCME2_ADV (Prop_mmcme2_adv_CLKIN1_CLKOUT2)
                                                      0.053     1.229 r  hdmi_rx_0/mmcm_adv_inst/CLKOUT2
                         net (fo=1, routed)           0.592     1.821    hdmi_rx_0/mmcm_clkout2
    BUFGCTRL_X0Y0        BUFG (Prop_bufg_I_O)         0.030     1.851 r  hdmi_rx_0/BUF_slowclk/O
                         net (fo=903, routed)         0.770     2.621    hdmi_rx_0/tmds_receiver/decoder_g/channel_deskew/ram_reg_0_15_0_5/WCLK
    SLICE_X6Y71          RAMD32                                       r  hdmi_rx_0/tmds_receiver/decoder_g/channel_deskew/ram_reg_0_15_0_5/RAMA_D1/CLK
                         clock pessimism             -0.390     2.230    
    SLICE_X6Y71          RAMD32 (Hold_ramd32_CLK_WADR0)
                                                      0.297     2.527    hdmi_rx_0/tmds_receiver/decoder_g/channel_deskew/ram_reg_0_15_0_5/RAMA_D1
  -------------------------------------------------------------------
                         required time                         -2.527    
                         arrival time                           2.580    
  -------------------------------------------------------------------
                         slack                                  0.053    

Slack (MET) :             0.053ns  (arrival time - required time)
  Source:                 hdmi_rx_0/tmds_receiver/decoder_g/channel_deskew/wr_addr_reg[0]/C
                            (rising edge-triggered cell FDCE clocked by mmcm_clkout2  {rise@0.000ns fall@5.000ns period=10.000ns})
  Destination:            hdmi_rx_0/tmds_receiver/decoder_g/channel_deskew/ram_reg_0_15_0_5/RAMB/WADR0
                            (rising edge-triggered cell RAMD32 clocked by mmcm_clkout2  {rise@0.000ns fall@5.000ns period=10.000ns})
  Path Group:             mmcm_clkout2
  Path Type:              Hold (Min at Fast Process Corner)
  Requirement:            0.000ns  (mmcm_clkout2 rise@0.000ns - mmcm_clkout2 rise@0.000ns)
  Data Path Delay:        0.363ns  (logic 0.100ns (27.578%)  route 0.263ns (72.422%))
  Logic Levels:           0  
  Clock Path Skew:        0.013ns (DCD - SCD - CPR)
    Destination Clock Delay (DCD):    2.621ns
    Source Clock Delay      (SCD):    2.217ns
    Clock Pessimism Removal (CPR):    0.390ns

    Location             Delay type                Incr(ns)  Path(ns)    Netlist Resource(s)
  -------------------------------------------------------------------    -------------------
                         (clock mmcm_clkout2 rise edge)
                                                      0.000     0.000 r  
    G24                                               0.000     0.000 r  hdmi_rx_clk_p (IN)
                         net (fo=0)                   0.000     0.000    hdmi_rx_0/hdmi_rx_clk_p
    G24                  IBUFDS (Prop_ibufds_I_O)     0.536     0.536 r  hdmi_rx_0/hdmi_rx_clk_buf/O
                         net (fo=1, routed)           0.503     1.039    hdmi_rx_0/mmcm_clkin
    MMCME2_ADV_X0Y1      MMCME2_ADV (Prop_mmcme2_adv_CLKIN1_CLKOUT2)
                                                      0.050     1.089 r  hdmi_rx_0/mmcm_adv_inst/CLKOUT2
                         net (fo=1, routed)           0.533     1.622    hdmi_rx_0/mmcm_clkout2
    BUFGCTRL_X0Y0        BUFG (Prop_bufg_I_O)         0.026     1.648 r  hdmi_rx_0/BUF_slowclk/O
                         net (fo=903, routed)         0.569     2.217    hdmi_rx_0/tmds_receiver/decoder_g/channel_deskew/hdmi_rx_clk_n
    SLICE_X4Y72          FDCE                                         r  hdmi_rx_0/tmds_receiver/decoder_g/channel_deskew/wr_addr_reg[0]/C
  -------------------------------------------------------------------    -------------------
    SLICE_X4Y72          FDCE (Prop_fdce_C_Q)         0.100     2.317 r  hdmi_rx_0/tmds_receiver/decoder_g/channel_deskew/wr_addr_reg[0]/Q
                         net (fo=20, routed)          0.263     2.580    hdmi_rx_0/tmds_receiver/decoder_g/channel_deskew/ram_reg_0_15_0_5/ADDRD0
    SLICE_X6Y71          RAMD32                                       r  hdmi_rx_0/tmds_receiver/decoder_g/channel_deskew/ram_reg_0_15_0_5/RAMB/WADR0
  -------------------------------------------------------------------    -------------------

                         (clock mmcm_clkout2 rise edge)
                                                      0.000     0.000 r  
    G24                                               0.000     0.000 r  hdmi_rx_clk_p (IN)
                         net (fo=0)                   0.000     0.000    hdmi_rx_0/hdmi_rx_clk_p
    G24                  IBUFDS (Prop_ibufds_I_O)     0.623     0.623 r  hdmi_rx_0/hdmi_rx_clk_buf/O
                         net (fo=1, routed)           0.553     1.176    hdmi_rx_0/mmcm_clkin
    MMCME2_ADV_X0Y1      MMCME2_ADV (Prop_mmcme2_adv_CLKIN1_CLKOUT2)
                                                      0.053     1.229 r  hdmi_rx_0/mmcm_adv_inst/CLKOUT2
                         net (fo=1, routed)           0.592     1.821    hdmi_rx_0/mmcm_clkout2
    BUFGCTRL_X0Y0        BUFG (Prop_bufg_I_O)         0.030     1.851 r  hdmi_rx_0/BUF_slowclk/O
                         net (fo=903, routed)         0.770     2.621    hdmi_rx_0/tmds_receiver/decoder_g/channel_deskew/ram_reg_0_15_0_5/WCLK
    SLICE_X6Y71          RAMD32                                       r  hdmi_rx_0/tmds_receiver/decoder_g/channel_deskew/ram_reg_0_15_0_5/RAMB/CLK
                         clock pessimism             -0.390     2.230    
    SLICE_X6Y71          RAMD32 (Hold_ramd32_CLK_WADR0)
                                                      0.297     2.527    hdmi_rx_0/tmds_receiver/decoder_g/channel_deskew/ram_reg_0_15_0_5/RAMB
  -------------------------------------------------------------------
                         required time                         -2.527    
                         arrival time                           2.580    
  -------------------------------------------------------------------
                         slack                                  0.053    

Slack (MET) :             0.053ns  (arrival time - required time)
  Source:                 hdmi_rx_0/tmds_receiver/decoder_g/channel_deskew/wr_addr_reg[0]/C
                            (rising edge-triggered cell FDCE clocked by mmcm_clkout2  {rise@0.000ns fall@5.000ns period=10.000ns})
  Destination:            hdmi_rx_0/tmds_receiver/decoder_g/channel_deskew/ram_reg_0_15_0_5/RAMB_D1/WADR0
                            (rising edge-triggered cell RAMD32 clocked by mmcm_clkout2  {rise@0.000ns fall@5.000ns period=10.000ns})
  Path Group:             mmcm_clkout2
  Path Type:              Hold (Min at Fast Process Corner)
  Requirement:            0.000ns  (mmcm_clkout2 rise@0.000ns - mmcm_clkout2 rise@0.000ns)
  Data Path Delay:        0.363ns  (logic 0.100ns (27.578%)  route 0.263ns (72.422%))
  Logic Levels:           0  
  Clock Path Skew:        0.013ns (DCD - SCD - CPR)
    Destination Clock Delay (DCD):    2.621ns
    Source Clock Delay      (SCD):    2.217ns
    Clock Pessimism Removal (CPR):    0.390ns

    Location             Delay type                Incr(ns)  Path(ns)    Netlist Resource(s)
  -------------------------------------------------------------------    -------------------
                         (clock mmcm_clkout2 rise edge)
                                                      0.000     0.000 r  
    G24                                               0.000     0.000 r  hdmi_rx_clk_p (IN)
                         net (fo=0)                   0.000     0.000    hdmi_rx_0/hdmi_rx_clk_p
    G24                  IBUFDS (Prop_ibufds_I_O)     0.536     0.536 r  hdmi_rx_0/hdmi_rx_clk_buf/O
                         net (fo=1, routed)           0.503     1.039    hdmi_rx_0/mmcm_clkin
    MMCME2_ADV_X0Y1      MMCME2_ADV (Prop_mmcme2_adv_CLKIN1_CLKOUT2)
                                                      0.050     1.089 r  hdmi_rx_0/mmcm_adv_inst/CLKOUT2
                         net (fo=1, routed)           0.533     1.622    hdmi_rx_0/mmcm_clkout2
    BUFGCTRL_X0Y0        BUFG (Prop_bufg_I_O)         0.026     1.648 r  hdmi_rx_0/BUF_slowclk/O
                         net (fo=903, routed)         0.569     2.217    hdmi_rx_0/tmds_receiver/decoder_g/channel_deskew/hdmi_rx_clk_n
    SLICE_X4Y72          FDCE                                         r  hdmi_rx_0/tmds_receiver/decoder_g/channel_deskew/wr_addr_reg[0]/C
  -------------------------------------------------------------------    -------------------
    SLICE_X4Y72          FDCE (Prop_fdce_C_Q)         0.100     2.317 r  hdmi_rx_0/tmds_receiver/decoder_g/channel_deskew/wr_addr_reg[0]/Q
                         net (fo=20, routed)          0.263     2.580    hdmi_rx_0/tmds_receiver/decoder_g/channel_deskew/ram_reg_0_15_0_5/ADDRD0
    SLICE_X6Y71          RAMD32                                       r  hdmi_rx_0/tmds_receiver/decoder_g/channel_deskew/ram_reg_0_15_0_5/RAMB_D1/WADR0
  -------------------------------------------------------------------    -------------------

                         (clock mmcm_clkout2 rise edge)
                                                      0.000     0.000 r  
    G24                                               0.000     0.000 r  hdmi_rx_clk_p (IN)
                         net (fo=0)                   0.000     0.000    hdmi_rx_0/hdmi_rx_clk_p
    G24                  IBUFDS (Prop_ibufds_I_O)     0.623     0.623 r  hdmi_rx_0/hdmi_rx_clk_buf/O
                         net (fo=1, routed)           0.553     1.176    hdmi_rx_0/mmcm_clkin
    MMCME2_ADV_X0Y1      MMCME2_ADV (Prop_mmcme2_adv_CLKIN1_CLKOUT2)
                                                      0.053     1.229 r  hdmi_rx_0/mmcm_adv_inst/CLKOUT2
                         net (fo=1, routed)           0.592     1.821    hdmi_rx_0/mmcm_clkout2
    BUFGCTRL_X0Y0        BUFG (Prop_bufg_I_O)         0.030     1.851 r  hdmi_rx_0/BUF_slowclk/O
                         net (fo=903, routed)         0.770     2.621    hdmi_rx_0/tmds_receiver/decoder_g/channel_deskew/ram_reg_0_15_0_5/WCLK
    SLICE_X6Y71          RAMD32                                       r  hdmi_rx_0/tmds_receiver/decoder_g/channel_deskew/ram_reg_0_15_0_5/RAMB_D1/CLK
                         clock pessimism             -0.390     2.230    
    SLICE_X6Y71          RAMD32 (Hold_ramd32_CLK_WADR0)
                                                      0.297     2.527    hdmi_rx_0/tmds_receiver/decoder_g/channel_deskew/ram_reg_0_15_0_5/RAMB_D1
  -------------------------------------------------------------------
                         required time                         -2.527    
                         arrival time                           2.580    
  -------------------------------------------------------------------
                         slack                                  0.053    

Slack (MET) :             0.053ns  (arrival time - required time)
  Source:                 hdmi_rx_0/tmds_receiver/decoder_g/channel_deskew/wr_addr_reg[0]/C
                            (rising edge-triggered cell FDCE clocked by mmcm_clkout2  {rise@0.000ns fall@5.000ns period=10.000ns})
  Destination:            hdmi_rx_0/tmds_receiver/decoder_g/channel_deskew/ram_reg_0_15_0_5/RAMC/WADR0
                            (rising edge-triggered cell RAMD32 clocked by mmcm_clkout2  {rise@0.000ns fall@5.000ns period=10.000ns})
  Path Group:             mmcm_clkout2
  Path Type:              Hold (Min at Fast Process Corner)
  Requirement:            0.000ns  (mmcm_clkout2 rise@0.000ns - mmcm_clkout2 rise@0.000ns)
  Data Path Delay:        0.363ns  (logic 0.100ns (27.578%)  route 0.263ns (72.422%))
  Logic Levels:           0  
  Clock Path Skew:        0.013ns (DCD - SCD - CPR)
    Destination Clock Delay (DCD):    2.621ns
    Source Clock Delay      (SCD):    2.217ns
    Clock Pessimism Removal (CPR):    0.390ns

    Location             Delay type                Incr(ns)  Path(ns)    Netlist Resource(s)
  -------------------------------------------------------------------    -------------------
                         (clock mmcm_clkout2 rise edge)
                                                      0.000     0.000 r  
    G24                                               0.000     0.000 r  hdmi_rx_clk_p (IN)
                         net (fo=0)                   0.000     0.000    hdmi_rx_0/hdmi_rx_clk_p
    G24                  IBUFDS (Prop_ibufds_I_O)     0.536     0.536 r  hdmi_rx_0/hdmi_rx_clk_buf/O
                         net (fo=1, routed)           0.503     1.039    hdmi_rx_0/mmcm_clkin
    MMCME2_ADV_X0Y1      MMCME2_ADV (Prop_mmcme2_adv_CLKIN1_CLKOUT2)
                                                      0.050     1.089 r  hdmi_rx_0/mmcm_adv_inst/CLKOUT2
                         net (fo=1, routed)           0.533     1.622    hdmi_rx_0/mmcm_clkout2
    BUFGCTRL_X0Y0        BUFG (Prop_bufg_I_O)         0.026     1.648 r  hdmi_rx_0/BUF_slowclk/O
                         net (fo=903, routed)         0.569     2.217    hdmi_rx_0/tmds_receiver/decoder_g/channel_deskew/hdmi_rx_clk_n
    SLICE_X4Y72          FDCE                                         r  hdmi_rx_0/tmds_receiver/decoder_g/channel_deskew/wr_addr_reg[0]/C
  -------------------------------------------------------------------    -------------------
    SLICE_X4Y72          FDCE (Prop_fdce_C_Q)         0.100     2.317 r  hdmi_rx_0/tmds_receiver/decoder_g/channel_deskew/wr_addr_reg[0]/Q
                         net (fo=20, routed)          0.263     2.580    hdmi_rx_0/tmds_receiver/decoder_g/channel_deskew/ram_reg_0_15_0_5/ADDRD0
    SLICE_X6Y71          RAMD32                                       r  hdmi_rx_0/tmds_receiver/decoder_g/channel_deskew/ram_reg_0_15_0_5/RAMC/WADR0
  -------------------------------------------------------------------    -------------------

                         (clock mmcm_clkout2 rise edge)
                                                      0.000     0.000 r  
    G24                                               0.000     0.000 r  hdmi_rx_clk_p (IN)
                         net (fo=0)                   0.000     0.000    hdmi_rx_0/hdmi_rx_clk_p
    G24                  IBUFDS (Prop_ibufds_I_O)     0.623     0.623 r  hdmi_rx_0/hdmi_rx_clk_buf/O
                         net (fo=1, routed)           0.553     1.176    hdmi_rx_0/mmcm_clkin
    MMCME2_ADV_X0Y1      MMCME2_ADV (Prop_mmcme2_adv_CLKIN1_CLKOUT2)
                                                      0.053     1.229 r  hdmi_rx_0/mmcm_adv_inst/CLKOUT2
                         net (fo=1, routed)           0.592     1.821    hdmi_rx_0/mmcm_clkout2
    BUFGCTRL_X0Y0        BUFG (Prop_bufg_I_O)         0.030     1.851 r  hdmi_rx_0/BUF_slowclk/O
                         net (fo=903, routed)         0.770     2.621    hdmi_rx_0/tmds_receiver/decoder_g/channel_deskew/ram_reg_0_15_0_5/WCLK
    SLICE_X6Y71          RAMD32                                       r  hdmi_rx_0/tmds_receiver/decoder_g/channel_deskew/ram_reg_0_15_0_5/RAMC/CLK
                         clock pessimism             -0.390     2.230    
    SLICE_X6Y71          RAMD32 (Hold_ramd32_CLK_WADR0)
                                                      0.297     2.527    hdmi_rx_0/tmds_receiver/decoder_g/channel_deskew/ram_reg_0_15_0_5/RAMC
  -------------------------------------------------------------------
                         required time                         -2.527    
                         arrival time                           2.580    
  -------------------------------------------------------------------
                         slack                                  0.053    

Slack (MET) :             0.053ns  (arrival time - required time)
  Source:                 hdmi_rx_0/tmds_receiver/decoder_g/channel_deskew/wr_addr_reg[0]/C
                            (rising edge-triggered cell FDCE clocked by mmcm_clkout2  {rise@0.000ns fall@5.000ns period=10.000ns})
  Destination:            hdmi_rx_0/tmds_receiver/decoder_g/channel_deskew/ram_reg_0_15_0_5/RAMC_D1/WADR0
                            (rising edge-triggered cell RAMD32 clocked by mmcm_clkout2  {rise@0.000ns fall@5.000ns period=10.000ns})
  Path Group:             mmcm_clkout2
  Path Type:              Hold (Min at Fast Process Corner)
  Requirement:            0.000ns  (mmcm_clkout2 rise@0.000ns - mmcm_clkout2 rise@0.000ns)
  Data Path Delay:        0.363ns  (logic 0.100ns (27.578%)  route 0.263ns (72.422%))
  Logic Levels:           0  
  Clock Path Skew:        0.013ns (DCD - SCD - CPR)
    Destination Clock Delay (DCD):    2.621ns
    Source Clock Delay      (SCD):    2.217ns
    Clock Pessimism Removal (CPR):    0.390ns

    Location             Delay type                Incr(ns)  Path(ns)    Netlist Resource(s)
  -------------------------------------------------------------------    -------------------
                         (clock mmcm_clkout2 rise edge)
                                                      0.000     0.000 r  
    G24                                               0.000     0.000 r  hdmi_rx_clk_p (IN)
                         net (fo=0)                   0.000     0.000    hdmi_rx_0/hdmi_rx_clk_p
    G24                  IBUFDS (Prop_ibufds_I_O)     0.536     0.536 r  hdmi_rx_0/hdmi_rx_clk_buf/O
                         net (fo=1, routed)           0.503     1.039    hdmi_rx_0/mmcm_clkin
    MMCME2_ADV_X0Y1      MMCME2_ADV (Prop_mmcme2_adv_CLKIN1_CLKOUT2)
                                                      0.050     1.089 r  hdmi_rx_0/mmcm_adv_inst/CLKOUT2
                         net (fo=1, routed)           0.533     1.622    hdmi_rx_0/mmcm_clkout2
    BUFGCTRL_X0Y0        BUFG (Prop_bufg_I_O)         0.026     1.648 r  hdmi_rx_0/BUF_slowclk/O
                         net (fo=903, routed)         0.569     2.217    hdmi_rx_0/tmds_receiver/decoder_g/channel_deskew/hdmi_rx_clk_n
    SLICE_X4Y72          FDCE                                         r  hdmi_rx_0/tmds_receiver/decoder_g/channel_deskew/wr_addr_reg[0]/C
  -------------------------------------------------------------------    -------------------
    SLICE_X4Y72          FDCE (Prop_fdce_C_Q)         0.100     2.317 r  hdmi_rx_0/tmds_receiver/decoder_g/channel_deskew/wr_addr_reg[0]/Q
                         net (fo=20, routed)          0.263     2.580    hdmi_rx_0/tmds_receiver/decoder_g/channel_deskew/ram_reg_0_15_0_5/ADDRD0
    SLICE_X6Y71          RAMD32                                       r  hdmi_rx_0/tmds_receiver/decoder_g/channel_deskew/ram_reg_0_15_0_5/RAMC_D1/WADR0
  -------------------------------------------------------------------    -------------------

                         (clock mmcm_clkout2 rise edge)
                                                      0.000     0.000 r  
    G24                                               0.000     0.000 r  hdmi_rx_clk_p (IN)
                         net (fo=0)                   0.000     0.000    hdmi_rx_0/hdmi_rx_clk_p
    G24                  IBUFDS (Prop_ibufds_I_O)     0.623     0.623 r  hdmi_rx_0/hdmi_rx_clk_buf/O
                         net (fo=1, routed)           0.553     1.176    hdmi_rx_0/mmcm_clkin
    MMCME2_ADV_X0Y1      MMCME2_ADV (Prop_mmcme2_adv_CLKIN1_CLKOUT2)
                                                      0.053     1.229 r  hdmi_rx_0/mmcm_adv_inst/CLKOUT2
                         net (fo=1, routed)           0.592     1.821    hdmi_rx_0/mmcm_clkout2
    BUFGCTRL_X0Y0        BUFG (Prop_bufg_I_O)         0.030     1.851 r  hdmi_rx_0/BUF_slowclk/O
                         net (fo=903, routed)         0.770     2.621    hdmi_rx_0/tmds_receiver/decoder_g/channel_deskew/ram_reg_0_15_0_5/WCLK
    SLICE_X6Y71          RAMD32                                       r  hdmi_rx_0/tmds_receiver/decoder_g/channel_deskew/ram_reg_0_15_0_5/RAMC_D1/CLK
                         clock pessimism             -0.390     2.230    
    SLICE_X6Y71          RAMD32 (Hold_ramd32_CLK_WADR0)
                                                      0.297     2.527    hdmi_rx_0/tmds_receiver/decoder_g/channel_deskew/ram_reg_0_15_0_5/RAMC_D1
  -------------------------------------------------------------------
                         required time                         -2.527    
                         arrival time                           2.580    
  -------------------------------------------------------------------
                         slack                                  0.053    

Slack (MET) :             0.053ns  (arrival time - required time)
  Source:                 hdmi_rx_0/tmds_receiver/decoder_g/channel_deskew/wr_addr_reg[0]/C
                            (rising edge-triggered cell FDCE clocked by mmcm_clkout2  {rise@0.000ns fall@5.000ns period=10.000ns})
  Destination:            hdmi_rx_0/tmds_receiver/decoder_g/channel_deskew/ram_reg_0_15_0_5/RAMD/ADR0
                            (rising edge-triggered cell RAMS32 clocked by mmcm_clkout2  {rise@0.000ns fall@5.000ns period=10.000ns})
  Path Group:             mmcm_clkout2
  Path Type:              Hold (Min at Fast Process Corner)
  Requirement:            0.000ns  (mmcm_clkout2 rise@0.000ns - mmcm_clkout2 rise@0.000ns)
  Data Path Delay:        0.363ns  (logic 0.100ns (27.578%)  route 0.263ns (72.422%))
  Logic Levels:           0  
  Clock Path Skew:        0.013ns (DCD - SCD - CPR)
    Destination Clock Delay (DCD):    2.621ns
    Source Clock Delay      (SCD):    2.217ns
    Clock Pessimism Removal (CPR):    0.390ns

    Location             Delay type                Incr(ns)  Path(ns)    Netlist Resource(s)
  -------------------------------------------------------------------    -------------------
                         (clock mmcm_clkout2 rise edge)
                                                      0.000     0.000 r  
    G24                                               0.000     0.000 r  hdmi_rx_clk_p (IN)
                         net (fo=0)                   0.000     0.000    hdmi_rx_0/hdmi_rx_clk_p
    G24                  IBUFDS (Prop_ibufds_I_O)     0.536     0.536 r  hdmi_rx_0/hdmi_rx_clk_buf/O
                         net (fo=1, routed)           0.503     1.039    hdmi_rx_0/mmcm_clkin
    MMCME2_ADV_X0Y1      MMCME2_ADV (Prop_mmcme2_adv_CLKIN1_CLKOUT2)
                                                      0.050     1.089 r  hdmi_rx_0/mmcm_adv_inst/CLKOUT2
                         net (fo=1, routed)           0.533     1.622    hdmi_rx_0/mmcm_clkout2
    BUFGCTRL_X0Y0        BUFG (Prop_bufg_I_O)         0.026     1.648 r  hdmi_rx_0/BUF_slowclk/O
                         net (fo=903, routed)         0.569     2.217    hdmi_rx_0/tmds_receiver/decoder_g/channel_deskew/hdmi_rx_clk_n
    SLICE_X4Y72          FDCE                                         r  hdmi_rx_0/tmds_receiver/decoder_g/channel_deskew/wr_addr_reg[0]/C
  -------------------------------------------------------------------    -------------------
    SLICE_X4Y72          FDCE (Prop_fdce_C_Q)         0.100     2.317 r  hdmi_rx_0/tmds_receiver/decoder_g/channel_deskew/wr_addr_reg[0]/Q
                         net (fo=20, routed)          0.263     2.580    hdmi_rx_0/tmds_receiver/decoder_g/channel_deskew/ram_reg_0_15_0_5/ADDRD0
    SLICE_X6Y71          RAMS32                                       r  hdmi_rx_0/tmds_receiver/decoder_g/channel_deskew/ram_reg_0_15_0_5/RAMD/ADR0
  -------------------------------------------------------------------    -------------------

                         (clock mmcm_clkout2 rise edge)
                                                      0.000     0.000 r  
    G24                                               0.000     0.000 r  hdmi_rx_clk_p (IN)
                         net (fo=0)                   0.000     0.000    hdmi_rx_0/hdmi_rx_clk_p
    G24                  IBUFDS (Prop_ibufds_I_O)     0.623     0.623 r  hdmi_rx_0/hdmi_rx_clk_buf/O
                         net (fo=1, routed)           0.553     1.176    hdmi_rx_0/mmcm_clkin
    MMCME2_ADV_X0Y1      MMCME2_ADV (Prop_mmcme2_adv_CLKIN1_CLKOUT2)
                                                      0.053     1.229 r  hdmi_rx_0/mmcm_adv_inst/CLKOUT2
                         net (fo=1, routed)           0.592     1.821    hdmi_rx_0/mmcm_clkout2
    BUFGCTRL_X0Y0        BUFG (Prop_bufg_I_O)         0.030     1.851 r  hdmi_rx_0/BUF_slowclk/O
                         net (fo=903, routed)         0.770     2.621    hdmi_rx_0/tmds_receiver/decoder_g/channel_deskew/ram_reg_0_15_0_5/WCLK
    SLICE_X6Y71          RAMS32                                       r  hdmi_rx_0/tmds_receiver/decoder_g/channel_deskew/ram_reg_0_15_0_5/RAMD/CLK
                         clock pessimism             -0.390     2.230    
    SLICE_X6Y71          RAMS32 (Hold_rams32_CLK_ADR0)
                                                      0.297     2.527    hdmi_rx_0/tmds_receiver/decoder_g/channel_deskew/ram_reg_0_15_0_5/RAMD
  -------------------------------------------------------------------
                         required time                         -2.527    
                         arrival time                           2.580    
  -------------------------------------------------------------------
                         slack                                  0.053    

Slack (MET) :             0.053ns  (arrival time - required time)
  Source:                 hdmi_rx_0/tmds_receiver/decoder_g/channel_deskew/wr_addr_reg[0]/C
                            (rising edge-triggered cell FDCE clocked by mmcm_clkout2  {rise@0.000ns fall@5.000ns period=10.000ns})
  Destination:            hdmi_rx_0/tmds_receiver/decoder_g/channel_deskew/ram_reg_0_15_0_5/RAMD_D1/ADR0
                            (rising edge-triggered cell RAMS32 clocked by mmcm_clkout2  {rise@0.000ns fall@5.000ns period=10.000ns})
  Path Group:             mmcm_clkout2
  Path Type:              Hold (Min at Fast Process Corner)
  Requirement:            0.000ns  (mmcm_clkout2 rise@0.000ns - mmcm_clkout2 rise@0.000ns)
  Data Path Delay:        0.363ns  (logic 0.100ns (27.578%)  route 0.263ns (72.422%))
  Logic Levels:           0  
  Clock Path Skew:        0.013ns (DCD - SCD - CPR)
    Destination Clock Delay (DCD):    2.621ns
    Source Clock Delay      (SCD):    2.217ns
    Clock Pessimism Removal (CPR):    0.390ns

    Location             Delay type                Incr(ns)  Path(ns)    Netlist Resource(s)
  -------------------------------------------------------------------    -------------------
                         (clock mmcm_clkout2 rise edge)
                                                      0.000     0.000 r  
    G24                                               0.000     0.000 r  hdmi_rx_clk_p (IN)
                         net (fo=0)                   0.000     0.000    hdmi_rx_0/hdmi_rx_clk_p
    G24                  IBUFDS (Prop_ibufds_I_O)     0.536     0.536 r  hdmi_rx_0/hdmi_rx_clk_buf/O
                         net (fo=1, routed)           0.503     1.039    hdmi_rx_0/mmcm_clkin
    MMCME2_ADV_X0Y1      MMCME2_ADV (Prop_mmcme2_adv_CLKIN1_CLKOUT2)
                                                      0.050     1.089 r  hdmi_rx_0/mmcm_adv_inst/CLKOUT2
                         net (fo=1, routed)           0.533     1.622    hdmi_rx_0/mmcm_clkout2
    BUFGCTRL_X0Y0        BUFG (Prop_bufg_I_O)         0.026     1.648 r  hdmi_rx_0/BUF_slowclk/O
                         net (fo=903, routed)         0.569     2.217    hdmi_rx_0/tmds_receiver/decoder_g/channel_deskew/hdmi_rx_clk_n
    SLICE_X4Y72          FDCE                                         r  hdmi_rx_0/tmds_receiver/decoder_g/channel_deskew/wr_addr_reg[0]/C
  -------------------------------------------------------------------    -------------------
    SLICE_X4Y72          FDCE (Prop_fdce_C_Q)         0.100     2.317 r  hdmi_rx_0/tmds_receiver/decoder_g/channel_deskew/wr_addr_reg[0]/Q
                         net (fo=20, routed)          0.263     2.580    hdmi_rx_0/tmds_receiver/decoder_g/channel_deskew/ram_reg_0_15_0_5/ADDRD0
    SLICE_X6Y71          RAMS32                                       r  hdmi_rx_0/tmds_receiver/decoder_g/channel_deskew/ram_reg_0_15_0_5/RAMD_D1/ADR0
  -------------------------------------------------------------------    -------------------

                         (clock mmcm_clkout2 rise edge)
                                                      0.000     0.000 r  
    G24                                               0.000     0.000 r  hdmi_rx_clk_p (IN)
                         net (fo=0)                   0.000     0.000    hdmi_rx_0/hdmi_rx_clk_p
    G24                  IBUFDS (Prop_ibufds_I_O)     0.623     0.623 r  hdmi_rx_0/hdmi_rx_clk_buf/O
                         net (fo=1, routed)           0.553     1.176    hdmi_rx_0/mmcm_clkin
    MMCME2_ADV_X0Y1      MMCME2_ADV (Prop_mmcme2_adv_CLKIN1_CLKOUT2)
                                                      0.053     1.229 r  hdmi_rx_0/mmcm_adv_inst/CLKOUT2
                         net (fo=1, routed)           0.592     1.821    hdmi_rx_0/mmcm_clkout2
    BUFGCTRL_X0Y0        BUFG (Prop_bufg_I_O)         0.030     1.851 r  hdmi_rx_0/BUF_slowclk/O
                         net (fo=903, routed)         0.770     2.621    hdmi_rx_0/tmds_receiver/decoder_g/channel_deskew/ram_reg_0_15_0_5/WCLK
    SLICE_X6Y71          RAMS32                                       r  hdmi_rx_0/tmds_receiver/decoder_g/channel_deskew/ram_reg_0_15_0_5/RAMD_D1/CLK
                         clock pessimism             -0.390     2.230    
    SLICE_X6Y71          RAMS32 (Hold_rams32_CLK_ADR0)
                                                      0.297     2.527    hdmi_rx_0/tmds_receiver/decoder_g/channel_deskew/ram_reg_0_15_0_5/RAMD_D1
  -------------------------------------------------------------------
                         required time                         -2.527    
                         arrival time                           2.580    
  -------------------------------------------------------------------
                         slack                                  0.053    

Slack (MET) :             0.053ns  (arrival time - required time)
  Source:                 hdmi_rx_0/tmds_receiver/decoder_g/channel_deskew/wr_addr_reg[3]/C
                            (rising edge-triggered cell FDCE clocked by mmcm_clkout2  {rise@0.000ns fall@5.000ns period=10.000ns})
  Destination:            hdmi_rx_0/tmds_receiver/decoder_g/channel_deskew/ram_reg_0_15_0_5/RAMA/WADR3
                            (rising edge-triggered cell RAMD32 clocked by mmcm_clkout2  {rise@0.000ns fall@5.000ns period=10.000ns})
  Path Group:             mmcm_clkout2
  Path Type:              Hold (Min at Fast Process Corner)
  Requirement:            0.000ns  (mmcm_clkout2 rise@0.000ns - mmcm_clkout2 rise@0.000ns)
  Data Path Delay:        0.291ns  (logic 0.100ns (34.350%)  route 0.191ns (65.650%))
  Logic Levels:           0  
  Clock Path Skew:        0.013ns (DCD - SCD - CPR)
    Destination Clock Delay (DCD):    2.621ns
    Source Clock Delay      (SCD):    2.217ns
    Clock Pessimism Removal (CPR):    0.390ns

    Location             Delay type                Incr(ns)  Path(ns)    Netlist Resource(s)
  -------------------------------------------------------------------    -------------------
                         (clock mmcm_clkout2 rise edge)
                                                      0.000     0.000 r  
    G24                                               0.000     0.000 r  hdmi_rx_clk_p (IN)
                         net (fo=0)                   0.000     0.000    hdmi_rx_0/hdmi_rx_clk_p
    G24                  IBUFDS (Prop_ibufds_I_O)     0.536     0.536 r  hdmi_rx_0/hdmi_rx_clk_buf/O
                         net (fo=1, routed)           0.503     1.039    hdmi_rx_0/mmcm_clkin
    MMCME2_ADV_X0Y1      MMCME2_ADV (Prop_mmcme2_adv_CLKIN1_CLKOUT2)
                                                      0.050     1.089 r  hdmi_rx_0/mmcm_adv_inst/CLKOUT2
                         net (fo=1, routed)           0.533     1.622    hdmi_rx_0/mmcm_clkout2
    BUFGCTRL_X0Y0        BUFG (Prop_bufg_I_O)         0.026     1.648 r  hdmi_rx_0/BUF_slowclk/O
                         net (fo=903, routed)         0.569     2.217    hdmi_rx_0/tmds_receiver/decoder_g/channel_deskew/hdmi_rx_clk_n
    SLICE_X7Y72          FDCE                                         r  hdmi_rx_0/tmds_receiver/decoder_g/channel_deskew/wr_addr_reg[3]/C
  -------------------------------------------------------------------    -------------------
    SLICE_X7Y72          FDCE (Prop_fdce_C_Q)         0.100     2.317 r  hdmi_rx_0/tmds_receiver/decoder_g/channel_deskew/wr_addr_reg[3]/Q
                         net (fo=17, routed)          0.191     2.508    hdmi_rx_0/tmds_receiver/decoder_g/channel_deskew/ram_reg_0_15_0_5/ADDRD3
    SLICE_X6Y71          RAMD32                                       r  hdmi_rx_0/tmds_receiver/decoder_g/channel_deskew/ram_reg_0_15_0_5/RAMA/WADR3
  -------------------------------------------------------------------    -------------------

                         (clock mmcm_clkout2 rise edge)
                                                      0.000     0.000 r  
    G24                                               0.000     0.000 r  hdmi_rx_clk_p (IN)
                         net (fo=0)                   0.000     0.000    hdmi_rx_0/hdmi_rx_clk_p
    G24                  IBUFDS (Prop_ibufds_I_O)     0.623     0.623 r  hdmi_rx_0/hdmi_rx_clk_buf/O
                         net (fo=1, routed)           0.553     1.176    hdmi_rx_0/mmcm_clkin
    MMCME2_ADV_X0Y1      MMCME2_ADV (Prop_mmcme2_adv_CLKIN1_CLKOUT2)
                                                      0.053     1.229 r  hdmi_rx_0/mmcm_adv_inst/CLKOUT2
                         net (fo=1, routed)           0.592     1.821    hdmi_rx_0/mmcm_clkout2
    BUFGCTRL_X0Y0        BUFG (Prop_bufg_I_O)         0.030     1.851 r  hdmi_rx_0/BUF_slowclk/O
                         net (fo=903, routed)         0.770     2.621    hdmi_rx_0/tmds_receiver/decoder_g/channel_deskew/ram_reg_0_15_0_5/WCLK
    SLICE_X6Y71          RAMD32                                       r  hdmi_rx_0/tmds_receiver/decoder_g/channel_deskew/ram_reg_0_15_0_5/RAMA/CLK
                         clock pessimism             -0.390     2.230    
    SLICE_X6Y71          RAMD32 (Hold_ramd32_CLK_WADR3)
                                                      0.225     2.455    hdmi_rx_0/tmds_receiver/decoder_g/channel_deskew/ram_reg_0_15_0_5/RAMA
  -------------------------------------------------------------------
                         required time                         -2.455    
                         arrival time                           2.508    
  -------------------------------------------------------------------
                         slack                                  0.053    

Slack (MET) :             0.053ns  (arrival time - required time)
  Source:                 hdmi_rx_0/tmds_receiver/decoder_g/channel_deskew/wr_addr_reg[3]/C
                            (rising edge-triggered cell FDCE clocked by mmcm_clkout2  {rise@0.000ns fall@5.000ns period=10.000ns})
  Destination:            hdmi_rx_0/tmds_receiver/decoder_g/channel_deskew/ram_reg_0_15_0_5/RAMA_D1/WADR3
                            (rising edge-triggered cell RAMD32 clocked by mmcm_clkout2  {rise@0.000ns fall@5.000ns period=10.000ns})
  Path Group:             mmcm_clkout2
  Path Type:              Hold (Min at Fast Process Corner)
  Requirement:            0.000ns  (mmcm_clkout2 rise@0.000ns - mmcm_clkout2 rise@0.000ns)
  Data Path Delay:        0.291ns  (logic 0.100ns (34.350%)  route 0.191ns (65.650%))
  Logic Levels:           0  
  Clock Path Skew:        0.013ns (DCD - SCD - CPR)
    Destination Clock Delay (DCD):    2.621ns
    Source Clock Delay      (SCD):    2.217ns
    Clock Pessimism Removal (CPR):    0.390ns

    Location             Delay type                Incr(ns)  Path(ns)    Netlist Resource(s)
  -------------------------------------------------------------------    -------------------
                         (clock mmcm_clkout2 rise edge)
                                                      0.000     0.000 r  
    G24                                               0.000     0.000 r  hdmi_rx_clk_p (IN)
                         net (fo=0)                   0.000     0.000    hdmi_rx_0/hdmi_rx_clk_p
    G24                  IBUFDS (Prop_ibufds_I_O)     0.536     0.536 r  hdmi_rx_0/hdmi_rx_clk_buf/O
                         net (fo=1, routed)           0.503     1.039    hdmi_rx_0/mmcm_clkin
    MMCME2_ADV_X0Y1      MMCME2_ADV (Prop_mmcme2_adv_CLKIN1_CLKOUT2)
                                                      0.050     1.089 r  hdmi_rx_0/mmcm_adv_inst/CLKOUT2
                         net (fo=1, routed)           0.533     1.622    hdmi_rx_0/mmcm_clkout2
    BUFGCTRL_X0Y0        BUFG (Prop_bufg_I_O)         0.026     1.648 r  hdmi_rx_0/BUF_slowclk/O
                         net (fo=903, routed)         0.569     2.217    hdmi_rx_0/tmds_receiver/decoder_g/channel_deskew/hdmi_rx_clk_n
    SLICE_X7Y72          FDCE                                         r  hdmi_rx_0/tmds_receiver/decoder_g/channel_deskew/wr_addr_reg[3]/C
  -------------------------------------------------------------------    -------------------
    SLICE_X7Y72          FDCE (Prop_fdce_C_Q)         0.100     2.317 r  hdmi_rx_0/tmds_receiver/decoder_g/channel_deskew/wr_addr_reg[3]/Q
                         net (fo=17, routed)          0.191     2.508    hdmi_rx_0/tmds_receiver/decoder_g/channel_deskew/ram_reg_0_15_0_5/ADDRD3
    SLICE_X6Y71          RAMD32                                       r  hdmi_rx_0/tmds_receiver/decoder_g/channel_deskew/ram_reg_0_15_0_5/RAMA_D1/WADR3
  -------------------------------------------------------------------    -------------------

                         (clock mmcm_clkout2 rise edge)
                                                      0.000     0.000 r  
    G24                                               0.000     0.000 r  hdmi_rx_clk_p (IN)
                         net (fo=0)                   0.000     0.000    hdmi_rx_0/hdmi_rx_clk_p
    G24                  IBUFDS (Prop_ibufds_I_O)     0.623     0.623 r  hdmi_rx_0/hdmi_rx_clk_buf/O
                         net (fo=1, routed)           0.553     1.176    hdmi_rx_0/mmcm_clkin
    MMCME2_ADV_X0Y1      MMCME2_ADV (Prop_mmcme2_adv_CLKIN1_CLKOUT2)
                                                      0.053     1.229 r  hdmi_rx_0/mmcm_adv_inst/CLKOUT2
                         net (fo=1, routed)           0.592     1.821    hdmi_rx_0/mmcm_clkout2
    BUFGCTRL_X0Y0        BUFG (Prop_bufg_I_O)         0.030     1.851 r  hdmi_rx_0/BUF_slowclk/O
                         net (fo=903, routed)         0.770     2.621    hdmi_rx_0/tmds_receiver/decoder_g/channel_deskew/ram_reg_0_15_0_5/WCLK
    SLICE_X6Y71          RAMD32                                       r  hdmi_rx_0/tmds_receiver/decoder_g/channel_deskew/ram_reg_0_15_0_5/RAMA_D1/CLK
                         clock pessimism             -0.390     2.230    
    SLICE_X6Y71          RAMD32 (Hold_ramd32_CLK_WADR3)
                                                      0.225     2.455    hdmi_rx_0/tmds_receiver/decoder_g/channel_deskew/ram_reg_0_15_0_5/RAMA_D1
  -------------------------------------------------------------------
                         required time                         -2.455    
                         arrival time                           2.508    
  -------------------------------------------------------------------
                         slack                                  0.053    





Pulse Width Checks
--------------------------------------------------------------------------------------
Clock Name:         mmcm_clkout2
Waveform(ns):       { 0.000 5.000 }
Period(ns):         10.000
Sources:            { hdmi_rx_0/mmcm_adv_inst/CLKOUT2 }

Check Type        Corner  Lib Pin             Reference Pin  Required(ns)  Actual(ns)  Slack(ns)  Location         Pin
Min Period        n/a     RAMB18E1/CLKARDCLK  n/a            2.183         10.000      7.817      RAMB18_X0Y28     hdmi_rx_0/tmds_receiver/decoder_b/phase_aligner/tmds_checker/is_valid_reg/CLKARDCLK
Min Period        n/a     RAMB18E1/CLKBWRCLK  n/a            2.183         10.000      7.817      RAMB18_X0Y28     hdmi_rx_0/tmds_receiver/decoder_b/phase_aligner/tmds_checker/is_valid_reg/CLKBWRCLK
Min Period        n/a     RAMB18E1/CLKARDCLK  n/a            2.183         10.000      7.817      RAMB18_X0Y29     hdmi_rx_0/tmds_receiver/decoder_r/phase_aligner/tmds_checker/is_valid_reg/CLKARDCLK
Min Period        n/a     RAMB18E1/CLKARDCLK  n/a            2.183         10.000      7.817      RAMB18_X0Y19     line_buffer_0/bram_line_0/mem_reg/CLKARDCLK
Min Period        n/a     RAMB18E1/CLKARDCLK  n/a            2.183         10.000      7.817      RAMB18_X0Y18     line_buffer_0/bram_line_1/mem_reg/CLKARDCLK
Min Period        n/a     RAMB18E1/CLKARDCLK  n/a            2.183         10.000      7.817      RAMB18_X1Y18     line_buffer_0/bram_line_2/mem_reg/CLKARDCLK
Min Period        n/a     RAMB18E1/CLKARDCLK  n/a            2.183         10.000      7.817      RAMB18_X1Y19     line_buffer_0/bram_line_3/mem_reg/CLKARDCLK
Min Period        n/a     IDELAYE2/C          n/a            2.000         10.000      8.000      IDELAY_X0Y66     hdmi_rx_0/tmds_receiver/decoder_b/iserdes/input_delay/C
Min Period        n/a     IDELAYE2/C          n/a            2.000         10.000      8.000      IDELAY_X0Y90     hdmi_rx_0/tmds_receiver/decoder_g/iserdes/input_delay/C
Min Period        n/a     IDELAYE2/C          n/a            2.000         10.000      8.000      IDELAY_X0Y70     hdmi_rx_0/tmds_receiver/decoder_r/iserdes/input_delay/C
Max Period        n/a     MMCME2_ADV/CLKOUT2  n/a            213.360       10.000      203.360    MMCME2_ADV_X0Y1  hdmi_rx_0/mmcm_adv_inst/CLKOUT2
Low Pulse Width   Slow    RAMD32/CLK          n/a            0.910         5.000       4.090      SLICE_X6Y65      hdmi_rx_0/tmds_receiver/decoder_b/channel_deskew/ram_reg_0_15_0_5/RAMA/CLK
Low Pulse Width   Fast    RAMD32/CLK          n/a            0.910         5.000       4.090      SLICE_X6Y65      hdmi_rx_0/tmds_receiver/decoder_b/channel_deskew/ram_reg_0_15_0_5/RAMA/CLK
Low Pulse Width   Slow    RAMD32/CLK          n/a            0.910         5.000       4.090      SLICE_X6Y65      hdmi_rx_0/tmds_receiver/decoder_b/channel_deskew/ram_reg_0_15_0_5/RAMA_D1/CLK
Low Pulse Width   Fast    RAMD32/CLK          n/a            0.910         5.000       4.090      SLICE_X6Y65      hdmi_rx_0/tmds_receiver/decoder_b/channel_deskew/ram_reg_0_15_0_5/RAMA_D1/CLK
Low Pulse Width   Slow    RAMD32/CLK          n/a            0.910         5.000       4.090      SLICE_X6Y65      hdmi_rx_0/tmds_receiver/decoder_b/channel_deskew/ram_reg_0_15_0_5/RAMB/CLK
Low Pulse Width   Fast    RAMD32/CLK          n/a            0.910         5.000       4.090      SLICE_X6Y65      hdmi_rx_0/tmds_receiver/decoder_b/channel_deskew/ram_reg_0_15_0_5/RAMB/CLK
Low Pulse Width   Slow    RAMD32/CLK          n/a            0.910         5.000       4.090      SLICE_X6Y65      hdmi_rx_0/tmds_receiver/decoder_b/channel_deskew/ram_reg_0_15_0_5/RAMB_D1/CLK
Low Pulse Width   Fast    RAMD32/CLK          n/a            0.910         5.000       4.090      SLICE_X6Y65      hdmi_rx_0/tmds_receiver/decoder_b/channel_deskew/ram_reg_0_15_0_5/RAMB_D1/CLK
Low Pulse Width   Slow    RAMD32/CLK          n/a            0.910         5.000       4.090      SLICE_X6Y65      hdmi_rx_0/tmds_receiver/decoder_b/channel_deskew/ram_reg_0_15_0_5/RAMC/CLK
Low Pulse Width   Fast    RAMD32/CLK          n/a            0.910         5.000       4.090      SLICE_X6Y65      hdmi_rx_0/tmds_receiver/decoder_b/channel_deskew/ram_reg_0_15_0_5/RAMC/CLK
High Pulse Width  Slow    RAMD32/CLK          n/a            0.910         5.000       4.090      SLICE_X6Y65      hdmi_rx_0/tmds_receiver/decoder_b/channel_deskew/ram_reg_0_15_0_5/RAMA/CLK
High Pulse Width  Fast    RAMD32/CLK          n/a            0.910         5.000       4.090      SLICE_X6Y65      hdmi_rx_0/tmds_receiver/decoder_b/channel_deskew/ram_reg_0_15_0_5/RAMA/CLK
High Pulse Width  Slow    RAMD32/CLK          n/a            0.910         5.000       4.090      SLICE_X6Y65      hdmi_rx_0/tmds_receiver/decoder_b/channel_deskew/ram_reg_0_15_0_5/RAMA_D1/CLK
High Pulse Width  Fast    RAMD32/CLK          n/a            0.910         5.000       4.090      SLICE_X6Y65      hdmi_rx_0/tmds_receiver/decoder_b/channel_deskew/ram_reg_0_15_0_5/RAMA_D1/CLK
High Pulse Width  Slow    RAMD32/CLK          n/a            0.910         5.000       4.090      SLICE_X6Y65      hdmi_rx_0/tmds_receiver/decoder_b/channel_deskew/ram_reg_0_15_0_5/RAMB/CLK
High Pulse Width  Fast    RAMD32/CLK          n/a            0.910         5.000       4.090      SLICE_X6Y65      hdmi_rx_0/tmds_receiver/decoder_b/channel_deskew/ram_reg_0_15_0_5/RAMB/CLK
High Pulse Width  Slow    RAMD32/CLK          n/a            0.910         5.000       4.090      SLICE_X6Y65      hdmi_rx_0/tmds_receiver/decoder_b/channel_deskew/ram_reg_0_15_0_5/RAMB_D1/CLK
High Pulse Width  Fast    RAMD32/CLK          n/a            0.910         5.000       4.090      SLICE_X6Y65      hdmi_rx_0/tmds_receiver/decoder_b/channel_deskew/ram_reg_0_15_0_5/RAMB_D1/CLK
High Pulse Width  Slow    RAMD32/CLK          n/a            0.910         5.000       4.090      SLICE_X6Y65      hdmi_rx_0/tmds_receiver/decoder_b/channel_deskew/ram_reg_0_15_0_5/RAMC/CLK
High Pulse Width  Fast    RAMD32/CLK          n/a            0.910         5.000       4.090      SLICE_X6Y65      hdmi_rx_0/tmds_receiver/decoder_b/channel_deskew/ram_reg_0_15_0_5/RAMC/CLK



--------------------------------------------------------------------------------------
Path Group:  (none)
From Clock:  clk200M
  To Clock:  

Max Delay             1 Endpoint
Min Delay             1 Endpoint
--------------------------------------------------------------------------------------


Max Delay Paths
--------------------------------------------------------------------------------------
Slack:                    inf
  Source:                 hdmi_rx_0/edid_rom/sda_out_reg/C
                            (rising edge-triggered cell FDRE clocked by clk200M  {rise@0.000ns fall@2.500ns period=5.000ns})
  Destination:            hdmi_rx_sda
                            (output port)
  Path Group:             (none)
  Path Type:              Max at Slow Process Corner
  Data Path Delay:        4.968ns  (logic 3.723ns (74.939%)  route 1.245ns (25.061%))
  Logic Levels:           1  (OBUFT=1)
  Clock Uncertainty:      0.160ns  ((TSJ^2 + DJ^2)^1/2) / 2 + PE
    Total System Jitter     (TSJ):    0.050ns
    Discrete Jitter          (DJ):    0.113ns
    Phase Error              (PE):    0.099ns

    Location             Delay type                Incr(ns)  Path(ns)    Netlist Resource(s)
  -------------------------------------------------------------------    -------------------
                         (clock clk200M rise edge)    0.000     0.000 r  
    D23                                               0.000     0.000 r  clk100M (IN)
                         net (fo=0)                   0.000     0.000    clk100M
    D23                  IBUF (Prop_ibuf_I_O)         1.750     1.750 r  clk100M_IBUF_inst/O
                         net (fo=1, routed)           1.253     3.003    clk100M_IBUF
    PLLE2_ADV_X0Y1       PLLE2_ADV (Prop_plle2_adv_CLKIN1_CLKOUT0)
                                                      0.088     3.091 r  clk_generator1/CLKOUT0
                         net (fo=1, routed)           1.567     4.658    clk200M
    BUFGCTRL_X0Y1        BUFG (Prop_bufg_I_O)         0.120     4.778 r  BUFG_200M/O
                         net (fo=55, routed)          1.441     6.219    hdmi_rx_0/edid_rom/clk_200M
    SLICE_X2Y75          FDRE                                         r  hdmi_rx_0/edid_rom/sda_out_reg/C
  -------------------------------------------------------------------    -------------------
    SLICE_X2Y75          FDRE (Prop_fdre_C_Q)         0.308     6.527 r  hdmi_rx_0/edid_rom/sda_out_reg/Q
                         net (fo=2, routed)           1.245     7.772    hdmi_rx_0/edid_rom/IOBUF_SDA/I
    E23                  OBUFT (Prop_obuft_I_O)       3.415    11.187 r  hdmi_rx_0/edid_rom/IOBUF_SDA/OBUFT/O
                         net (fo=1, unset)            0.000    11.187    hdmi_rx_sda
    E23                                                               r  hdmi_rx_sda (INOUT)
  -------------------------------------------------------------------    -------------------





Min Delay Paths
--------------------------------------------------------------------------------------
Slack:                    inf
  Source:                 hdmi_rx_0/edid_rom/hiz_reg/C
                            (rising edge-triggered cell FDRE clocked by clk200M  {rise@0.000ns fall@2.500ns period=5.000ns})
  Destination:            hdmi_rx_sda
                            (output port)
  Path Group:             (none)
  Path Type:              Min at Fast Process Corner
  Data Path Delay:        1.028ns  (logic 0.445ns (43.301%)  route 0.583ns (56.699%))
  Logic Levels:           1  (OBUFT=1)
  Clock Uncertainty:      0.160ns  ((TSJ^2 + DJ^2)^1/2) / 2 + PE
    Total System Jitter     (TSJ):    0.050ns
    Discrete Jitter          (DJ):    0.113ns
    Phase Error              (PE):    0.099ns

    Location             Delay type                Incr(ns)  Path(ns)    Netlist Resource(s)
  -------------------------------------------------------------------    -------------------
                         (clock clk200M rise edge)    0.000     0.000 r  
    D23                                               0.000     0.000 r  clk100M (IN)
                         net (fo=0)                   0.000     0.000    clk100M
    D23                  IBUF (Prop_ibuf_I_O)         0.480     0.480 r  clk100M_IBUF_inst/O
                         net (fo=1, routed)           0.503     0.983    clk100M_IBUF
    PLLE2_ADV_X0Y1       PLLE2_ADV (Prop_plle2_adv_CLKIN1_CLKOUT0)
                                                      0.050     1.033 r  clk_generator1/CLKOUT0
                         net (fo=1, routed)           0.551     1.584    clk200M
    BUFGCTRL_X0Y1        BUFG (Prop_bufg_I_O)         0.026     1.610 r  BUFG_200M/O
                         net (fo=55, routed)          0.568     2.178    hdmi_rx_0/edid_rom/clk_200M
    SLICE_X1Y75          FDRE                                         r  hdmi_rx_0/edid_rom/hiz_reg/C
  -------------------------------------------------------------------    -------------------
    SLICE_X1Y75          FDRE (Prop_fdre_C_Q)         0.100     2.278 r  hdmi_rx_0/edid_rom/hiz_reg/Q
                         net (fo=2, routed)           0.583     2.861    hdmi_rx_0/edid_rom/IOBUF_SDA/T
    E23                  OBUFT (TriStatD_obuft_T_O)
                                                      0.345     3.206 r  hdmi_rx_0/edid_rom/IOBUF_SDA/OBUFT/O
                         net (fo=1, unset)            0.000     3.206    hdmi_rx_sda
    E23                                                               r  hdmi_rx_sda (INOUT)
  -------------------------------------------------------------------    -------------------





--------------------------------------------------------------------------------------
Path Group:  (none)
From Clock:  mmcm_clkout1
  To Clock:  

Max Delay             6 Endpoints
Min Delay             6 Endpoints
--------------------------------------------------------------------------------------


Max Delay Paths
--------------------------------------------------------------------------------------
Slack:                    inf
  Source:                 hdmi_tx_0/tmds_transmitter/oserdes0/master_oserdes/CLK
                            (rising edge-triggered cell OSERDESE2 clocked by mmcm_clkout1  {rise@0.000ns fall@1.000ns period=2.000ns})
  Destination:            hdmi_tx_d0_n
                            (output port)
  Path Group:             (none)
  Path Type:              Max at Slow Process Corner
  Data Path Delay:        2.178ns  (logic 2.178ns (100.000%)  route 0.000ns (0.000%))
  Logic Levels:           1  (OBUFDS=1)
  Clock Uncertainty:      0.152ns  ((TSJ^2 + DJ^2)^1/2) / 2 + PE
    Total System Jitter     (TSJ):    0.050ns
    Discrete Jitter          (DJ):    0.095ns
    Phase Error              (PE):    0.099ns

    Location             Delay type                Incr(ns)  Path(ns)    Netlist Resource(s)
  -------------------------------------------------------------------    -------------------
                         (clock mmcm_clkout1 rise edge)
                                                      0.000     0.000 r  
    G24                                               0.000     0.000 r  hdmi_rx_clk_p (IN)
                         net (fo=0)                   0.000     0.000    hdmi_rx_0/hdmi_rx_clk_p
    G24                  IBUFDS (Prop_ibufds_I_O)     1.000     1.000 r  hdmi_rx_0/hdmi_rx_clk_buf/O
                         net (fo=1, routed)           1.230     2.230    hdmi_rx_0/mmcm_clkin
    MMCME2_ADV_X0Y1      MMCME2_ADV (Prop_mmcme2_adv_CLKIN1_CLKOUT1)
                                                      0.088     2.318 r  hdmi_rx_0/mmcm_adv_inst/CLKOUT1
                         net (fo=1, routed)           1.574     3.892    hdmi_rx_0/mmcm_clkout1
    BUFGCTRL_X0Y2        BUFG (Prop_bufg_I_O)         0.120     4.012 r  hdmi_rx_0/BUF_fastclk/O
                         net (fo=18, routed)          1.587     5.599    hdmi_tx_0/tmds_transmitter/oserdes0/tx_clk_5x
    OLOGIC_X0Y92         OSERDESE2                                    r  hdmi_tx_0/tmds_transmitter/oserdes0/master_oserdes/CLK
  -------------------------------------------------------------------    -------------------
    OLOGIC_X0Y92         OSERDESE2 (Prop_oserdese2_CLK_OQ)
                                                      0.415     6.014 r  hdmi_tx_0/tmds_transmitter/oserdes0/master_oserdes/OQ
                         net (fo=1, routed)           0.000     6.014    hdmi_tx_0/tmds_transmitter/oserdes0/data_to_iob
    A23                  OBUFDS (Prop_obufds_I_OB)    1.763     7.777 r  hdmi_tx_0/tmds_transmitter/oserdes0/output_buffer/OB
                         net (fo=0)                   0.000     7.777    hdmi_tx_d0_n
    A24                                                               r  hdmi_tx_d0_n (OUT)
  -------------------------------------------------------------------    -------------------

Slack:                    inf
  Source:                 hdmi_tx_0/tmds_transmitter/oserdes0/master_oserdes/CLK
                            (rising edge-triggered cell OSERDESE2 clocked by mmcm_clkout1  {rise@0.000ns fall@1.000ns period=2.000ns})
  Destination:            hdmi_tx_d0_p
                            (output port)
  Path Group:             (none)
  Path Type:              Max at Slow Process Corner
  Data Path Delay:        2.178ns  (logic 2.178ns (100.000%)  route 0.000ns (0.000%))
  Logic Levels:           1  (OBUFDS=1)
  Clock Uncertainty:      0.152ns  ((TSJ^2 + DJ^2)^1/2) / 2 + PE
    Total System Jitter     (TSJ):    0.050ns
    Discrete Jitter          (DJ):    0.095ns
    Phase Error              (PE):    0.099ns

    Location             Delay type                Incr(ns)  Path(ns)    Netlist Resource(s)
  -------------------------------------------------------------------    -------------------
                         (clock mmcm_clkout1 rise edge)
                                                      0.000     0.000 r  
    G24                                               0.000     0.000 r  hdmi_rx_clk_p (IN)
                         net (fo=0)                   0.000     0.000    hdmi_rx_0/hdmi_rx_clk_p
    G24                  IBUFDS (Prop_ibufds_I_O)     1.000     1.000 r  hdmi_rx_0/hdmi_rx_clk_buf/O
                         net (fo=1, routed)           1.230     2.230    hdmi_rx_0/mmcm_clkin
    MMCME2_ADV_X0Y1      MMCME2_ADV (Prop_mmcme2_adv_CLKIN1_CLKOUT1)
                                                      0.088     2.318 r  hdmi_rx_0/mmcm_adv_inst/CLKOUT1
                         net (fo=1, routed)           1.574     3.892    hdmi_rx_0/mmcm_clkout1
    BUFGCTRL_X0Y2        BUFG (Prop_bufg_I_O)         0.120     4.012 r  hdmi_rx_0/BUF_fastclk/O
                         net (fo=18, routed)          1.587     5.599    hdmi_tx_0/tmds_transmitter/oserdes0/tx_clk_5x
    OLOGIC_X0Y92         OSERDESE2                                    r  hdmi_tx_0/tmds_transmitter/oserdes0/master_oserdes/CLK
  -------------------------------------------------------------------    -------------------
    OLOGIC_X0Y92         OSERDESE2 (Prop_oserdese2_CLK_OQ)
                                                      0.415     6.014 r  hdmi_tx_0/tmds_transmitter/oserdes0/master_oserdes/OQ
                         net (fo=1, routed)           0.000     6.014    hdmi_tx_0/tmds_transmitter/oserdes0/data_to_iob
    A23                  OBUFDS (Prop_obufds_I_O)     1.763     7.777 r  hdmi_tx_0/tmds_transmitter/oserdes0/output_buffer/O
                         net (fo=0)                   0.000     7.777    hdmi_tx_d0_p
    A23                                                               r  hdmi_tx_d0_p (OUT)
  -------------------------------------------------------------------    -------------------

Slack:                    inf
  Source:                 hdmi_tx_0/tmds_transmitter/oserdes2/master_oserdes/CLK
                            (rising edge-triggered cell OSERDESE2 clocked by mmcm_clkout1  {rise@0.000ns fall@1.000ns period=2.000ns})
  Destination:            hdmi_tx_d2_n
                            (output port)
  Path Group:             (none)
  Path Type:              Max at Slow Process Corner
  Data Path Delay:        2.169ns  (logic 2.169ns (100.000%)  route 0.000ns (0.000%))
  Logic Levels:           1  (OBUFDS=1)
  Clock Uncertainty:      0.152ns  ((TSJ^2 + DJ^2)^1/2) / 2 + PE
    Total System Jitter     (TSJ):    0.050ns
    Discrete Jitter          (DJ):    0.095ns
    Phase Error              (PE):    0.099ns

    Location             Delay type                Incr(ns)  Path(ns)    Netlist Resource(s)
  -------------------------------------------------------------------    -------------------
                         (clock mmcm_clkout1 rise edge)
                                                      0.000     0.000 r  
    G24                                               0.000     0.000 r  hdmi_rx_clk_p (IN)
                         net (fo=0)                   0.000     0.000    hdmi_rx_0/hdmi_rx_clk_p
    G24                  IBUFDS (Prop_ibufds_I_O)     1.000     1.000 r  hdmi_rx_0/hdmi_rx_clk_buf/O
                         net (fo=1, routed)           1.230     2.230    hdmi_rx_0/mmcm_clkin
    MMCME2_ADV_X0Y1      MMCME2_ADV (Prop_mmcme2_adv_CLKIN1_CLKOUT1)
                                                      0.088     2.318 r  hdmi_rx_0/mmcm_adv_inst/CLKOUT1
                         net (fo=1, routed)           1.574     3.892    hdmi_rx_0/mmcm_clkout1
    BUFGCTRL_X0Y2        BUFG (Prop_bufg_I_O)         0.120     4.012 r  hdmi_rx_0/BUF_fastclk/O
                         net (fo=18, routed)          1.583     5.595    hdmi_tx_0/tmds_transmitter/oserdes2/tx_clk_5x
    OLOGIC_X0Y84         OSERDESE2                                    r  hdmi_tx_0/tmds_transmitter/oserdes2/master_oserdes/CLK
  -------------------------------------------------------------------    -------------------
    OLOGIC_X0Y84         OSERDESE2 (Prop_oserdese2_CLK_OQ)
                                                      0.415     6.010 r  hdmi_tx_0/tmds_transmitter/oserdes2/master_oserdes/OQ
                         net (fo=1, routed)           0.000     6.010    hdmi_tx_0/tmds_transmitter/oserdes2/data_to_iob
    B20                  OBUFDS (Prop_obufds_I_OB)    1.754     7.764 r  hdmi_tx_0/tmds_transmitter/oserdes2/output_buffer/OB
                         net (fo=0)                   0.000     7.764    hdmi_tx_d2_n
    A20                                                               r  hdmi_tx_d2_n (OUT)
  -------------------------------------------------------------------    -------------------

Slack:                    inf
  Source:                 hdmi_tx_0/tmds_transmitter/oserdes2/master_oserdes/CLK
                            (rising edge-triggered cell OSERDESE2 clocked by mmcm_clkout1  {rise@0.000ns fall@1.000ns period=2.000ns})
  Destination:            hdmi_tx_d2_p
                            (output port)
  Path Group:             (none)
  Path Type:              Max at Slow Process Corner
  Data Path Delay:        2.169ns  (logic 2.169ns (100.000%)  route 0.000ns (0.000%))
  Logic Levels:           1  (OBUFDS=1)
  Clock Uncertainty:      0.152ns  ((TSJ^2 + DJ^2)^1/2) / 2 + PE
    Total System Jitter     (TSJ):    0.050ns
    Discrete Jitter          (DJ):    0.095ns
    Phase Error              (PE):    0.099ns

    Location             Delay type                Incr(ns)  Path(ns)    Netlist Resource(s)
  -------------------------------------------------------------------    -------------------
                         (clock mmcm_clkout1 rise edge)
                                                      0.000     0.000 r  
    G24                                               0.000     0.000 r  hdmi_rx_clk_p (IN)
                         net (fo=0)                   0.000     0.000    hdmi_rx_0/hdmi_rx_clk_p
    G24                  IBUFDS (Prop_ibufds_I_O)     1.000     1.000 r  hdmi_rx_0/hdmi_rx_clk_buf/O
                         net (fo=1, routed)           1.230     2.230    hdmi_rx_0/mmcm_clkin
    MMCME2_ADV_X0Y1      MMCME2_ADV (Prop_mmcme2_adv_CLKIN1_CLKOUT1)
                                                      0.088     2.318 r  hdmi_rx_0/mmcm_adv_inst/CLKOUT1
                         net (fo=1, routed)           1.574     3.892    hdmi_rx_0/mmcm_clkout1
    BUFGCTRL_X0Y2        BUFG (Prop_bufg_I_O)         0.120     4.012 r  hdmi_rx_0/BUF_fastclk/O
                         net (fo=18, routed)          1.583     5.595    hdmi_tx_0/tmds_transmitter/oserdes2/tx_clk_5x
    OLOGIC_X0Y84         OSERDESE2                                    r  hdmi_tx_0/tmds_transmitter/oserdes2/master_oserdes/CLK
  -------------------------------------------------------------------    -------------------
    OLOGIC_X0Y84         OSERDESE2 (Prop_oserdese2_CLK_OQ)
                                                      0.415     6.010 r  hdmi_tx_0/tmds_transmitter/oserdes2/master_oserdes/OQ
                         net (fo=1, routed)           0.000     6.010    hdmi_tx_0/tmds_transmitter/oserdes2/data_to_iob
    B20                  OBUFDS (Prop_obufds_I_O)     1.754     7.764 r  hdmi_tx_0/tmds_transmitter/oserdes2/output_buffer/O
                         net (fo=0)                   0.000     7.764    hdmi_tx_d2_p
    B20                                                               r  hdmi_tx_d2_p (OUT)
  -------------------------------------------------------------------    -------------------

Slack:                    inf
  Source:                 hdmi_tx_0/tmds_transmitter/oserdes1/master_oserdes/CLK
                            (rising edge-triggered cell OSERDESE2 clocked by mmcm_clkout1  {rise@0.000ns fall@1.000ns period=2.000ns})
  Destination:            hdmi_tx_d1_n
                            (output port)
  Path Group:             (none)
  Path Type:              Max at Slow Process Corner
  Data Path Delay:        2.160ns  (logic 2.160ns (100.000%)  route 0.000ns (0.000%))
  Logic Levels:           1  (OBUFDS=1)
  Clock Uncertainty:      0.152ns  ((TSJ^2 + DJ^2)^1/2) / 2 + PE
    Total System Jitter     (TSJ):    0.050ns
    Discrete Jitter          (DJ):    0.095ns
    Phase Error              (PE):    0.099ns

    Location             Delay type                Incr(ns)  Path(ns)    Netlist Resource(s)
  -------------------------------------------------------------------    -------------------
                         (clock mmcm_clkout1 rise edge)
                                                      0.000     0.000 r  
    G24                                               0.000     0.000 r  hdmi_rx_clk_p (IN)
                         net (fo=0)                   0.000     0.000    hdmi_rx_0/hdmi_rx_clk_p
    G24                  IBUFDS (Prop_ibufds_I_O)     1.000     1.000 r  hdmi_rx_0/hdmi_rx_clk_buf/O
                         net (fo=1, routed)           1.230     2.230    hdmi_rx_0/mmcm_clkin
    MMCME2_ADV_X0Y1      MMCME2_ADV (Prop_mmcme2_adv_CLKIN1_CLKOUT1)
                                                      0.088     2.318 r  hdmi_rx_0/mmcm_adv_inst/CLKOUT1
                         net (fo=1, routed)           1.574     3.892    hdmi_rx_0/mmcm_clkout1
    BUFGCTRL_X0Y2        BUFG (Prop_bufg_I_O)         0.120     4.012 r  hdmi_rx_0/BUF_fastclk/O
                         net (fo=18, routed)          1.577     5.589    hdmi_tx_0/tmds_transmitter/oserdes1/tx_clk_5x
    OLOGIC_X0Y80         OSERDESE2                                    r  hdmi_tx_0/tmds_transmitter/oserdes1/master_oserdes/CLK
  -------------------------------------------------------------------    -------------------
    OLOGIC_X0Y80         OSERDESE2 (Prop_oserdese2_CLK_OQ)
                                                      0.415     6.004 r  hdmi_tx_0/tmds_transmitter/oserdes1/master_oserdes/OQ
                         net (fo=1, routed)           0.000     6.004    hdmi_tx_0/tmds_transmitter/oserdes1/data_to_iob
    C21                  OBUFDS (Prop_obufds_I_OB)    1.745     7.749 r  hdmi_tx_0/tmds_transmitter/oserdes1/output_buffer/OB
                         net (fo=0)                   0.000     7.749    hdmi_tx_d1_n
    B21                                                               r  hdmi_tx_d1_n (OUT)
  -------------------------------------------------------------------    -------------------

Slack:                    inf
  Source:                 hdmi_tx_0/tmds_transmitter/oserdes1/master_oserdes/CLK
                            (rising edge-triggered cell OSERDESE2 clocked by mmcm_clkout1  {rise@0.000ns fall@1.000ns period=2.000ns})
  Destination:            hdmi_tx_d1_p
                            (output port)
  Path Group:             (none)
  Path Type:              Max at Slow Process Corner
  Data Path Delay:        2.160ns  (logic 2.160ns (100.000%)  route 0.000ns (0.000%))
  Logic Levels:           1  (OBUFDS=1)
  Clock Uncertainty:      0.152ns  ((TSJ^2 + DJ^2)^1/2) / 2 + PE
    Total System Jitter     (TSJ):    0.050ns
    Discrete Jitter          (DJ):    0.095ns
    Phase Error              (PE):    0.099ns

    Location             Delay type                Incr(ns)  Path(ns)    Netlist Resource(s)
  -------------------------------------------------------------------    -------------------
                         (clock mmcm_clkout1 rise edge)
                                                      0.000     0.000 r  
    G24                                               0.000     0.000 r  hdmi_rx_clk_p (IN)
                         net (fo=0)                   0.000     0.000    hdmi_rx_0/hdmi_rx_clk_p
    G24                  IBUFDS (Prop_ibufds_I_O)     1.000     1.000 r  hdmi_rx_0/hdmi_rx_clk_buf/O
                         net (fo=1, routed)           1.230     2.230    hdmi_rx_0/mmcm_clkin
    MMCME2_ADV_X0Y1      MMCME2_ADV (Prop_mmcme2_adv_CLKIN1_CLKOUT1)
                                                      0.088     2.318 r  hdmi_rx_0/mmcm_adv_inst/CLKOUT1
                         net (fo=1, routed)           1.574     3.892    hdmi_rx_0/mmcm_clkout1
    BUFGCTRL_X0Y2        BUFG (Prop_bufg_I_O)         0.120     4.012 r  hdmi_rx_0/BUF_fastclk/O
                         net (fo=18, routed)          1.577     5.589    hdmi_tx_0/tmds_transmitter/oserdes1/tx_clk_5x
    OLOGIC_X0Y80         OSERDESE2                                    r  hdmi_tx_0/tmds_transmitter/oserdes1/master_oserdes/CLK
  -------------------------------------------------------------------    -------------------
    OLOGIC_X0Y80         OSERDESE2 (Prop_oserdese2_CLK_OQ)
                                                      0.415     6.004 r  hdmi_tx_0/tmds_transmitter/oserdes1/master_oserdes/OQ
                         net (fo=1, routed)           0.000     6.004    hdmi_tx_0/tmds_transmitter/oserdes1/data_to_iob
    C21                  OBUFDS (Prop_obufds_I_O)     1.745     7.749 r  hdmi_tx_0/tmds_transmitter/oserdes1/output_buffer/O
                         net (fo=0)                   0.000     7.749    hdmi_tx_d1_p
    C21                                                               r  hdmi_tx_d1_p (OUT)
  -------------------------------------------------------------------    -------------------





Min Delay Paths
--------------------------------------------------------------------------------------
Slack:                    inf
  Source:                 hdmi_tx_0/tmds_transmitter/oserdes1/master_oserdes/CLK
                            (rising edge-triggered cell OSERDESE2 clocked by mmcm_clkout1  {rise@0.000ns fall@1.000ns period=2.000ns})
  Destination:            hdmi_tx_d1_n
                            (output port)
  Path Group:             (none)
  Path Type:              Min at Fast Process Corner
  Data Path Delay:        1.204ns  (logic 1.204ns (100.000%)  route 0.000ns (0.000%))
  Logic Levels:           1  (OBUFDS=1)
  Clock Uncertainty:      0.152ns  ((TSJ^2 + DJ^2)^1/2) / 2 + PE
    Total System Jitter     (TSJ):    0.050ns
    Discrete Jitter          (DJ):    0.095ns
    Phase Error              (PE):    0.099ns

    Location             Delay type                Incr(ns)  Path(ns)    Netlist Resource(s)
  -------------------------------------------------------------------    -------------------
                         (clock mmcm_clkout1 rise edge)
                                                      0.000     0.000 r  
    G24                                               0.000     0.000 r  hdmi_rx_clk_p (IN)
                         net (fo=0)                   0.000     0.000    hdmi_rx_0/hdmi_rx_clk_p
    G24                  IBUFDS (Prop_ibufds_I_O)     0.536     0.536 r  hdmi_rx_0/hdmi_rx_clk_buf/O
                         net (fo=1, routed)           0.503     1.039    hdmi_rx_0/mmcm_clkin
    MMCME2_ADV_X0Y1      MMCME2_ADV (Prop_mmcme2_adv_CLKIN1_CLKOUT1)
                                                      0.050     1.089 r  hdmi_rx_0/mmcm_adv_inst/CLKOUT1
                         net (fo=1, routed)           0.533     1.622    hdmi_rx_0/mmcm_clkout1
    BUFGCTRL_X0Y2        BUFG (Prop_bufg_I_O)         0.026     1.648 r  hdmi_rx_0/BUF_fastclk/O
                         net (fo=18, routed)          0.595     2.243    hdmi_tx_0/tmds_transmitter/oserdes1/tx_clk_5x
    OLOGIC_X0Y80         OSERDESE2                                    r  hdmi_tx_0/tmds_transmitter/oserdes1/master_oserdes/CLK
  -------------------------------------------------------------------    -------------------
    OLOGIC_X0Y80         OSERDESE2 (Prop_oserdese2_CLK_OQ)
                                                      0.192     2.435 r  hdmi_tx_0/tmds_transmitter/oserdes1/master_oserdes/OQ
                         net (fo=1, routed)           0.000     2.435    hdmi_tx_0/tmds_transmitter/oserdes1/data_to_iob
    C21                  OBUFDS (Prop_obufds_I_OB)    1.012     3.447 r  hdmi_tx_0/tmds_transmitter/oserdes1/output_buffer/OB
                         net (fo=0)                   0.000     3.447    hdmi_tx_d1_n
    B21                                                               r  hdmi_tx_d1_n (OUT)
  -------------------------------------------------------------------    -------------------

Slack:                    inf
  Source:                 hdmi_tx_0/tmds_transmitter/oserdes1/master_oserdes/CLK
                            (rising edge-triggered cell OSERDESE2 clocked by mmcm_clkout1  {rise@0.000ns fall@1.000ns period=2.000ns})
  Destination:            hdmi_tx_d1_p
                            (output port)
  Path Group:             (none)
  Path Type:              Min at Fast Process Corner
  Data Path Delay:        1.204ns  (logic 1.204ns (100.000%)  route 0.000ns (0.000%))
  Logic Levels:           1  (OBUFDS=1)
  Clock Uncertainty:      0.152ns  ((TSJ^2 + DJ^2)^1/2) / 2 + PE
    Total System Jitter     (TSJ):    0.050ns
    Discrete Jitter          (DJ):    0.095ns
    Phase Error              (PE):    0.099ns

    Location             Delay type                Incr(ns)  Path(ns)    Netlist Resource(s)
  -------------------------------------------------------------------    -------------------
                         (clock mmcm_clkout1 rise edge)
                                                      0.000     0.000 r  
    G24                                               0.000     0.000 r  hdmi_rx_clk_p (IN)
                         net (fo=0)                   0.000     0.000    hdmi_rx_0/hdmi_rx_clk_p
    G24                  IBUFDS (Prop_ibufds_I_O)     0.536     0.536 r  hdmi_rx_0/hdmi_rx_clk_buf/O
                         net (fo=1, routed)           0.503     1.039    hdmi_rx_0/mmcm_clkin
    MMCME2_ADV_X0Y1      MMCME2_ADV (Prop_mmcme2_adv_CLKIN1_CLKOUT1)
                                                      0.050     1.089 r  hdmi_rx_0/mmcm_adv_inst/CLKOUT1
                         net (fo=1, routed)           0.533     1.622    hdmi_rx_0/mmcm_clkout1
    BUFGCTRL_X0Y2        BUFG (Prop_bufg_I_O)         0.026     1.648 r  hdmi_rx_0/BUF_fastclk/O
                         net (fo=18, routed)          0.595     2.243    hdmi_tx_0/tmds_transmitter/oserdes1/tx_clk_5x
    OLOGIC_X0Y80         OSERDESE2                                    r  hdmi_tx_0/tmds_transmitter/oserdes1/master_oserdes/CLK
  -------------------------------------------------------------------    -------------------
    OLOGIC_X0Y80         OSERDESE2 (Prop_oserdese2_CLK_OQ)
                                                      0.192     2.435 r  hdmi_tx_0/tmds_transmitter/oserdes1/master_oserdes/OQ
                         net (fo=1, routed)           0.000     2.435    hdmi_tx_0/tmds_transmitter/oserdes1/data_to_iob
    C21                  OBUFDS (Prop_obufds_I_O)     1.012     3.447 r  hdmi_tx_0/tmds_transmitter/oserdes1/output_buffer/O
                         net (fo=0)                   0.000     3.447    hdmi_tx_d1_p
    C21                                                               r  hdmi_tx_d1_p (OUT)
  -------------------------------------------------------------------    -------------------

Slack:                    inf
  Source:                 hdmi_tx_0/tmds_transmitter/oserdes2/master_oserdes/CLK
                            (rising edge-triggered cell OSERDESE2 clocked by mmcm_clkout1  {rise@0.000ns fall@1.000ns period=2.000ns})
  Destination:            hdmi_tx_d2_n
                            (output port)
  Path Group:             (none)
  Path Type:              Min at Fast Process Corner
  Data Path Delay:        1.212ns  (logic 1.212ns (100.000%)  route 0.000ns (0.000%))
  Logic Levels:           1  (OBUFDS=1)
  Clock Uncertainty:      0.152ns  ((TSJ^2 + DJ^2)^1/2) / 2 + PE
    Total System Jitter     (TSJ):    0.050ns
    Discrete Jitter          (DJ):    0.095ns
    Phase Error              (PE):    0.099ns

    Location             Delay type                Incr(ns)  Path(ns)    Netlist Resource(s)
  -------------------------------------------------------------------    -------------------
                         (clock mmcm_clkout1 rise edge)
                                                      0.000     0.000 r  
    G24                                               0.000     0.000 r  hdmi_rx_clk_p (IN)
                         net (fo=0)                   0.000     0.000    hdmi_rx_0/hdmi_rx_clk_p
    G24                  IBUFDS (Prop_ibufds_I_O)     0.536     0.536 r  hdmi_rx_0/hdmi_rx_clk_buf/O
                         net (fo=1, routed)           0.503     1.039    hdmi_rx_0/mmcm_clkin
    MMCME2_ADV_X0Y1      MMCME2_ADV (Prop_mmcme2_adv_CLKIN1_CLKOUT1)
                                                      0.050     1.089 r  hdmi_rx_0/mmcm_adv_inst/CLKOUT1
                         net (fo=1, routed)           0.533     1.622    hdmi_rx_0/mmcm_clkout1
    BUFGCTRL_X0Y2        BUFG (Prop_bufg_I_O)         0.026     1.648 r  hdmi_rx_0/BUF_fastclk/O
                         net (fo=18, routed)          0.599     2.247    hdmi_tx_0/tmds_transmitter/oserdes2/tx_clk_5x
    OLOGIC_X0Y84         OSERDESE2                                    r  hdmi_tx_0/tmds_transmitter/oserdes2/master_oserdes/CLK
  -------------------------------------------------------------------    -------------------
    OLOGIC_X0Y84         OSERDESE2 (Prop_oserdese2_CLK_OQ)
                                                      0.192     2.439 r  hdmi_tx_0/tmds_transmitter/oserdes2/master_oserdes/OQ
                         net (fo=1, routed)           0.000     2.439    hdmi_tx_0/tmds_transmitter/oserdes2/data_to_iob
    B20                  OBUFDS (Prop_obufds_I_OB)    1.020     3.460 r  hdmi_tx_0/tmds_transmitter/oserdes2/output_buffer/OB
                         net (fo=0)                   0.000     3.460    hdmi_tx_d2_n
    A20                                                               r  hdmi_tx_d2_n (OUT)
  -------------------------------------------------------------------    -------------------

Slack:                    inf
  Source:                 hdmi_tx_0/tmds_transmitter/oserdes2/master_oserdes/CLK
                            (rising edge-triggered cell OSERDESE2 clocked by mmcm_clkout1  {rise@0.000ns fall@1.000ns period=2.000ns})
  Destination:            hdmi_tx_d2_p
                            (output port)
  Path Group:             (none)
  Path Type:              Min at Fast Process Corner
  Data Path Delay:        1.212ns  (logic 1.212ns (100.000%)  route 0.000ns (0.000%))
  Logic Levels:           1  (OBUFDS=1)
  Clock Uncertainty:      0.152ns  ((TSJ^2 + DJ^2)^1/2) / 2 + PE
    Total System Jitter     (TSJ):    0.050ns
    Discrete Jitter          (DJ):    0.095ns
    Phase Error              (PE):    0.099ns

    Location             Delay type                Incr(ns)  Path(ns)    Netlist Resource(s)
  -------------------------------------------------------------------    -------------------
                         (clock mmcm_clkout1 rise edge)
                                                      0.000     0.000 r  
    G24                                               0.000     0.000 r  hdmi_rx_clk_p (IN)
                         net (fo=0)                   0.000     0.000    hdmi_rx_0/hdmi_rx_clk_p
    G24                  IBUFDS (Prop_ibufds_I_O)     0.536     0.536 r  hdmi_rx_0/hdmi_rx_clk_buf/O
                         net (fo=1, routed)           0.503     1.039    hdmi_rx_0/mmcm_clkin
    MMCME2_ADV_X0Y1      MMCME2_ADV (Prop_mmcme2_adv_CLKIN1_CLKOUT1)
                                                      0.050     1.089 r  hdmi_rx_0/mmcm_adv_inst/CLKOUT1
                         net (fo=1, routed)           0.533     1.622    hdmi_rx_0/mmcm_clkout1
    BUFGCTRL_X0Y2        BUFG (Prop_bufg_I_O)         0.026     1.648 r  hdmi_rx_0/BUF_fastclk/O
                         net (fo=18, routed)          0.599     2.247    hdmi_tx_0/tmds_transmitter/oserdes2/tx_clk_5x
    OLOGIC_X0Y84         OSERDESE2                                    r  hdmi_tx_0/tmds_transmitter/oserdes2/master_oserdes/CLK
  -------------------------------------------------------------------    -------------------
    OLOGIC_X0Y84         OSERDESE2 (Prop_oserdese2_CLK_OQ)
                                                      0.192     2.439 r  hdmi_tx_0/tmds_transmitter/oserdes2/master_oserdes/OQ
                         net (fo=1, routed)           0.000     2.439    hdmi_tx_0/tmds_transmitter/oserdes2/data_to_iob
    B20                  OBUFDS (Prop_obufds_I_O)     1.020     3.460 r  hdmi_tx_0/tmds_transmitter/oserdes2/output_buffer/O
                         net (fo=0)                   0.000     3.460    hdmi_tx_d2_p
    B20                                                               r  hdmi_tx_d2_p (OUT)
  -------------------------------------------------------------------    -------------------

Slack:                    inf
  Source:                 hdmi_tx_0/tmds_transmitter/oserdes0/master_oserdes/CLK
                            (rising edge-triggered cell OSERDESE2 clocked by mmcm_clkout1  {rise@0.000ns fall@1.000ns period=2.000ns})
  Destination:            hdmi_tx_d0_n
                            (output port)
  Path Group:             (none)
  Path Type:              Min at Fast Process Corner
  Data Path Delay:        1.222ns  (logic 1.222ns (100.000%)  route 0.000ns (0.000%))
  Logic Levels:           1  (OBUFDS=1)
  Clock Uncertainty:      0.152ns  ((TSJ^2 + DJ^2)^1/2) / 2 + PE
    Total System Jitter     (TSJ):    0.050ns
    Discrete Jitter          (DJ):    0.095ns
    Phase Error              (PE):    0.099ns

    Location             Delay type                Incr(ns)  Path(ns)    Netlist Resource(s)
  -------------------------------------------------------------------    -------------------
                         (clock mmcm_clkout1 rise edge)
                                                      0.000     0.000 r  
    G24                                               0.000     0.000 r  hdmi_rx_clk_p (IN)
                         net (fo=0)                   0.000     0.000    hdmi_rx_0/hdmi_rx_clk_p
    G24                  IBUFDS (Prop_ibufds_I_O)     0.536     0.536 r  hdmi_rx_0/hdmi_rx_clk_buf/O
                         net (fo=1, routed)           0.503     1.039    hdmi_rx_0/mmcm_clkin
    MMCME2_ADV_X0Y1      MMCME2_ADV (Prop_mmcme2_adv_CLKIN1_CLKOUT1)
                                                      0.050     1.089 r  hdmi_rx_0/mmcm_adv_inst/CLKOUT1
                         net (fo=1, routed)           0.533     1.622    hdmi_rx_0/mmcm_clkout1
    BUFGCTRL_X0Y2        BUFG (Prop_bufg_I_O)         0.026     1.648 r  hdmi_rx_0/BUF_fastclk/O
                         net (fo=18, routed)          0.602     2.250    hdmi_tx_0/tmds_transmitter/oserdes0/tx_clk_5x
    OLOGIC_X0Y92         OSERDESE2                                    r  hdmi_tx_0/tmds_transmitter/oserdes0/master_oserdes/CLK
  -------------------------------------------------------------------    -------------------
    OLOGIC_X0Y92         OSERDESE2 (Prop_oserdese2_CLK_OQ)
                                                      0.192     2.442 r  hdmi_tx_0/tmds_transmitter/oserdes0/master_oserdes/OQ
                         net (fo=1, routed)           0.000     2.442    hdmi_tx_0/tmds_transmitter/oserdes0/data_to_iob
    A23                  OBUFDS (Prop_obufds_I_OB)    1.030     3.472 r  hdmi_tx_0/tmds_transmitter/oserdes0/output_buffer/OB
                         net (fo=0)                   0.000     3.472    hdmi_tx_d0_n
    A24                                                               r  hdmi_tx_d0_n (OUT)
  -------------------------------------------------------------------    -------------------

Slack:                    inf
  Source:                 hdmi_tx_0/tmds_transmitter/oserdes0/master_oserdes/CLK
                            (rising edge-triggered cell OSERDESE2 clocked by mmcm_clkout1  {rise@0.000ns fall@1.000ns period=2.000ns})
  Destination:            hdmi_tx_d0_p
                            (output port)
  Path Group:             (none)
  Path Type:              Min at Fast Process Corner
  Data Path Delay:        1.222ns  (logic 1.222ns (100.000%)  route 0.000ns (0.000%))
  Logic Levels:           1  (OBUFDS=1)
  Clock Uncertainty:      0.152ns  ((TSJ^2 + DJ^2)^1/2) / 2 + PE
    Total System Jitter     (TSJ):    0.050ns
    Discrete Jitter          (DJ):    0.095ns
    Phase Error              (PE):    0.099ns

    Location             Delay type                Incr(ns)  Path(ns)    Netlist Resource(s)
  -------------------------------------------------------------------    -------------------
                         (clock mmcm_clkout1 rise edge)
                                                      0.000     0.000 r  
    G24                                               0.000     0.000 r  hdmi_rx_clk_p (IN)
                         net (fo=0)                   0.000     0.000    hdmi_rx_0/hdmi_rx_clk_p
    G24                  IBUFDS (Prop_ibufds_I_O)     0.536     0.536 r  hdmi_rx_0/hdmi_rx_clk_buf/O
                         net (fo=1, routed)           0.503     1.039    hdmi_rx_0/mmcm_clkin
    MMCME2_ADV_X0Y1      MMCME2_ADV (Prop_mmcme2_adv_CLKIN1_CLKOUT1)
                                                      0.050     1.089 r  hdmi_rx_0/mmcm_adv_inst/CLKOUT1
                         net (fo=1, routed)           0.533     1.622    hdmi_rx_0/mmcm_clkout1
    BUFGCTRL_X0Y2        BUFG (Prop_bufg_I_O)         0.026     1.648 r  hdmi_rx_0/BUF_fastclk/O
                         net (fo=18, routed)          0.602     2.250    hdmi_tx_0/tmds_transmitter/oserdes0/tx_clk_5x
    OLOGIC_X0Y92         OSERDESE2                                    r  hdmi_tx_0/tmds_transmitter/oserdes0/master_oserdes/CLK
  -------------------------------------------------------------------    -------------------
    OLOGIC_X0Y92         OSERDESE2 (Prop_oserdese2_CLK_OQ)
                                                      0.192     2.442 r  hdmi_tx_0/tmds_transmitter/oserdes0/master_oserdes/OQ
                         net (fo=1, routed)           0.000     2.442    hdmi_tx_0/tmds_transmitter/oserdes0/data_to_iob
    A23                  OBUFDS (Prop_obufds_I_O)     1.030     3.472 r  hdmi_tx_0/tmds_transmitter/oserdes0/output_buffer/O
                         net (fo=0)                   0.000     3.472    hdmi_tx_d0_p
    A23                                                               r  hdmi_tx_d0_p (OUT)
  -------------------------------------------------------------------    -------------------





--------------------------------------------------------------------------------------
Path Group:  (none)
From Clock:  mmcm_clkout2
  To Clock:  

Max Delay             8 Endpoints
Min Delay             8 Endpoints
--------------------------------------------------------------------------------------


Max Delay Paths
--------------------------------------------------------------------------------------
Slack:                    inf
  Source:                 hdmi_tx_0/tmds_transmitter/ODDR_clk/C
                            (falling edge-triggered cell ODDR clocked by mmcm_clkout2  {rise@0.000ns fall@5.000ns period=10.000ns})
  Destination:            hdmi_tx_clk_n
                            (output port)
  Path Group:             (none)
  Path Type:              Max at Slow Process Corner
  Data Path Delay:        2.177ns  (logic 2.177ns (100.000%)  route 0.000ns (0.000%))
  Logic Levels:           1  (OBUFDS=1)
  Clock Uncertainty:      0.168ns  ((TSJ^2 + DJ^2)^1/2) / 2 + PE
    Total System Jitter     (TSJ):    0.050ns
    Discrete Jitter          (DJ):    0.129ns
    Phase Error              (PE):    0.099ns

    Location             Delay type                Incr(ns)  Path(ns)    Netlist Resource(s)
  -------------------------------------------------------------------    -------------------
                         (clock mmcm_clkout2 fall edge)
                                                      5.000     5.000 f  
    G24                                               0.000     5.000 f  hdmi_rx_clk_p (IN)
                         net (fo=0)                   0.000     5.000    hdmi_rx_0/hdmi_rx_clk_p
    G24                  IBUFDS (Prop_ibufds_I_O)     1.000     6.000 f  hdmi_rx_0/hdmi_rx_clk_buf/O
                         net (fo=1, routed)           1.230     7.230    hdmi_rx_0/mmcm_clkin
    MMCME2_ADV_X0Y1      MMCME2_ADV (Prop_mmcme2_adv_CLKIN1_CLKOUT2)
                                                      0.088     7.318 f  hdmi_rx_0/mmcm_adv_inst/CLKOUT2
                         net (fo=1, routed)           1.574     8.892    hdmi_rx_0/mmcm_clkout2
    BUFGCTRL_X0Y0        BUFG (Prop_bufg_I_O)         0.120     9.012 f  hdmi_rx_0/BUF_slowclk/O
                         net (fo=903, routed)         1.584    10.596    hdmi_tx_0/tmds_transmitter/tx_clk
    OLOGIC_X0Y86         ODDR                                         f  hdmi_tx_0/tmds_transmitter/ODDR_clk/C
  -------------------------------------------------------------------    -------------------
    OLOGIC_X0Y86         ODDR (Prop_oddr_C_Q)         0.415    11.011 r  hdmi_tx_0/tmds_transmitter/ODDR_clk/Q
                         net (fo=1, routed)           0.000    11.011    hdmi_tx_0/tmds_transmitter/clk_out
    D21                  OBUFDS (Prop_obufds_I_OB)    1.762    12.773 r  hdmi_tx_0/tmds_transmitter/OBUFDS_clk/OB
                         net (fo=0)                   0.000    12.773    hdmi_tx_clk_n
    C22                                                               r  hdmi_tx_clk_n (OUT)
  -------------------------------------------------------------------    -------------------

Slack:                    inf
  Source:                 hdmi_tx_0/tmds_transmitter/ODDR_clk/C
                            (falling edge-triggered cell ODDR clocked by mmcm_clkout2  {rise@0.000ns fall@5.000ns period=10.000ns})
  Destination:            hdmi_tx_clk_p
                            (output port)
  Path Group:             (none)
  Path Type:              Max at Slow Process Corner
  Data Path Delay:        2.177ns  (logic 2.177ns (100.000%)  route 0.000ns (0.000%))
  Logic Levels:           1  (OBUFDS=1)
  Clock Uncertainty:      0.168ns  ((TSJ^2 + DJ^2)^1/2) / 2 + PE
    Total System Jitter     (TSJ):    0.050ns
    Discrete Jitter          (DJ):    0.129ns
    Phase Error              (PE):    0.099ns

    Location             Delay type                Incr(ns)  Path(ns)    Netlist Resource(s)
  -------------------------------------------------------------------    -------------------
                         (clock mmcm_clkout2 fall edge)
                                                      5.000     5.000 f  
    G24                                               0.000     5.000 f  hdmi_rx_clk_p (IN)
                         net (fo=0)                   0.000     5.000    hdmi_rx_0/hdmi_rx_clk_p
    G24                  IBUFDS (Prop_ibufds_I_O)     1.000     6.000 f  hdmi_rx_0/hdmi_rx_clk_buf/O
                         net (fo=1, routed)           1.230     7.230    hdmi_rx_0/mmcm_clkin
    MMCME2_ADV_X0Y1      MMCME2_ADV (Prop_mmcme2_adv_CLKIN1_CLKOUT2)
                                                      0.088     7.318 f  hdmi_rx_0/mmcm_adv_inst/CLKOUT2
                         net (fo=1, routed)           1.574     8.892    hdmi_rx_0/mmcm_clkout2
    BUFGCTRL_X0Y0        BUFG (Prop_bufg_I_O)         0.120     9.012 f  hdmi_rx_0/BUF_slowclk/O
                         net (fo=903, routed)         1.584    10.596    hdmi_tx_0/tmds_transmitter/tx_clk
    OLOGIC_X0Y86         ODDR                                         f  hdmi_tx_0/tmds_transmitter/ODDR_clk/C
  -------------------------------------------------------------------    -------------------
    OLOGIC_X0Y86         ODDR (Prop_oddr_C_Q)         0.415    11.011 r  hdmi_tx_0/tmds_transmitter/ODDR_clk/Q
                         net (fo=1, routed)           0.000    11.011    hdmi_tx_0/tmds_transmitter/clk_out
    D21                  OBUFDS (Prop_obufds_I_O)     1.762    12.773 r  hdmi_tx_0/tmds_transmitter/OBUFDS_clk/O
                         net (fo=0)                   0.000    12.773    hdmi_tx_clk_p
    D21                                                               r  hdmi_tx_clk_p (OUT)
  -------------------------------------------------------------------    -------------------

Slack:                    inf
  Source:                 hdmi_rx_0/tmds_receiver/decoder_g/channel_deskew/this_ready_reg/C
                            (rising edge-triggered cell FDCE clocked by mmcm_clkout2  {rise@0.000ns fall@5.000ns period=10.000ns})
  Destination:            led_r[3]
                            (output port)
  Path Group:             (none)
  Path Type:              Max at Slow Process Corner
  Data Path Delay:        6.577ns  (logic 3.655ns (55.573%)  route 2.922ns (44.427%))
  Logic Levels:           1  (OBUF=1)
  Clock Uncertainty:      0.168ns  ((TSJ^2 + DJ^2)^1/2) / 2 + PE
    Total System Jitter     (TSJ):    0.050ns
    Discrete Jitter          (DJ):    0.129ns
    Phase Error              (PE):    0.099ns

    Location             Delay type                Incr(ns)  Path(ns)    Netlist Resource(s)
  -------------------------------------------------------------------    -------------------
                         (clock mmcm_clkout2 rise edge)
                                                      0.000     0.000 r  
    G24                                               0.000     0.000 r  hdmi_rx_clk_p (IN)
                         net (fo=0)                   0.000     0.000    hdmi_rx_0/hdmi_rx_clk_p
    G24                  IBUFDS (Prop_ibufds_I_O)     1.000     1.000 r  hdmi_rx_0/hdmi_rx_clk_buf/O
                         net (fo=1, routed)           1.230     2.230    hdmi_rx_0/mmcm_clkin
    MMCME2_ADV_X0Y1      MMCME2_ADV (Prop_mmcme2_adv_CLKIN1_CLKOUT2)
                                                      0.088     2.318 r  hdmi_rx_0/mmcm_adv_inst/CLKOUT2
                         net (fo=1, routed)           1.574     3.892    hdmi_rx_0/mmcm_clkout2
    BUFGCTRL_X0Y0        BUFG (Prop_bufg_I_O)         0.120     4.012 r  hdmi_rx_0/BUF_slowclk/O
                         net (fo=903, routed)         1.445     5.457    hdmi_rx_0/tmds_receiver/decoder_g/channel_deskew/hdmi_rx_clk_n
    SLICE_X4Y71          FDCE                                         r  hdmi_rx_0/tmds_receiver/decoder_g/channel_deskew/this_ready_reg/C
  -------------------------------------------------------------------    -------------------
    SLICE_X4Y71          FDCE (Prop_fdce_C_Q)         0.269     5.726 r  hdmi_rx_0/tmds_receiver/decoder_g/channel_deskew/this_ready_reg/Q
                         net (fo=5, routed)           2.922     8.648    led_r_OBUF[3]
    C14                  OBUF (Prop_obuf_I_O)         3.386    12.034 r  led_r_OBUF[3]_inst/O
                         net (fo=0)                   0.000    12.034    led_r[3]
    C14                                                               r  led_r[3] (OUT)
  -------------------------------------------------------------------    -------------------

Slack:                    inf
  Source:                 hdmi_rx_0/tmds_receiver/decoder_b/channel_deskew/this_ready_reg/C
                            (rising edge-triggered cell FDCE clocked by mmcm_clkout2  {rise@0.000ns fall@5.000ns period=10.000ns})
  Destination:            led_r[5]
                            (output port)
  Path Group:             (none)
  Path Type:              Max at Slow Process Corner
  Data Path Delay:        6.122ns  (logic 3.654ns (59.689%)  route 2.468ns (40.311%))
  Logic Levels:           1  (OBUF=1)
  Clock Uncertainty:      0.168ns  ((TSJ^2 + DJ^2)^1/2) / 2 + PE
    Total System Jitter     (TSJ):    0.050ns
    Discrete Jitter          (DJ):    0.129ns
    Phase Error              (PE):    0.099ns

    Location             Delay type                Incr(ns)  Path(ns)    Netlist Resource(s)
  -------------------------------------------------------------------    -------------------
                         (clock mmcm_clkout2 rise edge)
                                                      0.000     0.000 r  
    G24                                               0.000     0.000 r  hdmi_rx_clk_p (IN)
                         net (fo=0)                   0.000     0.000    hdmi_rx_0/hdmi_rx_clk_p
    G24                  IBUFDS (Prop_ibufds_I_O)     1.000     1.000 r  hdmi_rx_0/hdmi_rx_clk_buf/O
                         net (fo=1, routed)           1.230     2.230    hdmi_rx_0/mmcm_clkin
    MMCME2_ADV_X0Y1      MMCME2_ADV (Prop_mmcme2_adv_CLKIN1_CLKOUT2)
                                                      0.088     2.318 r  hdmi_rx_0/mmcm_adv_inst/CLKOUT2
                         net (fo=1, routed)           1.574     3.892    hdmi_rx_0/mmcm_clkout2
    BUFGCTRL_X0Y0        BUFG (Prop_bufg_I_O)         0.120     4.012 r  hdmi_rx_0/BUF_slowclk/O
                         net (fo=903, routed)         1.448     5.460    hdmi_rx_0/tmds_receiver/decoder_b/channel_deskew/hdmi_rx_clk_n
    SLICE_X4Y68          FDCE                                         r  hdmi_rx_0/tmds_receiver/decoder_b/channel_deskew/this_ready_reg/C
  -------------------------------------------------------------------    -------------------
    SLICE_X4Y68          FDCE (Prop_fdce_C_Q)         0.269     5.729 r  hdmi_rx_0/tmds_receiver/decoder_b/channel_deskew/this_ready_reg/Q
                         net (fo=5, routed)           2.468     8.197    led_r_OBUF[5]
    C16                  OBUF (Prop_obuf_I_O)         3.385    11.582 r  led_r_OBUF[5]_inst/O
                         net (fo=0)                   0.000    11.582    led_r[5]
    C16                                                               r  led_r[5] (OUT)
  -------------------------------------------------------------------    -------------------

Slack:                    inf
  Source:                 hdmi_rx_0/tmds_receiver/decoder_r/channel_deskew/this_ready_reg/C
                            (rising edge-triggered cell FDCE clocked by mmcm_clkout2  {rise@0.000ns fall@5.000ns period=10.000ns})
  Destination:            led_r[1]
                            (output port)
  Path Group:             (none)
  Path Type:              Max at Slow Process Corner
  Data Path Delay:        6.063ns  (logic 3.657ns (60.320%)  route 2.406ns (39.680%))
  Logic Levels:           1  (OBUF=1)
  Clock Uncertainty:      0.168ns  ((TSJ^2 + DJ^2)^1/2) / 2 + PE
    Total System Jitter     (TSJ):    0.050ns
    Discrete Jitter          (DJ):    0.129ns
    Phase Error              (PE):    0.099ns

    Location             Delay type                Incr(ns)  Path(ns)    Netlist Resource(s)
  -------------------------------------------------------------------    -------------------
                         (clock mmcm_clkout2 rise edge)
                                                      0.000     0.000 r  
    G24                                               0.000     0.000 r  hdmi_rx_clk_p (IN)
                         net (fo=0)                   0.000     0.000    hdmi_rx_0/hdmi_rx_clk_p
    G24                  IBUFDS (Prop_ibufds_I_O)     1.000     1.000 r  hdmi_rx_0/hdmi_rx_clk_buf/O
                         net (fo=1, routed)           1.230     2.230    hdmi_rx_0/mmcm_clkin
    MMCME2_ADV_X0Y1      MMCME2_ADV (Prop_mmcme2_adv_CLKIN1_CLKOUT2)
                                                      0.088     2.318 r  hdmi_rx_0/mmcm_adv_inst/CLKOUT2
                         net (fo=1, routed)           1.574     3.892    hdmi_rx_0/mmcm_clkout2
    BUFGCTRL_X0Y0        BUFG (Prop_bufg_I_O)         0.120     4.012 r  hdmi_rx_0/BUF_slowclk/O
                         net (fo=903, routed)         1.446     5.458    hdmi_rx_0/tmds_receiver/decoder_r/channel_deskew/hdmi_rx_clk_n
    SLICE_X4Y70          FDCE                                         r  hdmi_rx_0/tmds_receiver/decoder_r/channel_deskew/this_ready_reg/C
  -------------------------------------------------------------------    -------------------
    SLICE_X4Y70          FDCE (Prop_fdce_C_Q)         0.269     5.727 r  hdmi_rx_0/tmds_receiver/decoder_r/channel_deskew/this_ready_reg/Q
                         net (fo=5, routed)           2.406     8.132    led_r_OBUF[1]
    E17                  OBUF (Prop_obuf_I_O)         3.388    11.520 r  led_r_OBUF[1]_inst/O
                         net (fo=0)                   0.000    11.520    led_r[1]
    E17                                                               r  led_r[1] (OUT)
  -------------------------------------------------------------------    -------------------

Slack:                    inf
  Source:                 hdmi_rx_0/tmds_receiver/decoder_b/phase_aligner/phase_aligned_reg_lopt_replica/C
                            (rising edge-triggered cell FDCE clocked by mmcm_clkout2  {rise@0.000ns fall@5.000ns period=10.000ns})
  Destination:            led_r[4]
                            (output port)
  Path Group:             (none)
  Path Type:              Max at Slow Process Corner
  Data Path Delay:        6.020ns  (logic 3.698ns (61.425%)  route 2.322ns (38.575%))
  Logic Levels:           1  (OBUF=1)
  Clock Uncertainty:      0.168ns  ((TSJ^2 + DJ^2)^1/2) / 2 + PE
    Total System Jitter     (TSJ):    0.050ns
    Discrete Jitter          (DJ):    0.129ns
    Phase Error              (PE):    0.099ns

    Location             Delay type                Incr(ns)  Path(ns)    Netlist Resource(s)
  -------------------------------------------------------------------    -------------------
                         (clock mmcm_clkout2 rise edge)
                                                      0.000     0.000 r  
    G24                                               0.000     0.000 r  hdmi_rx_clk_p (IN)
                         net (fo=0)                   0.000     0.000    hdmi_rx_0/hdmi_rx_clk_p
    G24                  IBUFDS (Prop_ibufds_I_O)     1.000     1.000 r  hdmi_rx_0/hdmi_rx_clk_buf/O
                         net (fo=1, routed)           1.230     2.230    hdmi_rx_0/mmcm_clkin
    MMCME2_ADV_X0Y1      MMCME2_ADV (Prop_mmcme2_adv_CLKIN1_CLKOUT2)
                                                      0.088     2.318 r  hdmi_rx_0/mmcm_adv_inst/CLKOUT2
                         net (fo=1, routed)           1.574     3.892    hdmi_rx_0/mmcm_clkout2
    BUFGCTRL_X0Y0        BUFG (Prop_bufg_I_O)         0.120     4.012 r  hdmi_rx_0/BUF_slowclk/O
                         net (fo=903, routed)         1.444     5.456    hdmi_rx_0/tmds_receiver/decoder_b/phase_aligner/hdmi_rx_clk_n
    SLICE_X2Y72          FDCE                                         r  hdmi_rx_0/tmds_receiver/decoder_b/phase_aligner/phase_aligned_reg_lopt_replica/C
  -------------------------------------------------------------------    -------------------
    SLICE_X2Y72          FDCE (Prop_fdce_C_Q)         0.308     5.764 r  hdmi_rx_0/tmds_receiver/decoder_b/phase_aligner/phase_aligned_reg_lopt_replica/Q
                         net (fo=1, routed)           2.322     8.086    lopt_2
    D15                  OBUF (Prop_obuf_I_O)         3.390    11.476 r  led_r_OBUF[4]_inst/O
                         net (fo=0)                   0.000    11.476    led_r[4]
    D15                                                               r  led_r[4] (OUT)
  -------------------------------------------------------------------    -------------------

Slack:                    inf
  Source:                 hdmi_rx_0/tmds_receiver/decoder_r/phase_aligner/phase_aligned_reg_lopt_replica/C
                            (rising edge-triggered cell FDCE clocked by mmcm_clkout2  {rise@0.000ns fall@5.000ns period=10.000ns})
  Destination:            led_r[0]
                            (output port)
  Path Group:             (none)
  Path Type:              Max at Slow Process Corner
  Data Path Delay:        5.908ns  (logic 3.660ns (61.951%)  route 2.248ns (38.049%))
  Logic Levels:           1  (OBUF=1)
  Clock Uncertainty:      0.168ns  ((TSJ^2 + DJ^2)^1/2) / 2 + PE
    Total System Jitter     (TSJ):    0.050ns
    Discrete Jitter          (DJ):    0.129ns
    Phase Error              (PE):    0.099ns

    Location             Delay type                Incr(ns)  Path(ns)    Netlist Resource(s)
  -------------------------------------------------------------------    -------------------
                         (clock mmcm_clkout2 rise edge)
                                                      0.000     0.000 r  
    G24                                               0.000     0.000 r  hdmi_rx_clk_p (IN)
                         net (fo=0)                   0.000     0.000    hdmi_rx_0/hdmi_rx_clk_p
    G24                  IBUFDS (Prop_ibufds_I_O)     1.000     1.000 r  hdmi_rx_0/hdmi_rx_clk_buf/O
                         net (fo=1, routed)           1.230     2.230    hdmi_rx_0/mmcm_clkin
    MMCME2_ADV_X0Y1      MMCME2_ADV (Prop_mmcme2_adv_CLKIN1_CLKOUT2)
                                                      0.088     2.318 r  hdmi_rx_0/mmcm_adv_inst/CLKOUT2
                         net (fo=1, routed)           1.574     3.892    hdmi_rx_0/mmcm_clkout2
    BUFGCTRL_X0Y0        BUFG (Prop_bufg_I_O)         0.120     4.012 r  hdmi_rx_0/BUF_slowclk/O
                         net (fo=903, routed)         1.441     5.453    hdmi_rx_0/tmds_receiver/decoder_r/phase_aligner/hdmi_rx_clk_n
    SLICE_X0Y74          FDCE                                         r  hdmi_rx_0/tmds_receiver/decoder_r/phase_aligner/phase_aligned_reg_lopt_replica/C
  -------------------------------------------------------------------    -------------------
    SLICE_X0Y74          FDCE (Prop_fdce_C_Q)         0.269     5.722 r  hdmi_rx_0/tmds_receiver/decoder_r/phase_aligner/phase_aligned_reg_lopt_replica/Q
                         net (fo=1, routed)           2.248     7.969    lopt
    E16                  OBUF (Prop_obuf_I_O)         3.391    11.360 r  led_r_OBUF[0]_inst/O
                         net (fo=0)                   0.000    11.360    led_r[0]
    E16                                                               r  led_r[0] (OUT)
  -------------------------------------------------------------------    -------------------

Slack:                    inf
  Source:                 hdmi_rx_0/tmds_receiver/decoder_g/phase_aligner/phase_aligned_reg_lopt_replica/C
                            (rising edge-triggered cell FDCE clocked by mmcm_clkout2  {rise@0.000ns fall@5.000ns period=10.000ns})
  Destination:            led_r[2]
                            (output port)
  Path Group:             (none)
  Path Type:              Max at Slow Process Corner
  Data Path Delay:        5.686ns  (logic 3.743ns (65.828%)  route 1.943ns (34.172%))
  Logic Levels:           1  (OBUF=1)
  Clock Uncertainty:      0.168ns  ((TSJ^2 + DJ^2)^1/2) / 2 + PE
    Total System Jitter     (TSJ):    0.050ns
    Discrete Jitter          (DJ):    0.129ns
    Phase Error              (PE):    0.099ns

    Location             Delay type                Incr(ns)  Path(ns)    Netlist Resource(s)
  -------------------------------------------------------------------    -------------------
                         (clock mmcm_clkout2 rise edge)
                                                      0.000     0.000 r  
    G24                                               0.000     0.000 r  hdmi_rx_clk_p (IN)
                         net (fo=0)                   0.000     0.000    hdmi_rx_0/hdmi_rx_clk_p
    G24                  IBUFDS (Prop_ibufds_I_O)     1.000     1.000 r  hdmi_rx_0/hdmi_rx_clk_buf/O
                         net (fo=1, routed)           1.230     2.230    hdmi_rx_0/mmcm_clkin
    MMCME2_ADV_X0Y1      MMCME2_ADV (Prop_mmcme2_adv_CLKIN1_CLKOUT2)
                                                      0.088     2.318 r  hdmi_rx_0/mmcm_adv_inst/CLKOUT2
                         net (fo=1, routed)           1.574     3.892    hdmi_rx_0/mmcm_clkout2
    BUFGCTRL_X0Y0        BUFG (Prop_bufg_I_O)         0.120     4.012 r  hdmi_rx_0/BUF_slowclk/O
                         net (fo=903, routed)         1.457     5.469    hdmi_rx_0/tmds_receiver/decoder_g/phase_aligner/hdmi_rx_clk_n
    SLICE_X3Y88          FDCE                                         r  hdmi_rx_0/tmds_receiver/decoder_g/phase_aligner/phase_aligned_reg_lopt_replica/C
  -------------------------------------------------------------------    -------------------
    SLICE_X3Y88          FDCE (Prop_fdce_C_Q)         0.246     5.715 r  hdmi_rx_0/tmds_receiver/decoder_g/phase_aligner/phase_aligned_reg_lopt_replica/Q
                         net (fo=1, routed)           1.943     7.658    lopt_1
    F19                  OBUF (Prop_obuf_I_O)         3.497    11.154 r  led_r_OBUF[2]_inst/O
                         net (fo=0)                   0.000    11.154    led_r[2]
    F19                                                               r  led_r[2] (OUT)
  -------------------------------------------------------------------    -------------------





Min Delay Paths
--------------------------------------------------------------------------------------
Slack:                    inf
  Source:                 hdmi_tx_0/tmds_transmitter/ODDR_clk/C
                            (rising edge-triggered cell ODDR clocked by mmcm_clkout2  {rise@0.000ns fall@5.000ns period=10.000ns})
  Destination:            hdmi_tx_clk_n
                            (output port)
  Path Group:             (none)
  Path Type:              Min at Fast Process Corner
  Data Path Delay:        1.221ns  (logic 1.221ns (100.000%)  route 0.000ns (0.000%))
  Logic Levels:           1  (OBUFDS=1)
  Clock Uncertainty:      0.168ns  ((TSJ^2 + DJ^2)^1/2) / 2 + PE
    Total System Jitter     (TSJ):    0.050ns
    Discrete Jitter          (DJ):    0.129ns
    Phase Error              (PE):    0.099ns

    Location             Delay type                Incr(ns)  Path(ns)    Netlist Resource(s)
  -------------------------------------------------------------------    -------------------
                         (clock mmcm_clkout2 rise edge)
                                                      0.000     0.000 r  
    G24                                               0.000     0.000 r  hdmi_rx_clk_p (IN)
                         net (fo=0)                   0.000     0.000    hdmi_rx_0/hdmi_rx_clk_p
    G24                  IBUFDS (Prop_ibufds_I_O)     0.536     0.536 r  hdmi_rx_0/hdmi_rx_clk_buf/O
                         net (fo=1, routed)           0.503     1.039    hdmi_rx_0/mmcm_clkin
    MMCME2_ADV_X0Y1      MMCME2_ADV (Prop_mmcme2_adv_CLKIN1_CLKOUT2)
                                                      0.050     1.089 r  hdmi_rx_0/mmcm_adv_inst/CLKOUT2
                         net (fo=1, routed)           0.533     1.622    hdmi_rx_0/mmcm_clkout2
    BUFGCTRL_X0Y0        BUFG (Prop_bufg_I_O)         0.026     1.648 r  hdmi_rx_0/BUF_slowclk/O
                         net (fo=903, routed)         0.599     2.247    hdmi_tx_0/tmds_transmitter/tx_clk
    OLOGIC_X0Y86         ODDR                                         r  hdmi_tx_0/tmds_transmitter/ODDR_clk/C
  -------------------------------------------------------------------    -------------------
    OLOGIC_X0Y86         ODDR (Prop_oddr_C_Q)         0.192     2.439 r  hdmi_tx_0/tmds_transmitter/ODDR_clk/Q
                         net (fo=1, routed)           0.000     2.439    hdmi_tx_0/tmds_transmitter/clk_out
    D21                  OBUFDS (Prop_obufds_I_OB)    1.029     3.468 r  hdmi_tx_0/tmds_transmitter/OBUFDS_clk/OB
                         net (fo=0)                   0.000     3.468    hdmi_tx_clk_n
    C22                                                               r  hdmi_tx_clk_n (OUT)
  -------------------------------------------------------------------    -------------------

Slack:                    inf
  Source:                 hdmi_tx_0/tmds_transmitter/ODDR_clk/C
                            (rising edge-triggered cell ODDR clocked by mmcm_clkout2  {rise@0.000ns fall@5.000ns period=10.000ns})
  Destination:            hdmi_tx_clk_p
                            (output port)
  Path Group:             (none)
  Path Type:              Min at Fast Process Corner
  Data Path Delay:        1.221ns  (logic 1.221ns (100.000%)  route 0.000ns (0.000%))
  Logic Levels:           1  (OBUFDS=1)
  Clock Uncertainty:      0.168ns  ((TSJ^2 + DJ^2)^1/2) / 2 + PE
    Total System Jitter     (TSJ):    0.050ns
    Discrete Jitter          (DJ):    0.129ns
    Phase Error              (PE):    0.099ns

    Location             Delay type                Incr(ns)  Path(ns)    Netlist Resource(s)
  -------------------------------------------------------------------    -------------------
                         (clock mmcm_clkout2 rise edge)
                                                      0.000     0.000 r  
    G24                                               0.000     0.000 r  hdmi_rx_clk_p (IN)
                         net (fo=0)                   0.000     0.000    hdmi_rx_0/hdmi_rx_clk_p
    G24                  IBUFDS (Prop_ibufds_I_O)     0.536     0.536 r  hdmi_rx_0/hdmi_rx_clk_buf/O
                         net (fo=1, routed)           0.503     1.039    hdmi_rx_0/mmcm_clkin
    MMCME2_ADV_X0Y1      MMCME2_ADV (Prop_mmcme2_adv_CLKIN1_CLKOUT2)
                                                      0.050     1.089 r  hdmi_rx_0/mmcm_adv_inst/CLKOUT2
                         net (fo=1, routed)           0.533     1.622    hdmi_rx_0/mmcm_clkout2
    BUFGCTRL_X0Y0        BUFG (Prop_bufg_I_O)         0.026     1.648 r  hdmi_rx_0/BUF_slowclk/O
                         net (fo=903, routed)         0.599     2.247    hdmi_tx_0/tmds_transmitter/tx_clk
    OLOGIC_X0Y86         ODDR                                         r  hdmi_tx_0/tmds_transmitter/ODDR_clk/C
  -------------------------------------------------------------------    -------------------
    OLOGIC_X0Y86         ODDR (Prop_oddr_C_Q)         0.192     2.439 r  hdmi_tx_0/tmds_transmitter/ODDR_clk/Q
                         net (fo=1, routed)           0.000     2.439    hdmi_tx_0/tmds_transmitter/clk_out
    D21                  OBUFDS (Prop_obufds_I_O)     1.029     3.468 r  hdmi_tx_0/tmds_transmitter/OBUFDS_clk/O
                         net (fo=0)                   0.000     3.468    hdmi_tx_clk_p
    D21                                                               r  hdmi_tx_clk_p (OUT)
  -------------------------------------------------------------------    -------------------

Slack:                    inf
  Source:                 hdmi_rx_0/tmds_receiver/decoder_g/phase_aligner/phase_aligned_reg_lopt_replica/C
                            (rising edge-triggered cell FDCE clocked by mmcm_clkout2  {rise@0.000ns fall@5.000ns period=10.000ns})
  Destination:            led_r[2]
                            (output port)
  Path Group:             (none)
  Path Type:              Min at Fast Process Corner
  Data Path Delay:        2.195ns  (logic 1.535ns (69.928%)  route 0.660ns (30.072%))
  Logic Levels:           1  (OBUF=1)
  Clock Uncertainty:      0.168ns  ((TSJ^2 + DJ^2)^1/2) / 2 + PE
    Total System Jitter     (TSJ):    0.050ns
    Discrete Jitter          (DJ):    0.129ns
    Phase Error              (PE):    0.099ns

    Location             Delay type                Incr(ns)  Path(ns)    Netlist Resource(s)
  -------------------------------------------------------------------    -------------------
                         (clock mmcm_clkout2 rise edge)
                                                      0.000     0.000 r  
    G24                                               0.000     0.000 r  hdmi_rx_clk_p (IN)
                         net (fo=0)                   0.000     0.000    hdmi_rx_0/hdmi_rx_clk_p
    G24                  IBUFDS (Prop_ibufds_I_O)     0.536     0.536 r  hdmi_rx_0/hdmi_rx_clk_buf/O
                         net (fo=1, routed)           0.503     1.039    hdmi_rx_0/mmcm_clkin
    MMCME2_ADV_X0Y1      MMCME2_ADV (Prop_mmcme2_adv_CLKIN1_CLKOUT2)
                                                      0.050     1.089 r  hdmi_rx_0/mmcm_adv_inst/CLKOUT2
                         net (fo=1, routed)           0.533     1.622    hdmi_rx_0/mmcm_clkout2
    BUFGCTRL_X0Y0        BUFG (Prop_bufg_I_O)         0.026     1.648 r  hdmi_rx_0/BUF_slowclk/O
                         net (fo=903, routed)         0.579     2.227    hdmi_rx_0/tmds_receiver/decoder_g/phase_aligner/hdmi_rx_clk_n
    SLICE_X3Y88          FDCE                                         r  hdmi_rx_0/tmds_receiver/decoder_g/phase_aligner/phase_aligned_reg_lopt_replica/C
  -------------------------------------------------------------------    -------------------
    SLICE_X3Y88          FDCE (Prop_fdce_C_Q)         0.091     2.318 r  hdmi_rx_0/tmds_receiver/decoder_g/phase_aligner/phase_aligned_reg_lopt_replica/Q
                         net (fo=1, routed)           0.660     2.978    lopt_1
    F19                  OBUF (Prop_obuf_I_O)         1.444     4.422 r  led_r_OBUF[2]_inst/O
                         net (fo=0)                   0.000     4.422    led_r[2]
    F19                                                               r  led_r[2] (OUT)
  -------------------------------------------------------------------    -------------------

Slack:                    inf
  Source:                 hdmi_rx_0/tmds_receiver/decoder_r/phase_aligner/phase_aligned_reg_lopt_replica/C
                            (rising edge-triggered cell FDCE clocked by mmcm_clkout2  {rise@0.000ns fall@5.000ns period=10.000ns})
  Destination:            led_r[0]
                            (output port)
  Path Group:             (none)
  Path Type:              Min at Fast Process Corner
  Data Path Delay:        2.291ns  (logic 1.505ns (65.663%)  route 0.787ns (34.337%))
  Logic Levels:           1  (OBUF=1)
  Clock Uncertainty:      0.168ns  ((TSJ^2 + DJ^2)^1/2) / 2 + PE
    Total System Jitter     (TSJ):    0.050ns
    Discrete Jitter          (DJ):    0.129ns
    Phase Error              (PE):    0.099ns

    Location             Delay type                Incr(ns)  Path(ns)    Netlist Resource(s)
  -------------------------------------------------------------------    -------------------
                         (clock mmcm_clkout2 rise edge)
                                                      0.000     0.000 r  
    G24                                               0.000     0.000 r  hdmi_rx_clk_p (IN)
                         net (fo=0)                   0.000     0.000    hdmi_rx_0/hdmi_rx_clk_p
    G24                  IBUFDS (Prop_ibufds_I_O)     0.536     0.536 r  hdmi_rx_0/hdmi_rx_clk_buf/O
                         net (fo=1, routed)           0.503     1.039    hdmi_rx_0/mmcm_clkin
    MMCME2_ADV_X0Y1      MMCME2_ADV (Prop_mmcme2_adv_CLKIN1_CLKOUT2)
                                                      0.050     1.089 r  hdmi_rx_0/mmcm_adv_inst/CLKOUT2
                         net (fo=1, routed)           0.533     1.622    hdmi_rx_0/mmcm_clkout2
    BUFGCTRL_X0Y0        BUFG (Prop_bufg_I_O)         0.026     1.648 r  hdmi_rx_0/BUF_slowclk/O
                         net (fo=903, routed)         0.568     2.216    hdmi_rx_0/tmds_receiver/decoder_r/phase_aligner/hdmi_rx_clk_n
    SLICE_X0Y74          FDCE                                         r  hdmi_rx_0/tmds_receiver/decoder_r/phase_aligner/phase_aligned_reg_lopt_replica/C
  -------------------------------------------------------------------    -------------------
    SLICE_X0Y74          FDCE (Prop_fdce_C_Q)         0.100     2.316 r  hdmi_rx_0/tmds_receiver/decoder_r/phase_aligner/phase_aligned_reg_lopt_replica/Q
                         net (fo=1, routed)           0.787     3.103    lopt
    E16                  OBUF (Prop_obuf_I_O)         1.405     4.508 r  led_r_OBUF[0]_inst/O
                         net (fo=0)                   0.000     4.508    led_r[0]
    E16                                                               r  led_r[0] (OUT)
  -------------------------------------------------------------------    -------------------

Slack:                    inf
  Source:                 hdmi_rx_0/tmds_receiver/decoder_b/phase_aligner/phase_aligned_reg_lopt_replica/C
                            (rising edge-triggered cell FDCE clocked by mmcm_clkout2  {rise@0.000ns fall@5.000ns period=10.000ns})
  Destination:            led_r[4]
                            (output port)
  Path Group:             (none)
  Path Type:              Min at Fast Process Corner
  Data Path Delay:        2.322ns  (logic 1.522ns (65.536%)  route 0.800ns (34.464%))
  Logic Levels:           1  (OBUF=1)
  Clock Uncertainty:      0.168ns  ((TSJ^2 + DJ^2)^1/2) / 2 + PE
    Total System Jitter     (TSJ):    0.050ns
    Discrete Jitter          (DJ):    0.129ns
    Phase Error              (PE):    0.099ns

    Location             Delay type                Incr(ns)  Path(ns)    Netlist Resource(s)
  -------------------------------------------------------------------    -------------------
                         (clock mmcm_clkout2 rise edge)
                                                      0.000     0.000 r  
    G24                                               0.000     0.000 r  hdmi_rx_clk_p (IN)
                         net (fo=0)                   0.000     0.000    hdmi_rx_0/hdmi_rx_clk_p
    G24                  IBUFDS (Prop_ibufds_I_O)     0.536     0.536 r  hdmi_rx_0/hdmi_rx_clk_buf/O
                         net (fo=1, routed)           0.503     1.039    hdmi_rx_0/mmcm_clkin
    MMCME2_ADV_X0Y1      MMCME2_ADV (Prop_mmcme2_adv_CLKIN1_CLKOUT2)
                                                      0.050     1.089 r  hdmi_rx_0/mmcm_adv_inst/CLKOUT2
                         net (fo=1, routed)           0.533     1.622    hdmi_rx_0/mmcm_clkout2
    BUFGCTRL_X0Y0        BUFG (Prop_bufg_I_O)         0.026     1.648 r  hdmi_rx_0/BUF_slowclk/O
                         net (fo=903, routed)         0.570     2.218    hdmi_rx_0/tmds_receiver/decoder_b/phase_aligner/hdmi_rx_clk_n
    SLICE_X2Y72          FDCE                                         r  hdmi_rx_0/tmds_receiver/decoder_b/phase_aligner/phase_aligned_reg_lopt_replica/C
  -------------------------------------------------------------------    -------------------
    SLICE_X2Y72          FDCE (Prop_fdce_C_Q)         0.118     2.336 r  hdmi_rx_0/tmds_receiver/decoder_b/phase_aligner/phase_aligned_reg_lopt_replica/Q
                         net (fo=1, routed)           0.800     3.137    lopt_2
    D15                  OBUF (Prop_obuf_I_O)         1.404     4.540 r  led_r_OBUF[4]_inst/O
                         net (fo=0)                   0.000     4.540    led_r[4]
    D15                                                               r  led_r[4] (OUT)
  -------------------------------------------------------------------    -------------------

Slack:                    inf
  Source:                 hdmi_rx_0/tmds_receiver/decoder_b/channel_deskew/this_ready_reg/C
                            (rising edge-triggered cell FDCE clocked by mmcm_clkout2  {rise@0.000ns fall@5.000ns period=10.000ns})
  Destination:            led_r[5]
                            (output port)
  Path Group:             (none)
  Path Type:              Min at Fast Process Corner
  Data Path Delay:        2.367ns  (logic 1.499ns (63.333%)  route 0.868ns (36.667%))
  Logic Levels:           1  (OBUF=1)
  Clock Uncertainty:      0.168ns  ((TSJ^2 + DJ^2)^1/2) / 2 + PE
    Total System Jitter     (TSJ):    0.050ns
    Discrete Jitter          (DJ):    0.129ns
    Phase Error              (PE):    0.099ns

    Location             Delay type                Incr(ns)  Path(ns)    Netlist Resource(s)
  -------------------------------------------------------------------    -------------------
                         (clock mmcm_clkout2 rise edge)
                                                      0.000     0.000 r  
    G24                                               0.000     0.000 r  hdmi_rx_clk_p (IN)
                         net (fo=0)                   0.000     0.000    hdmi_rx_0/hdmi_rx_clk_p
    G24                  IBUFDS (Prop_ibufds_I_O)     0.536     0.536 r  hdmi_rx_0/hdmi_rx_clk_buf/O
                         net (fo=1, routed)           0.503     1.039    hdmi_rx_0/mmcm_clkin
    MMCME2_ADV_X0Y1      MMCME2_ADV (Prop_mmcme2_adv_CLKIN1_CLKOUT2)
                                                      0.050     1.089 r  hdmi_rx_0/mmcm_adv_inst/CLKOUT2
                         net (fo=1, routed)           0.533     1.622    hdmi_rx_0/mmcm_clkout2
    BUFGCTRL_X0Y0        BUFG (Prop_bufg_I_O)         0.026     1.648 r  hdmi_rx_0/BUF_slowclk/O
                         net (fo=903, routed)         0.573     2.221    hdmi_rx_0/tmds_receiver/decoder_b/channel_deskew/hdmi_rx_clk_n
    SLICE_X4Y68          FDCE                                         r  hdmi_rx_0/tmds_receiver/decoder_b/channel_deskew/this_ready_reg/C
  -------------------------------------------------------------------    -------------------
    SLICE_X4Y68          FDCE (Prop_fdce_C_Q)         0.100     2.321 r  hdmi_rx_0/tmds_receiver/decoder_b/channel_deskew/this_ready_reg/Q
                         net (fo=5, routed)           0.868     3.189    led_r_OBUF[5]
    C16                  OBUF (Prop_obuf_I_O)         1.399     4.588 r  led_r_OBUF[5]_inst/O
                         net (fo=0)                   0.000     4.588    led_r[5]
    C16                                                               r  led_r[5] (OUT)
  -------------------------------------------------------------------    -------------------

Slack:                    inf
  Source:                 hdmi_rx_0/tmds_receiver/decoder_r/channel_deskew/this_ready_reg/C
                            (rising edge-triggered cell FDCE clocked by mmcm_clkout2  {rise@0.000ns fall@5.000ns period=10.000ns})
  Destination:            led_r[1]
                            (output port)
  Path Group:             (none)
  Path Type:              Min at Fast Process Corner
  Data Path Delay:        2.385ns  (logic 1.502ns (62.984%)  route 0.883ns (37.016%))
  Logic Levels:           1  (OBUF=1)
  Clock Uncertainty:      0.168ns  ((TSJ^2 + DJ^2)^1/2) / 2 + PE
    Total System Jitter     (TSJ):    0.050ns
    Discrete Jitter          (DJ):    0.129ns
    Phase Error              (PE):    0.099ns

    Location             Delay type                Incr(ns)  Path(ns)    Netlist Resource(s)
  -------------------------------------------------------------------    -------------------
                         (clock mmcm_clkout2 rise edge)
                                                      0.000     0.000 r  
    G24                                               0.000     0.000 r  hdmi_rx_clk_p (IN)
                         net (fo=0)                   0.000     0.000    hdmi_rx_0/hdmi_rx_clk_p
    G24                  IBUFDS (Prop_ibufds_I_O)     0.536     0.536 r  hdmi_rx_0/hdmi_rx_clk_buf/O
                         net (fo=1, routed)           0.503     1.039    hdmi_rx_0/mmcm_clkin
    MMCME2_ADV_X0Y1      MMCME2_ADV (Prop_mmcme2_adv_CLKIN1_CLKOUT2)
                                                      0.050     1.089 r  hdmi_rx_0/mmcm_adv_inst/CLKOUT2
                         net (fo=1, routed)           0.533     1.622    hdmi_rx_0/mmcm_clkout2
    BUFGCTRL_X0Y0        BUFG (Prop_bufg_I_O)         0.026     1.648 r  hdmi_rx_0/BUF_slowclk/O
                         net (fo=903, routed)         0.571     2.219    hdmi_rx_0/tmds_receiver/decoder_r/channel_deskew/hdmi_rx_clk_n
    SLICE_X4Y70          FDCE                                         r  hdmi_rx_0/tmds_receiver/decoder_r/channel_deskew/this_ready_reg/C
  -------------------------------------------------------------------    -------------------
    SLICE_X4Y70          FDCE (Prop_fdce_C_Q)         0.100     2.319 r  hdmi_rx_0/tmds_receiver/decoder_r/channel_deskew/this_ready_reg/Q
                         net (fo=5, routed)           0.883     3.202    led_r_OBUF[1]
    E17                  OBUF (Prop_obuf_I_O)         1.402     4.604 r  led_r_OBUF[1]_inst/O
                         net (fo=0)                   0.000     4.604    led_r[1]
    E17                                                               r  led_r[1] (OUT)
  -------------------------------------------------------------------    -------------------

Slack:                    inf
  Source:                 hdmi_rx_0/tmds_receiver/decoder_g/channel_deskew/this_ready_reg/C
                            (rising edge-triggered cell FDCE clocked by mmcm_clkout2  {rise@0.000ns fall@5.000ns period=10.000ns})
  Destination:            led_r[3]
                            (output port)
  Path Group:             (none)
  Path Type:              Min at Fast Process Corner
  Data Path Delay:        2.605ns  (logic 1.500ns (57.582%)  route 1.105ns (42.418%))
  Logic Levels:           1  (OBUF=1)
  Clock Uncertainty:      0.168ns  ((TSJ^2 + DJ^2)^1/2) / 2 + PE
    Total System Jitter     (TSJ):    0.050ns
    Discrete Jitter          (DJ):    0.129ns
    Phase Error              (PE):    0.099ns

    Location             Delay type                Incr(ns)  Path(ns)    Netlist Resource(s)
  -------------------------------------------------------------------    -------------------
                         (clock mmcm_clkout2 rise edge)
                                                      0.000     0.000 r  
    G24                                               0.000     0.000 r  hdmi_rx_clk_p (IN)
                         net (fo=0)                   0.000     0.000    hdmi_rx_0/hdmi_rx_clk_p
    G24                  IBUFDS (Prop_ibufds_I_O)     0.536     0.536 r  hdmi_rx_0/hdmi_rx_clk_buf/O
                         net (fo=1, routed)           0.503     1.039    hdmi_rx_0/mmcm_clkin
    MMCME2_ADV_X0Y1      MMCME2_ADV (Prop_mmcme2_adv_CLKIN1_CLKOUT2)
                                                      0.050     1.089 r  hdmi_rx_0/mmcm_adv_inst/CLKOUT2
                         net (fo=1, routed)           0.533     1.622    hdmi_rx_0/mmcm_clkout2
    BUFGCTRL_X0Y0        BUFG (Prop_bufg_I_O)         0.026     1.648 r  hdmi_rx_0/BUF_slowclk/O
                         net (fo=903, routed)         0.570     2.218    hdmi_rx_0/tmds_receiver/decoder_g/channel_deskew/hdmi_rx_clk_n
    SLICE_X4Y71          FDCE                                         r  hdmi_rx_0/tmds_receiver/decoder_g/channel_deskew/this_ready_reg/C
  -------------------------------------------------------------------    -------------------
    SLICE_X4Y71          FDCE (Prop_fdce_C_Q)         0.100     2.318 r  hdmi_rx_0/tmds_receiver/decoder_g/channel_deskew/this_ready_reg/Q
                         net (fo=5, routed)           1.105     3.423    led_r_OBUF[3]
    C14                  OBUF (Prop_obuf_I_O)         1.400     4.824 r  led_r_OBUF[3]_inst/O
                         net (fo=0)                   0.000     4.824    led_r[3]
    C14                                                               r  led_r[3] (OUT)
  -------------------------------------------------------------------    -------------------





--------------------------------------------------------------------------------------
Path Group:  (none)
From Clock:  
  To Clock:  clk200M

Max Delay            51 Endpoints
Min Delay            51 Endpoints
--------------------------------------------------------------------------------------


Max Delay Paths
--------------------------------------------------------------------------------------
Slack:                    inf
  Source:                 hdmi_rx_sda
                            (input port)
  Destination:            hdmi_rx_0/edid_rom/addr_reg_rep[0]/D
                            (rising edge-triggered cell FDRE clocked by clk200M  {rise@0.000ns fall@2.500ns period=5.000ns})
  Path Group:             (none)
  Path Type:              Setup (Max at Slow Process Corner)
  Data Path Delay:        3.685ns  (logic 1.798ns (48.804%)  route 1.886ns (51.196%))
  Logic Levels:           2  (IBUF=1 LUT3=1)
  Clock Path Skew:        5.797ns (DCD - SCD + CPR)
    Destination Clock Delay (DCD):    5.797ns
    Source Clock Delay      (SCD):    0.000ns
    Clock Pessimism Removal (CPR):    0.000ns
  Clock Uncertainty:      0.160ns  ((TSJ^2 + DJ^2)^1/2) / 2 + PE
    Total System Jitter     (TSJ):    0.050ns
    Discrete Jitter          (DJ):    0.113ns
    Phase Error              (PE):    0.099ns

    Location             Delay type                Incr(ns)  Path(ns)    Netlist Resource(s)
  -------------------------------------------------------------------    -------------------
    E23                                               0.000     0.000 r  hdmi_rx_sda (INOUT)
                         net (fo=1, unset)            0.000     0.000    hdmi_rx_0/edid_rom/IOBUF_SDA/IO
    E23                  IBUF (Prop_ibuf_I_O)         1.735     1.735 r  hdmi_rx_0/edid_rom/IOBUF_SDA/IBUF/O
                         net (fo=4, routed)           1.406     3.141    hdmi_rx_0/edid_rom/sda_in
    SLICE_X5Y77          LUT3 (Prop_lut3_I0_O)        0.063     3.204 r  hdmi_rx_0/edid_rom/addr[0]_i_1/O
                         net (fo=2, routed)           0.480     3.685    hdmi_rx_0/edid_rom/addr[0]_i_1_n_0
    SLICE_X5Y77          FDRE                                         r  hdmi_rx_0/edid_rom/addr_reg_rep[0]/D
  -------------------------------------------------------------------    -------------------

                         (clock clk200M rise edge)    0.000     0.000 r  
    D23                                               0.000     0.000 r  clk100M (IN)
                         net (fo=0)                   0.000     0.000    clk100M
    D23                  IBUF (Prop_ibuf_I_O)         1.607     1.607 r  clk100M_IBUF_inst/O
                         net (fo=1, routed)           1.170     2.777    clk100M_IBUF
    PLLE2_ADV_X0Y1       PLLE2_ADV (Prop_plle2_adv_CLKIN1_CLKOUT0)
                                                      0.083     2.860 r  clk_generator1/CLKOUT0
                         net (fo=1, routed)           1.488     4.348    clk200M
    BUFGCTRL_X0Y1        BUFG (Prop_bufg_I_O)         0.113     4.461 r  BUFG_200M/O
                         net (fo=55, routed)          1.336     5.797    hdmi_rx_0/edid_rom/clk_200M
    SLICE_X5Y77          FDRE                                         r  hdmi_rx_0/edid_rom/addr_reg_rep[0]/C

Slack:                    inf
  Source:                 hdmi_rx_sda
                            (input port)
  Destination:            hdmi_rx_0/edid_rom/edid_state_reg[2]/D
                            (rising edge-triggered cell FDRE clocked by clk200M  {rise@0.000ns fall@2.500ns period=5.000ns})
  Path Group:             (none)
  Path Type:              Setup (Max at Slow Process Corner)
  Data Path Delay:        3.259ns  (logic 1.968ns (60.400%)  route 1.290ns (39.600%))
  Logic Levels:           3  (IBUF=1 LUT5=1 LUT6=1)
  Clock Path Skew:        5.795ns (DCD - SCD + CPR)
    Destination Clock Delay (DCD):    5.795ns
    Source Clock Delay      (SCD):    0.000ns
    Clock Pessimism Removal (CPR):    0.000ns
  Clock Uncertainty:      0.160ns  ((TSJ^2 + DJ^2)^1/2) / 2 + PE
    Total System Jitter     (TSJ):    0.050ns
    Discrete Jitter          (DJ):    0.113ns
    Phase Error              (PE):    0.099ns

    Location             Delay type                Incr(ns)  Path(ns)    Netlist Resource(s)
  -------------------------------------------------------------------    -------------------
    E23                                               0.000     0.000 f  hdmi_rx_sda (INOUT)
                         net (fo=1, unset)            0.000     0.000    hdmi_rx_0/edid_rom/IOBUF_SDA/IO
    E23                  IBUF (Prop_ibuf_I_O)         1.735     1.735 f  hdmi_rx_0/edid_rom/IOBUF_SDA/IBUF/O
                         net (fo=4, routed)           1.161     2.897    hdmi_rx_0/edid_rom/sda_in
    SLICE_X3Y75          LUT5 (Prop_lut5_I4_O)        0.063     2.960 r  hdmi_rx_0/edid_rom/edid_state[2]_i_3/O
                         net (fo=1, routed)           0.129     3.089    hdmi_rx_0/edid_rom/edid_state[2]_i_3_n_0
    SLICE_X3Y75          LUT6 (Prop_lut6_I2_O)        0.170     3.259 r  hdmi_rx_0/edid_rom/edid_state[2]_i_1/O
                         net (fo=1, routed)           0.000     3.259    hdmi_rx_0/edid_rom/edid_state[2]_i_1_n_0
    SLICE_X3Y75          FDRE                                         r  hdmi_rx_0/edid_rom/edid_state_reg[2]/D
  -------------------------------------------------------------------    -------------------

                         (clock clk200M rise edge)    0.000     0.000 r  
    D23                                               0.000     0.000 r  clk100M (IN)
                         net (fo=0)                   0.000     0.000    clk100M
    D23                  IBUF (Prop_ibuf_I_O)         1.607     1.607 r  clk100M_IBUF_inst/O
                         net (fo=1, routed)           1.170     2.777    clk100M_IBUF
    PLLE2_ADV_X0Y1       PLLE2_ADV (Prop_plle2_adv_CLKIN1_CLKOUT0)
                                                      0.083     2.860 r  clk_generator1/CLKOUT0
                         net (fo=1, routed)           1.488     4.348    clk200M
    BUFGCTRL_X0Y1        BUFG (Prop_bufg_I_O)         0.113     4.461 r  BUFG_200M/O
                         net (fo=55, routed)          1.334     5.795    hdmi_rx_0/edid_rom/clk_200M
    SLICE_X3Y75          FDRE                                         r  hdmi_rx_0/edid_rom/edid_state_reg[2]/C

Slack:                    inf
  Source:                 hdmi_rx_sda
                            (input port)
  Destination:            hdmi_rx_0/edid_rom/addr_reg[0]/D
                            (rising edge-triggered cell FDRE clocked by clk200M  {rise@0.000ns fall@2.500ns period=5.000ns})
  Path Group:             (none)
  Path Type:              Setup (Max at Slow Process Corner)
  Data Path Delay:        3.204ns  (logic 1.798ns (56.121%)  route 1.406ns (43.879%))
  Logic Levels:           2  (IBUF=1 LUT3=1)
  Clock Path Skew:        5.797ns (DCD - SCD + CPR)
    Destination Clock Delay (DCD):    5.797ns
    Source Clock Delay      (SCD):    0.000ns
    Clock Pessimism Removal (CPR):    0.000ns
  Clock Uncertainty:      0.160ns  ((TSJ^2 + DJ^2)^1/2) / 2 + PE
    Total System Jitter     (TSJ):    0.050ns
    Discrete Jitter          (DJ):    0.113ns
    Phase Error              (PE):    0.099ns

    Location             Delay type                Incr(ns)  Path(ns)    Netlist Resource(s)
  -------------------------------------------------------------------    -------------------
    E23                                               0.000     0.000 r  hdmi_rx_sda (INOUT)
                         net (fo=1, unset)            0.000     0.000    hdmi_rx_0/edid_rom/IOBUF_SDA/IO
    E23                  IBUF (Prop_ibuf_I_O)         1.735     1.735 r  hdmi_rx_0/edid_rom/IOBUF_SDA/IBUF/O
                         net (fo=4, routed)           1.406     3.141    hdmi_rx_0/edid_rom/sda_in
    SLICE_X5Y77          LUT3 (Prop_lut3_I0_O)        0.063     3.204 r  hdmi_rx_0/edid_rom/addr[0]_i_1/O
                         net (fo=2, routed)           0.000     3.204    hdmi_rx_0/edid_rom/addr[0]_i_1_n_0
    SLICE_X5Y77          FDRE                                         r  hdmi_rx_0/edid_rom/addr_reg[0]/D
  -------------------------------------------------------------------    -------------------

                         (clock clk200M rise edge)    0.000     0.000 r  
    D23                                               0.000     0.000 r  clk100M (IN)
                         net (fo=0)                   0.000     0.000    clk100M
    D23                  IBUF (Prop_ibuf_I_O)         1.607     1.607 r  clk100M_IBUF_inst/O
                         net (fo=1, routed)           1.170     2.777    clk100M_IBUF
    PLLE2_ADV_X0Y1       PLLE2_ADV (Prop_plle2_adv_CLKIN1_CLKOUT0)
                                                      0.083     2.860 r  clk_generator1/CLKOUT0
                         net (fo=1, routed)           1.488     4.348    clk200M
    BUFGCTRL_X0Y1        BUFG (Prop_bufg_I_O)         0.113     4.461 r  BUFG_200M/O
                         net (fo=55, routed)          1.336     5.797    hdmi_rx_0/edid_rom/clk_200M
    SLICE_X5Y77          FDRE                                         r  hdmi_rx_0/edid_rom/addr_reg[0]/C

Slack:                    inf
  Source:                 hdmi_rx_sda
                            (input port)
  Destination:            hdmi_rx_0/edid_rom/rdata_reg[0]/D
                            (rising edge-triggered cell FDRE clocked by clk200M  {rise@0.000ns fall@2.500ns period=5.000ns})
  Path Group:             (none)
  Path Type:              Setup (Max at Slow Process Corner)
  Data Path Delay:        3.130ns  (logic 1.735ns (55.430%)  route 1.395ns (44.570%))
  Logic Levels:           1  (IBUF=1)
  Clock Path Skew:        5.797ns (DCD - SCD + CPR)
    Destination Clock Delay (DCD):    5.797ns
    Source Clock Delay      (SCD):    0.000ns
    Clock Pessimism Removal (CPR):    0.000ns
  Clock Uncertainty:      0.160ns  ((TSJ^2 + DJ^2)^1/2) / 2 + PE
    Total System Jitter     (TSJ):    0.050ns
    Discrete Jitter          (DJ):    0.113ns
    Phase Error              (PE):    0.099ns

    Location             Delay type                Incr(ns)  Path(ns)    Netlist Resource(s)
  -------------------------------------------------------------------    -------------------
    E23                                               0.000     0.000 r  hdmi_rx_sda (INOUT)
                         net (fo=1, unset)            0.000     0.000    hdmi_rx_0/edid_rom/IOBUF_SDA/IO
    E23                  IBUF (Prop_ibuf_I_O)         1.735     1.735 r  hdmi_rx_0/edid_rom/IOBUF_SDA/IBUF/O
                         net (fo=4, routed)           1.395     3.130    hdmi_rx_0/edid_rom/sda_in
    SLICE_X4Y77          FDRE                                         r  hdmi_rx_0/edid_rom/rdata_reg[0]/D
  -------------------------------------------------------------------    -------------------

                         (clock clk200M rise edge)    0.000     0.000 r  
    D23                                               0.000     0.000 r  clk100M (IN)
                         net (fo=0)                   0.000     0.000    clk100M
    D23                  IBUF (Prop_ibuf_I_O)         1.607     1.607 r  clk100M_IBUF_inst/O
                         net (fo=1, routed)           1.170     2.777    clk100M_IBUF
    PLLE2_ADV_X0Y1       PLLE2_ADV (Prop_plle2_adv_CLKIN1_CLKOUT0)
                                                      0.083     2.860 r  clk_generator1/CLKOUT0
                         net (fo=1, routed)           1.488     4.348    clk200M
    BUFGCTRL_X0Y1        BUFG (Prop_bufg_I_O)         0.113     4.461 r  BUFG_200M/O
                         net (fo=55, routed)          1.336     5.797    hdmi_rx_0/edid_rom/clk_200M
    SLICE_X4Y77          FDRE                                         r  hdmi_rx_0/edid_rom/rdata_reg[0]/C

Slack:                    inf
  Source:                 hdmi_rx_sda
                            (input port)
  Destination:            hdmi_rx_0/edid_rom/sda_data_reg[0]/D
                            (rising edge-triggered cell FDRE clocked by clk200M  {rise@0.000ns fall@2.500ns period=5.000ns})
  Path Group:             (none)
  Path Type:              Setup (Max at Slow Process Corner)
  Data Path Delay:        2.478ns  (logic 1.735ns (70.018%)  route 0.743ns (29.982%))
  Logic Levels:           1  (IBUF=1)
  Clock Path Skew:        5.797ns (DCD - SCD + CPR)
    Destination Clock Delay (DCD):    5.797ns
    Source Clock Delay      (SCD):    0.000ns
    Clock Pessimism Removal (CPR):    0.000ns
  Clock Uncertainty:      0.160ns  ((TSJ^2 + DJ^2)^1/2) / 2 + PE
    Total System Jitter     (TSJ):    0.050ns
    Discrete Jitter          (DJ):    0.113ns
    Phase Error              (PE):    0.099ns

    Location             Delay type                Incr(ns)  Path(ns)    Netlist Resource(s)
  -------------------------------------------------------------------    -------------------
    E23                                               0.000     0.000 r  hdmi_rx_sda (INOUT)
                         net (fo=1, unset)            0.000     0.000    hdmi_rx_0/edid_rom/IOBUF_SDA/IO
    E23                  IBUF (Prop_ibuf_I_O)         1.735     1.735 r  hdmi_rx_0/edid_rom/IOBUF_SDA/IBUF/O
                         net (fo=4, routed)           0.743     2.478    hdmi_rx_0/edid_rom/sda_in
    SLICE_X1Y76          FDRE                                         r  hdmi_rx_0/edid_rom/sda_data_reg[0]/D
  -------------------------------------------------------------------    -------------------

                         (clock clk200M rise edge)    0.000     0.000 r  
    D23                                               0.000     0.000 r  clk100M (IN)
                         net (fo=0)                   0.000     0.000    clk100M
    D23                  IBUF (Prop_ibuf_I_O)         1.607     1.607 r  clk100M_IBUF_inst/O
                         net (fo=1, routed)           1.170     2.777    clk100M_IBUF
    PLLE2_ADV_X0Y1       PLLE2_ADV (Prop_plle2_adv_CLKIN1_CLKOUT0)
                                                      0.083     2.860 r  clk_generator1/CLKOUT0
                         net (fo=1, routed)           1.488     4.348    clk200M
    BUFGCTRL_X0Y1        BUFG (Prop_bufg_I_O)         0.113     4.461 r  BUFG_200M/O
                         net (fo=55, routed)          1.336     5.797    hdmi_rx_0/edid_rom/clk_200M
    SLICE_X1Y76          FDRE                                         r  hdmi_rx_0/edid_rom/sda_data_reg[0]/C

Slack:                    inf
  Source:                 clk_generator1/LOCKED
                            (internal pin)
  Destination:            hdmi_rx_0/edid_rom/rdata_reg[0]/R
                            (rising edge-triggered cell FDRE clocked by clk200M  {rise@0.000ns fall@2.500ns period=5.000ns})
  Path Group:             (none)
  Path Type:              Setup (Max at Slow Process Corner)
  Data Path Delay:        2.475ns  (logic 0.053ns (2.141%)  route 2.422ns (97.859%))
  Logic Levels:           1  (LUT1=1)
  Clock Uncertainty:      0.160ns  ((TSJ^2 + DJ^2)^1/2) / 2 + PE
    Total System Jitter     (TSJ):    0.050ns
    Discrete Jitter          (DJ):    0.113ns
    Phase Error              (PE):    0.099ns

    Location             Delay type                Incr(ns)  Path(ns)    Netlist Resource(s)
  -------------------------------------------------------------------    -------------------
    PLLE2_ADV_X0Y1       PLLE2_ADV                    0.000     0.000 f  clk_generator1/LOCKED
                         net (fo=10, routed)          1.397     1.397    line_buffer_0/led_r_OBUF[0]
    SLICE_X8Y79          LUT1 (Prop_lut1_I0_O)        0.053     1.450 r  line_buffer_0/hdmi_rx_0_i_1/O
                         net (fo=197, routed)         1.025     2.475    hdmi_rx_0/edid_rom/rst
    SLICE_X4Y77          FDRE                                         r  hdmi_rx_0/edid_rom/rdata_reg[0]/R
  -------------------------------------------------------------------    -------------------

                         (clock clk200M rise edge)    0.000     0.000 r  
    D23                                               0.000     0.000 r  clk100M (IN)
                         net (fo=0)                   0.000     0.000    clk100M
    D23                  IBUF (Prop_ibuf_I_O)         1.607     1.607 r  clk100M_IBUF_inst/O
                         net (fo=1, routed)           1.170     2.777    clk100M_IBUF
    PLLE2_ADV_X0Y1       PLLE2_ADV (Prop_plle2_adv_CLKIN1_CLKOUT0)
                                                      0.083     2.860 r  clk_generator1/CLKOUT0
                         net (fo=1, routed)           1.488     4.348    clk200M
    BUFGCTRL_X0Y1        BUFG (Prop_bufg_I_O)         0.113     4.461 r  BUFG_200M/O
                         net (fo=55, routed)          1.336     5.797    hdmi_rx_0/edid_rom/clk_200M
    SLICE_X4Y77          FDRE                                         r  hdmi_rx_0/edid_rom/rdata_reg[0]/C

Slack:                    inf
  Source:                 clk_generator1/LOCKED
                            (internal pin)
  Destination:            hdmi_rx_0/edid_rom/rdata_reg[1]/R
                            (rising edge-triggered cell FDRE clocked by clk200M  {rise@0.000ns fall@2.500ns period=5.000ns})
  Path Group:             (none)
  Path Type:              Setup (Max at Slow Process Corner)
  Data Path Delay:        2.475ns  (logic 0.053ns (2.141%)  route 2.422ns (97.859%))
  Logic Levels:           1  (LUT1=1)
  Clock Uncertainty:      0.160ns  ((TSJ^2 + DJ^2)^1/2) / 2 + PE
    Total System Jitter     (TSJ):    0.050ns
    Discrete Jitter          (DJ):    0.113ns
    Phase Error              (PE):    0.099ns

    Location             Delay type                Incr(ns)  Path(ns)    Netlist Resource(s)
  -------------------------------------------------------------------    -------------------
    PLLE2_ADV_X0Y1       PLLE2_ADV                    0.000     0.000 f  clk_generator1/LOCKED
                         net (fo=10, routed)          1.397     1.397    line_buffer_0/led_r_OBUF[0]
    SLICE_X8Y79          LUT1 (Prop_lut1_I0_O)        0.053     1.450 r  line_buffer_0/hdmi_rx_0_i_1/O
                         net (fo=197, routed)         1.025     2.475    hdmi_rx_0/edid_rom/rst
    SLICE_X4Y77          FDRE                                         r  hdmi_rx_0/edid_rom/rdata_reg[1]/R
  -------------------------------------------------------------------    -------------------

                         (clock clk200M rise edge)    0.000     0.000 r  
    D23                                               0.000     0.000 r  clk100M (IN)
                         net (fo=0)                   0.000     0.000    clk100M
    D23                  IBUF (Prop_ibuf_I_O)         1.607     1.607 r  clk100M_IBUF_inst/O
                         net (fo=1, routed)           1.170     2.777    clk100M_IBUF
    PLLE2_ADV_X0Y1       PLLE2_ADV (Prop_plle2_adv_CLKIN1_CLKOUT0)
                                                      0.083     2.860 r  clk_generator1/CLKOUT0
                         net (fo=1, routed)           1.488     4.348    clk200M
    BUFGCTRL_X0Y1        BUFG (Prop_bufg_I_O)         0.113     4.461 r  BUFG_200M/O
                         net (fo=55, routed)          1.336     5.797    hdmi_rx_0/edid_rom/clk_200M
    SLICE_X4Y77          FDRE                                         r  hdmi_rx_0/edid_rom/rdata_reg[1]/C

Slack:                    inf
  Source:                 clk_generator1/LOCKED
                            (internal pin)
  Destination:            hdmi_rx_0/edid_rom/rdata_reg[2]/R
                            (rising edge-triggered cell FDRE clocked by clk200M  {rise@0.000ns fall@2.500ns period=5.000ns})
  Path Group:             (none)
  Path Type:              Setup (Max at Slow Process Corner)
  Data Path Delay:        2.475ns  (logic 0.053ns (2.141%)  route 2.422ns (97.859%))
  Logic Levels:           1  (LUT1=1)
  Clock Uncertainty:      0.160ns  ((TSJ^2 + DJ^2)^1/2) / 2 + PE
    Total System Jitter     (TSJ):    0.050ns
    Discrete Jitter          (DJ):    0.113ns
    Phase Error              (PE):    0.099ns

    Location             Delay type                Incr(ns)  Path(ns)    Netlist Resource(s)
  -------------------------------------------------------------------    -------------------
    PLLE2_ADV_X0Y1       PLLE2_ADV                    0.000     0.000 f  clk_generator1/LOCKED
                         net (fo=10, routed)          1.397     1.397    line_buffer_0/led_r_OBUF[0]
    SLICE_X8Y79          LUT1 (Prop_lut1_I0_O)        0.053     1.450 r  line_buffer_0/hdmi_rx_0_i_1/O
                         net (fo=197, routed)         1.025     2.475    hdmi_rx_0/edid_rom/rst
    SLICE_X4Y77          FDRE                                         r  hdmi_rx_0/edid_rom/rdata_reg[2]/R
  -------------------------------------------------------------------    -------------------

                         (clock clk200M rise edge)    0.000     0.000 r  
    D23                                               0.000     0.000 r  clk100M (IN)
                         net (fo=0)                   0.000     0.000    clk100M
    D23                  IBUF (Prop_ibuf_I_O)         1.607     1.607 r  clk100M_IBUF_inst/O
                         net (fo=1, routed)           1.170     2.777    clk100M_IBUF
    PLLE2_ADV_X0Y1       PLLE2_ADV (Prop_plle2_adv_CLKIN1_CLKOUT0)
                                                      0.083     2.860 r  clk_generator1/CLKOUT0
                         net (fo=1, routed)           1.488     4.348    clk200M
    BUFGCTRL_X0Y1        BUFG (Prop_bufg_I_O)         0.113     4.461 r  BUFG_200M/O
                         net (fo=55, routed)          1.336     5.797    hdmi_rx_0/edid_rom/clk_200M
    SLICE_X4Y77          FDRE                                         r  hdmi_rx_0/edid_rom/rdata_reg[2]/C

Slack:                    inf
  Source:                 clk_generator1/LOCKED
                            (internal pin)
  Destination:            hdmi_rx_0/edid_rom/rdata_reg[3]/R
                            (rising edge-triggered cell FDRE clocked by clk200M  {rise@0.000ns fall@2.500ns period=5.000ns})
  Path Group:             (none)
  Path Type:              Setup (Max at Slow Process Corner)
  Data Path Delay:        2.475ns  (logic 0.053ns (2.141%)  route 2.422ns (97.859%))
  Logic Levels:           1  (LUT1=1)
  Clock Uncertainty:      0.160ns  ((TSJ^2 + DJ^2)^1/2) / 2 + PE
    Total System Jitter     (TSJ):    0.050ns
    Discrete Jitter          (DJ):    0.113ns
    Phase Error              (PE):    0.099ns

    Location             Delay type                Incr(ns)  Path(ns)    Netlist Resource(s)
  -------------------------------------------------------------------    -------------------
    PLLE2_ADV_X0Y1       PLLE2_ADV                    0.000     0.000 f  clk_generator1/LOCKED
                         net (fo=10, routed)          1.397     1.397    line_buffer_0/led_r_OBUF[0]
    SLICE_X8Y79          LUT1 (Prop_lut1_I0_O)        0.053     1.450 r  line_buffer_0/hdmi_rx_0_i_1/O
                         net (fo=197, routed)         1.025     2.475    hdmi_rx_0/edid_rom/rst
    SLICE_X4Y77          FDRE                                         r  hdmi_rx_0/edid_rom/rdata_reg[3]/R
  -------------------------------------------------------------------    -------------------

                         (clock clk200M rise edge)    0.000     0.000 r  
    D23                                               0.000     0.000 r  clk100M (IN)
                         net (fo=0)                   0.000     0.000    clk100M
    D23                  IBUF (Prop_ibuf_I_O)         1.607     1.607 r  clk100M_IBUF_inst/O
                         net (fo=1, routed)           1.170     2.777    clk100M_IBUF
    PLLE2_ADV_X0Y1       PLLE2_ADV (Prop_plle2_adv_CLKIN1_CLKOUT0)
                                                      0.083     2.860 r  clk_generator1/CLKOUT0
                         net (fo=1, routed)           1.488     4.348    clk200M
    BUFGCTRL_X0Y1        BUFG (Prop_bufg_I_O)         0.113     4.461 r  BUFG_200M/O
                         net (fo=55, routed)          1.336     5.797    hdmi_rx_0/edid_rom/clk_200M
    SLICE_X4Y77          FDRE                                         r  hdmi_rx_0/edid_rom/rdata_reg[3]/C

Slack:                    inf
  Source:                 clk_generator1/LOCKED
                            (internal pin)
  Destination:            hdmi_rx_0/edid_rom/rdata_reg[4]/R
                            (rising edge-triggered cell FDRE clocked by clk200M  {rise@0.000ns fall@2.500ns period=5.000ns})
  Path Group:             (none)
  Path Type:              Setup (Max at Slow Process Corner)
  Data Path Delay:        2.475ns  (logic 0.053ns (2.141%)  route 2.422ns (97.859%))
  Logic Levels:           1  (LUT1=1)
  Clock Uncertainty:      0.160ns  ((TSJ^2 + DJ^2)^1/2) / 2 + PE
    Total System Jitter     (TSJ):    0.050ns
    Discrete Jitter          (DJ):    0.113ns
    Phase Error              (PE):    0.099ns

    Location             Delay type                Incr(ns)  Path(ns)    Netlist Resource(s)
  -------------------------------------------------------------------    -------------------
    PLLE2_ADV_X0Y1       PLLE2_ADV                    0.000     0.000 f  clk_generator1/LOCKED
                         net (fo=10, routed)          1.397     1.397    line_buffer_0/led_r_OBUF[0]
    SLICE_X8Y79          LUT1 (Prop_lut1_I0_O)        0.053     1.450 r  line_buffer_0/hdmi_rx_0_i_1/O
                         net (fo=197, routed)         1.025     2.475    hdmi_rx_0/edid_rom/rst
    SLICE_X4Y77          FDRE                                         r  hdmi_rx_0/edid_rom/rdata_reg[4]/R
  -------------------------------------------------------------------    -------------------

                         (clock clk200M rise edge)    0.000     0.000 r  
    D23                                               0.000     0.000 r  clk100M (IN)
                         net (fo=0)                   0.000     0.000    clk100M
    D23                  IBUF (Prop_ibuf_I_O)         1.607     1.607 r  clk100M_IBUF_inst/O
                         net (fo=1, routed)           1.170     2.777    clk100M_IBUF
    PLLE2_ADV_X0Y1       PLLE2_ADV (Prop_plle2_adv_CLKIN1_CLKOUT0)
                                                      0.083     2.860 r  clk_generator1/CLKOUT0
                         net (fo=1, routed)           1.488     4.348    clk200M
    BUFGCTRL_X0Y1        BUFG (Prop_bufg_I_O)         0.113     4.461 r  BUFG_200M/O
                         net (fo=55, routed)          1.336     5.797    hdmi_rx_0/edid_rom/clk_200M
    SLICE_X4Y77          FDRE                                         r  hdmi_rx_0/edid_rom/rdata_reg[4]/C





Min Delay Paths
--------------------------------------------------------------------------------------
Slack:                    inf
  Source:                 clk_generator1/LOCKED
                            (internal pin)
  Destination:            hdmi_rx_0/edid_rom/hiz_reg/D
                            (rising edge-triggered cell FDRE clocked by clk200M  {rise@0.000ns fall@2.500ns period=5.000ns})
  Path Group:             (none)
  Path Type:              Hold (Min at Fast Process Corner)
  Data Path Delay:        0.711ns  (logic 0.056ns (7.876%)  route 0.655ns (92.124%))
  Logic Levels:           2  (LUT5=1 LUT6=1)
  Clock Uncertainty:      0.160ns  ((TSJ^2 + DJ^2)^1/2) / 2 + PE
    Total System Jitter     (TSJ):    0.050ns
    Discrete Jitter          (DJ):    0.113ns
    Phase Error              (PE):    0.099ns

    Location             Delay type                Incr(ns)  Path(ns)    Netlist Resource(s)
  -------------------------------------------------------------------    -------------------
    PLLE2_ADV_X0Y1       PLLE2_ADV                    0.000     0.000 f  clk_generator1/LOCKED
                         net (fo=10, routed)          0.527     0.527    hdmi_rx_0/edid_rom/lopt
    SLICE_X1Y76          LUT6 (Prop_lut6_I0_O)        0.028     0.555 r  hdmi_rx_0/edid_rom/count[4]_i_1/O
                         net (fo=7, routed)           0.128     0.683    hdmi_rx_0/edid_rom/count[4]_i_1_n_0
    SLICE_X1Y75          LUT5 (Prop_lut5_I4_O)        0.028     0.711 r  hdmi_rx_0/edid_rom/hiz_i_1/O
                         net (fo=1, routed)           0.000     0.711    hdmi_rx_0/edid_rom/hiz_i_1_n_0
    SLICE_X1Y75          FDRE                                         r  hdmi_rx_0/edid_rom/hiz_reg/D
  -------------------------------------------------------------------    -------------------

                         (clock clk200M rise edge)    0.000     0.000 r  
    D23                                               0.000     0.000 r  clk100M (IN)
                         net (fo=0)                   0.000     0.000    clk100M
    D23                  IBUF (Prop_ibuf_I_O)         0.677     0.677 r  clk100M_IBUF_inst/O
                         net (fo=1, routed)           0.554     1.231    clk100M_IBUF
    PLLE2_ADV_X0Y1       PLLE2_ADV (Prop_plle2_adv_CLKIN1_CLKOUT0)
                                                      0.053     1.284 r  clk_generator1/CLKOUT0
                         net (fo=1, routed)           0.612     1.896    clk200M
    BUFGCTRL_X0Y1        BUFG (Prop_bufg_I_O)         0.030     1.926 r  BUFG_200M/O
                         net (fo=55, routed)          0.767     2.693    hdmi_rx_0/edid_rom/clk_200M
    SLICE_X1Y75          FDRE                                         r  hdmi_rx_0/edid_rom/hiz_reg/C

Slack:                    inf
  Source:                 hdmi_rx_scl
                            (input port)
  Destination:            hdmi_rx_0/edid_rom/scl_data_reg[0]/D
                            (rising edge-triggered cell FDRE clocked by clk200M  {rise@0.000ns fall@2.500ns period=5.000ns})
  Path Group:             (none)
  Path Type:              Hold (Min at Fast Process Corner)
  Data Path Delay:        0.736ns  (logic 0.462ns (62.748%)  route 0.274ns (37.252%))
  Logic Levels:           1  (IBUF=1)
  Clock Path Skew:        2.694ns (DCD - SCD - CPR)
    Destination Clock Delay (DCD):    2.694ns
    Source Clock Delay      (SCD):    0.000ns
    Clock Pessimism Removal (CPR):    -0.000ns

    Location             Delay type                Incr(ns)  Path(ns)    Netlist Resource(s)
  -------------------------------------------------------------------    -------------------
    F22                                               0.000     0.000 r  hdmi_rx_scl (IN)
                         net (fo=0)                   0.000     0.000    hdmi_rx_scl
    F22                  IBUF (Prop_ibuf_I_O)         0.462     0.462 r  hdmi_rx_scl_IBUF_inst/O
                         net (fo=1, routed)           0.274     0.736    hdmi_rx_0/edid_rom/hdmi_rx_scl
    SLICE_X0Y76          FDRE                                         r  hdmi_rx_0/edid_rom/scl_data_reg[0]/D
  -------------------------------------------------------------------    -------------------

                         (clock clk200M rise edge)    0.000     0.000 r  
    D23                                               0.000     0.000 r  clk100M (IN)
                         net (fo=0)                   0.000     0.000    clk100M
    D23                  IBUF (Prop_ibuf_I_O)         0.677     0.677 r  clk100M_IBUF_inst/O
                         net (fo=1, routed)           0.554     1.231    clk100M_IBUF
    PLLE2_ADV_X0Y1       PLLE2_ADV (Prop_plle2_adv_CLKIN1_CLKOUT0)
                                                      0.053     1.284 r  clk_generator1/CLKOUT0
                         net (fo=1, routed)           0.612     1.896    clk200M
    BUFGCTRL_X0Y1        BUFG (Prop_bufg_I_O)         0.030     1.926 r  BUFG_200M/O
                         net (fo=55, routed)          0.768     2.694    hdmi_rx_0/edid_rom/clk_200M
    SLICE_X0Y76          FDRE                                         r  hdmi_rx_0/edid_rom/scl_data_reg[0]/C

Slack:                    inf
  Source:                 clk_generator1/LOCKED
                            (internal pin)
  Destination:            hdmi_rx_0/edid_rom/sda_out_reg/D
                            (rising edge-triggered cell FDRE clocked by clk200M  {rise@0.000ns fall@2.500ns period=5.000ns})
  Path Group:             (none)
  Path Type:              Hold (Min at Fast Process Corner)
  Data Path Delay:        0.738ns  (logic 0.056ns (7.583%)  route 0.682ns (92.417%))
  Logic Levels:           2  (LUT5=1 LUT6=1)
  Clock Uncertainty:      0.160ns  ((TSJ^2 + DJ^2)^1/2) / 2 + PE
    Total System Jitter     (TSJ):    0.050ns
    Discrete Jitter          (DJ):    0.113ns
    Phase Error              (PE):    0.099ns

    Location             Delay type                Incr(ns)  Path(ns)    Netlist Resource(s)
  -------------------------------------------------------------------    -------------------
    PLLE2_ADV_X0Y1       PLLE2_ADV                    0.000     0.000 r  clk_generator1/LOCKED
                         net (fo=10, routed)          0.527     0.527    hdmi_rx_0/edid_rom/lopt
    SLICE_X1Y76          LUT6 (Prop_lut6_I0_O)        0.028     0.555 f  hdmi_rx_0/edid_rom/count[4]_i_1/O
                         net (fo=7, routed)           0.156     0.710    hdmi_rx_0/edid_rom/count[4]_i_1_n_0
    SLICE_X2Y75          LUT5 (Prop_lut5_I4_O)        0.028     0.738 r  hdmi_rx_0/edid_rom/sda_out_i_1/O
                         net (fo=1, routed)           0.000     0.738    hdmi_rx_0/edid_rom/sda_out_i_1_n_0
    SLICE_X2Y75          FDRE                                         r  hdmi_rx_0/edid_rom/sda_out_reg/D
  -------------------------------------------------------------------    -------------------

                         (clock clk200M rise edge)    0.000     0.000 r  
    D23                                               0.000     0.000 r  clk100M (IN)
                         net (fo=0)                   0.000     0.000    clk100M
    D23                  IBUF (Prop_ibuf_I_O)         0.677     0.677 r  clk100M_IBUF_inst/O
                         net (fo=1, routed)           0.554     1.231    clk100M_IBUF
    PLLE2_ADV_X0Y1       PLLE2_ADV (Prop_plle2_adv_CLKIN1_CLKOUT0)
                                                      0.053     1.284 r  clk_generator1/CLKOUT0
                         net (fo=1, routed)           0.612     1.896    clk200M
    BUFGCTRL_X0Y1        BUFG (Prop_bufg_I_O)         0.030     1.926 r  BUFG_200M/O
                         net (fo=55, routed)          0.767     2.693    hdmi_rx_0/edid_rom/clk_200M
    SLICE_X2Y75          FDRE                                         r  hdmi_rx_0/edid_rom/sda_out_reg/C

Slack:                    inf
  Source:                 clk_generator1/LOCKED
                            (internal pin)
  Destination:            hdmi_rx_0/edid_rom/edid_state_reg[1]/D
                            (rising edge-triggered cell FDRE clocked by clk200M  {rise@0.000ns fall@2.500ns period=5.000ns})
  Path Group:             (none)
  Path Type:              Hold (Min at Fast Process Corner)
  Data Path Delay:        0.747ns  (logic 0.028ns (3.750%)  route 0.719ns (96.250%))
  Logic Levels:           1  (LUT6=1)
  Clock Uncertainty:      0.160ns  ((TSJ^2 + DJ^2)^1/2) / 2 + PE
    Total System Jitter     (TSJ):    0.050ns
    Discrete Jitter          (DJ):    0.113ns
    Phase Error              (PE):    0.099ns

    Location             Delay type                Incr(ns)  Path(ns)    Netlist Resource(s)
  -------------------------------------------------------------------    -------------------
    PLLE2_ADV_X0Y1       PLLE2_ADV                    0.000     0.000 r  clk_generator1/LOCKED
                         net (fo=10, routed)          0.719     0.719    hdmi_rx_0/edid_rom/lopt
    SLICE_X2Y75          LUT6 (Prop_lut6_I1_O)        0.028     0.747 r  hdmi_rx_0/edid_rom/edid_state[1]_i_1/O
                         net (fo=1, routed)           0.000     0.747    hdmi_rx_0/edid_rom/edid_state[1]_i_1_n_0
    SLICE_X2Y75          FDRE                                         r  hdmi_rx_0/edid_rom/edid_state_reg[1]/D
  -------------------------------------------------------------------    -------------------

                         (clock clk200M rise edge)    0.000     0.000 r  
    D23                                               0.000     0.000 r  clk100M (IN)
                         net (fo=0)                   0.000     0.000    clk100M
    D23                  IBUF (Prop_ibuf_I_O)         0.677     0.677 r  clk100M_IBUF_inst/O
                         net (fo=1, routed)           0.554     1.231    clk100M_IBUF
    PLLE2_ADV_X0Y1       PLLE2_ADV (Prop_plle2_adv_CLKIN1_CLKOUT0)
                                                      0.053     1.284 r  clk_generator1/CLKOUT0
                         net (fo=1, routed)           0.612     1.896    clk200M
    BUFGCTRL_X0Y1        BUFG (Prop_bufg_I_O)         0.030     1.926 r  BUFG_200M/O
                         net (fo=55, routed)          0.767     2.693    hdmi_rx_0/edid_rom/clk_200M
    SLICE_X2Y75          FDRE                                         r  hdmi_rx_0/edid_rom/edid_state_reg[1]/C

Slack:                    inf
  Source:                 hdmi_rx_sda
                            (input port)
  Destination:            hdmi_rx_0/edid_rom/sda_data_reg[0]/D
                            (rising edge-triggered cell FDRE clocked by clk200M  {rise@0.000ns fall@2.500ns period=5.000ns})
  Path Group:             (none)
  Path Type:              Hold (Min at Fast Process Corner)
  Data Path Delay:        0.789ns  (logic 0.466ns (59.049%)  route 0.323ns (40.951%))
  Logic Levels:           1  (IBUF=1)
  Clock Path Skew:        2.694ns (DCD - SCD - CPR)
    Destination Clock Delay (DCD):    2.694ns
    Source Clock Delay      (SCD):    0.000ns
    Clock Pessimism Removal (CPR):    -0.000ns

    Location             Delay type                Incr(ns)  Path(ns)    Netlist Resource(s)
  -------------------------------------------------------------------    -------------------
    E23                                               0.000     0.000 r  hdmi_rx_sda (INOUT)
                         net (fo=1, unset)            0.000     0.000    hdmi_rx_0/edid_rom/IOBUF_SDA/IO
    E23                  IBUF (Prop_ibuf_I_O)         0.466     0.466 r  hdmi_rx_0/edid_rom/IOBUF_SDA/IBUF/O
                         net (fo=4, routed)           0.323     0.789    hdmi_rx_0/edid_rom/sda_in
    SLICE_X1Y76          FDRE                                         r  hdmi_rx_0/edid_rom/sda_data_reg[0]/D
  -------------------------------------------------------------------    -------------------

                         (clock clk200M rise edge)    0.000     0.000 r  
    D23                                               0.000     0.000 r  clk100M (IN)
                         net (fo=0)                   0.000     0.000    clk100M
    D23                  IBUF (Prop_ibuf_I_O)         0.677     0.677 r  clk100M_IBUF_inst/O
                         net (fo=1, routed)           0.554     1.231    clk100M_IBUF
    PLLE2_ADV_X0Y1       PLLE2_ADV (Prop_plle2_adv_CLKIN1_CLKOUT0)
                                                      0.053     1.284 r  clk_generator1/CLKOUT0
                         net (fo=1, routed)           0.612     1.896    clk200M
    BUFGCTRL_X0Y1        BUFG (Prop_bufg_I_O)         0.030     1.926 r  BUFG_200M/O
                         net (fo=55, routed)          0.768     2.694    hdmi_rx_0/edid_rom/clk_200M
    SLICE_X1Y76          FDRE                                         r  hdmi_rx_0/edid_rom/sda_data_reg[0]/C

Slack:                    inf
  Source:                 clk_generator1/LOCKED
                            (internal pin)
  Destination:            hdmi_rx_0/edid_rom/edid_state_reg[2]/D
                            (rising edge-triggered cell FDRE clocked by clk200M  {rise@0.000ns fall@2.500ns period=5.000ns})
  Path Group:             (none)
  Path Type:              Hold (Min at Fast Process Corner)
  Data Path Delay:        0.797ns  (logic 0.028ns (3.515%)  route 0.769ns (96.485%))
  Logic Levels:           1  (LUT6=1)
  Clock Uncertainty:      0.160ns  ((TSJ^2 + DJ^2)^1/2) / 2 + PE
    Total System Jitter     (TSJ):    0.050ns
    Discrete Jitter          (DJ):    0.113ns
    Phase Error              (PE):    0.099ns

    Location             Delay type                Incr(ns)  Path(ns)    Netlist Resource(s)
  -------------------------------------------------------------------    -------------------
    PLLE2_ADV_X0Y1       PLLE2_ADV                    0.000     0.000 r  clk_generator1/LOCKED
                         net (fo=10, routed)          0.769     0.769    hdmi_rx_0/edid_rom/lopt
    SLICE_X3Y75          LUT6 (Prop_lut6_I5_O)        0.028     0.797 r  hdmi_rx_0/edid_rom/edid_state[2]_i_1/O
                         net (fo=1, routed)           0.000     0.797    hdmi_rx_0/edid_rom/edid_state[2]_i_1_n_0
    SLICE_X3Y75          FDRE                                         r  hdmi_rx_0/edid_rom/edid_state_reg[2]/D
  -------------------------------------------------------------------    -------------------

                         (clock clk200M rise edge)    0.000     0.000 r  
    D23                                               0.000     0.000 r  clk100M (IN)
                         net (fo=0)                   0.000     0.000    clk100M
    D23                  IBUF (Prop_ibuf_I_O)         0.677     0.677 r  clk100M_IBUF_inst/O
                         net (fo=1, routed)           0.554     1.231    clk100M_IBUF
    PLLE2_ADV_X0Y1       PLLE2_ADV (Prop_plle2_adv_CLKIN1_CLKOUT0)
                                                      0.053     1.284 r  clk_generator1/CLKOUT0
                         net (fo=1, routed)           0.612     1.896    clk200M
    BUFGCTRL_X0Y1        BUFG (Prop_bufg_I_O)         0.030     1.926 r  BUFG_200M/O
                         net (fo=55, routed)          0.767     2.693    hdmi_rx_0/edid_rom/clk_200M
    SLICE_X3Y75          FDRE                                         r  hdmi_rx_0/edid_rom/edid_state_reg[2]/C

Slack:                    inf
  Source:                 clk_generator1/LOCKED
                            (internal pin)
  Destination:            hdmi_rx_0/edid_rom/count_reg[0]/R
                            (rising edge-triggered cell FDRE clocked by clk200M  {rise@0.000ns fall@2.500ns period=5.000ns})
  Path Group:             (none)
  Path Type:              Hold (Min at Fast Process Corner)
  Data Path Delay:        0.814ns  (logic 0.028ns (3.441%)  route 0.786ns (96.559%))
  Logic Levels:           1  (LUT6=1)
  Clock Uncertainty:      0.160ns  ((TSJ^2 + DJ^2)^1/2) / 2 + PE
    Total System Jitter     (TSJ):    0.050ns
    Discrete Jitter          (DJ):    0.113ns
    Phase Error              (PE):    0.099ns

    Location             Delay type                Incr(ns)  Path(ns)    Netlist Resource(s)
  -------------------------------------------------------------------    -------------------
    PLLE2_ADV_X0Y1       PLLE2_ADV                    0.000     0.000 f  clk_generator1/LOCKED
                         net (fo=10, routed)          0.527     0.527    hdmi_rx_0/edid_rom/lopt
    SLICE_X1Y76          LUT6 (Prop_lut6_I0_O)        0.028     0.555 r  hdmi_rx_0/edid_rom/count[4]_i_1/O
                         net (fo=7, routed)           0.259     0.814    hdmi_rx_0/edid_rom/count[4]_i_1_n_0
    SLICE_X3Y76          FDRE                                         r  hdmi_rx_0/edid_rom/count_reg[0]/R
  -------------------------------------------------------------------    -------------------

                         (clock clk200M rise edge)    0.000     0.000 r  
    D23                                               0.000     0.000 r  clk100M (IN)
                         net (fo=0)                   0.000     0.000    clk100M
    D23                  IBUF (Prop_ibuf_I_O)         0.677     0.677 r  clk100M_IBUF_inst/O
                         net (fo=1, routed)           0.554     1.231    clk100M_IBUF
    PLLE2_ADV_X0Y1       PLLE2_ADV (Prop_plle2_adv_CLKIN1_CLKOUT0)
                                                      0.053     1.284 r  clk_generator1/CLKOUT0
                         net (fo=1, routed)           0.612     1.896    clk200M
    BUFGCTRL_X0Y1        BUFG (Prop_bufg_I_O)         0.030     1.926 r  BUFG_200M/O
                         net (fo=55, routed)          0.768     2.694    hdmi_rx_0/edid_rom/clk_200M
    SLICE_X3Y76          FDRE                                         r  hdmi_rx_0/edid_rom/count_reg[0]/C

Slack:                    inf
  Source:                 clk_generator1/LOCKED
                            (internal pin)
  Destination:            hdmi_rx_0/edid_rom/count_reg[1]/R
                            (rising edge-triggered cell FDRE clocked by clk200M  {rise@0.000ns fall@2.500ns period=5.000ns})
  Path Group:             (none)
  Path Type:              Hold (Min at Fast Process Corner)
  Data Path Delay:        0.814ns  (logic 0.028ns (3.441%)  route 0.786ns (96.559%))
  Logic Levels:           1  (LUT6=1)
  Clock Uncertainty:      0.160ns  ((TSJ^2 + DJ^2)^1/2) / 2 + PE
    Total System Jitter     (TSJ):    0.050ns
    Discrete Jitter          (DJ):    0.113ns
    Phase Error              (PE):    0.099ns

    Location             Delay type                Incr(ns)  Path(ns)    Netlist Resource(s)
  -------------------------------------------------------------------    -------------------
    PLLE2_ADV_X0Y1       PLLE2_ADV                    0.000     0.000 f  clk_generator1/LOCKED
                         net (fo=10, routed)          0.527     0.527    hdmi_rx_0/edid_rom/lopt
    SLICE_X1Y76          LUT6 (Prop_lut6_I0_O)        0.028     0.555 r  hdmi_rx_0/edid_rom/count[4]_i_1/O
                         net (fo=7, routed)           0.259     0.814    hdmi_rx_0/edid_rom/count[4]_i_1_n_0
    SLICE_X3Y76          FDRE                                         r  hdmi_rx_0/edid_rom/count_reg[1]/R
  -------------------------------------------------------------------    -------------------

                         (clock clk200M rise edge)    0.000     0.000 r  
    D23                                               0.000     0.000 r  clk100M (IN)
                         net (fo=0)                   0.000     0.000    clk100M
    D23                  IBUF (Prop_ibuf_I_O)         0.677     0.677 r  clk100M_IBUF_inst/O
                         net (fo=1, routed)           0.554     1.231    clk100M_IBUF
    PLLE2_ADV_X0Y1       PLLE2_ADV (Prop_plle2_adv_CLKIN1_CLKOUT0)
                                                      0.053     1.284 r  clk_generator1/CLKOUT0
                         net (fo=1, routed)           0.612     1.896    clk200M
    BUFGCTRL_X0Y1        BUFG (Prop_bufg_I_O)         0.030     1.926 r  BUFG_200M/O
                         net (fo=55, routed)          0.768     2.694    hdmi_rx_0/edid_rom/clk_200M
    SLICE_X3Y76          FDRE                                         r  hdmi_rx_0/edid_rom/count_reg[1]/C

Slack:                    inf
  Source:                 clk_generator1/LOCKED
                            (internal pin)
  Destination:            hdmi_rx_0/edid_rom/count_reg[2]/R
                            (rising edge-triggered cell FDRE clocked by clk200M  {rise@0.000ns fall@2.500ns period=5.000ns})
  Path Group:             (none)
  Path Type:              Hold (Min at Fast Process Corner)
  Data Path Delay:        0.814ns  (logic 0.028ns (3.441%)  route 0.786ns (96.559%))
  Logic Levels:           1  (LUT6=1)
  Clock Uncertainty:      0.160ns  ((TSJ^2 + DJ^2)^1/2) / 2 + PE
    Total System Jitter     (TSJ):    0.050ns
    Discrete Jitter          (DJ):    0.113ns
    Phase Error              (PE):    0.099ns

    Location             Delay type                Incr(ns)  Path(ns)    Netlist Resource(s)
  -------------------------------------------------------------------    -------------------
    PLLE2_ADV_X0Y1       PLLE2_ADV                    0.000     0.000 f  clk_generator1/LOCKED
                         net (fo=10, routed)          0.527     0.527    hdmi_rx_0/edid_rom/lopt
    SLICE_X1Y76          LUT6 (Prop_lut6_I0_O)        0.028     0.555 r  hdmi_rx_0/edid_rom/count[4]_i_1/O
                         net (fo=7, routed)           0.259     0.814    hdmi_rx_0/edid_rom/count[4]_i_1_n_0
    SLICE_X3Y76          FDRE                                         r  hdmi_rx_0/edid_rom/count_reg[2]/R
  -------------------------------------------------------------------    -------------------

                         (clock clk200M rise edge)    0.000     0.000 r  
    D23                                               0.000     0.000 r  clk100M (IN)
                         net (fo=0)                   0.000     0.000    clk100M
    D23                  IBUF (Prop_ibuf_I_O)         0.677     0.677 r  clk100M_IBUF_inst/O
                         net (fo=1, routed)           0.554     1.231    clk100M_IBUF
    PLLE2_ADV_X0Y1       PLLE2_ADV (Prop_plle2_adv_CLKIN1_CLKOUT0)
                                                      0.053     1.284 r  clk_generator1/CLKOUT0
                         net (fo=1, routed)           0.612     1.896    clk200M
    BUFGCTRL_X0Y1        BUFG (Prop_bufg_I_O)         0.030     1.926 r  BUFG_200M/O
                         net (fo=55, routed)          0.768     2.694    hdmi_rx_0/edid_rom/clk_200M
    SLICE_X3Y76          FDRE                                         r  hdmi_rx_0/edid_rom/count_reg[2]/C

Slack:                    inf
  Source:                 clk_generator1/LOCKED
                            (internal pin)
  Destination:            hdmi_rx_0/edid_rom/edid_state_reg[0]/D
                            (rising edge-triggered cell FDRE clocked by clk200M  {rise@0.000ns fall@2.500ns period=5.000ns})
  Path Group:             (none)
  Path Type:              Hold (Min at Fast Process Corner)
  Data Path Delay:        0.835ns  (logic 0.028ns (3.352%)  route 0.807ns (96.648%))
  Logic Levels:           1  (LUT6=1)
  Clock Uncertainty:      0.160ns  ((TSJ^2 + DJ^2)^1/2) / 2 + PE
    Total System Jitter     (TSJ):    0.050ns
    Discrete Jitter          (DJ):    0.113ns
    Phase Error              (PE):    0.099ns

    Location             Delay type                Incr(ns)  Path(ns)    Netlist Resource(s)
  -------------------------------------------------------------------    -------------------
    PLLE2_ADV_X0Y1       PLLE2_ADV                    0.000     0.000 r  clk_generator1/LOCKED
                         net (fo=10, routed)          0.807     0.807    hdmi_rx_0/edid_rom/lopt
    SLICE_X3Y75          LUT6 (Prop_lut6_I4_O)        0.028     0.835 r  hdmi_rx_0/edid_rom/edid_state[0]_i_1/O
                         net (fo=1, routed)           0.000     0.835    hdmi_rx_0/edid_rom/edid_state[0]_i_1_n_0
    SLICE_X3Y75          FDRE                                         r  hdmi_rx_0/edid_rom/edid_state_reg[0]/D
  -------------------------------------------------------------------    -------------------

                         (clock clk200M rise edge)    0.000     0.000 r  
    D23                                               0.000     0.000 r  clk100M (IN)
                         net (fo=0)                   0.000     0.000    clk100M
    D23                  IBUF (Prop_ibuf_I_O)         0.677     0.677 r  clk100M_IBUF_inst/O
                         net (fo=1, routed)           0.554     1.231    clk100M_IBUF
    PLLE2_ADV_X0Y1       PLLE2_ADV (Prop_plle2_adv_CLKIN1_CLKOUT0)
                                                      0.053     1.284 r  clk_generator1/CLKOUT0
                         net (fo=1, routed)           0.612     1.896    clk200M
    BUFGCTRL_X0Y1        BUFG (Prop_bufg_I_O)         0.030     1.926 r  BUFG_200M/O
                         net (fo=55, routed)          0.767     2.693    hdmi_rx_0/edid_rom/clk_200M
    SLICE_X3Y75          FDRE                                         r  hdmi_rx_0/edid_rom/edid_state_reg[0]/C





--------------------------------------------------------------------------------------
Path Group:  (none)
From Clock:  
  To Clock:  mmcm_clkout1

Max Delay             3 Endpoints
Min Delay             3 Endpoints
--------------------------------------------------------------------------------------


Max Delay Paths
--------------------------------------------------------------------------------------
Slack:                    inf
  Source:                 hdmi_rx_d1_p
                            (input port)
  Destination:            hdmi_rx_0/tmds_receiver/decoder_g/iserdes/master_iserdes/DDLY
                            (falling edge-triggered cell ISERDESE2 clocked by mmcm_clkout1  {rise@0.000ns fall@1.000ns period=2.000ns})
  Path Group:             (none)
  Path Type:              Setup (Max at Slow Process Corner)
  Data Path Delay:        1.746ns  (logic 1.746ns (100.000%)  route 0.000ns (0.000%))
  Logic Levels:           2  (IBUFDS=1 IDELAYE2=1)
  Clock Path Skew:        5.171ns (DCD - SCD + CPR)
    Destination Clock Delay (DCD):    5.171ns = ( 6.171 - 1.000 ) 
    Source Clock Delay      (SCD):    0.000ns
    Clock Pessimism Removal (CPR):    0.000ns
  Clock Uncertainty:      0.152ns  ((TSJ^2 + DJ^2)^1/2) / 2 + PE
    Total System Jitter     (TSJ):    0.050ns
    Discrete Jitter          (DJ):    0.095ns
    Phase Error              (PE):    0.099ns

    Location             Delay type                Incr(ns)  Path(ns)    Netlist Resource(s)
  -------------------------------------------------------------------    -------------------
    D26                                               0.000     0.000 r  hdmi_rx_d1_p (IN)
                         net (fo=0)                   0.000     0.000    hdmi_rx_0/tmds_receiver/decoder_g/iserdes/hdmi_rx_d1_p
    D26                  IBUFDS (Prop_ibufds_I_O)     1.031     1.031 r  hdmi_rx_0/tmds_receiver/decoder_g/iserdes/input_buffer/O
                         net (fo=1, routed)           0.000     1.031    hdmi_rx_0/tmds_receiver/decoder_g/iserdes/ibufds_dout
    IDELAY_X0Y90         IDELAYE2 (Prop_idelaye2_IDATAIN_DATAOUT)
                                                      0.715     1.746 r  hdmi_rx_0/tmds_receiver/decoder_g/iserdes/input_delay/DATAOUT
                         net (fo=1, routed)           0.000     1.746    hdmi_rx_0/tmds_receiver/decoder_g/iserdes/idelay_dout
    ILOGIC_X0Y90         ISERDESE2                                    r  hdmi_rx_0/tmds_receiver/decoder_g/iserdes/master_iserdes/DDLY
  -------------------------------------------------------------------    -------------------

                         (clock mmcm_clkout1 fall edge)
                                                      1.000     1.000 f  
    G24                                               0.000     1.000 f  hdmi_rx_clk_p (IN)
                         net (fo=0)                   0.000     1.000    hdmi_rx_0/hdmi_rx_clk_p
    G24                  IBUFDS (Prop_ibufds_I_O)     0.914     1.914 f  hdmi_rx_0/hdmi_rx_clk_buf/O
                         net (fo=1, routed)           1.149     3.063    hdmi_rx_0/mmcm_clkin
    MMCME2_ADV_X0Y1      MMCME2_ADV (Prop_mmcme2_adv_CLKIN1_CLKOUT1)
                                                      0.083     3.146 f  hdmi_rx_0/mmcm_adv_inst/CLKOUT1
                         net (fo=1, routed)           1.494     4.640    hdmi_rx_0/mmcm_clkout1
    BUFGCTRL_X0Y2        BUFG (Prop_bufg_I_O)         0.113     4.753 f  hdmi_rx_0/BUF_fastclk/O
                         net (fo=18, routed)          1.418     6.171    hdmi_rx_0/tmds_receiver/decoder_g/iserdes/CLKB0
    ILOGIC_X0Y90         ISERDESE2                                    r  hdmi_rx_0/tmds_receiver/decoder_g/iserdes/master_iserdes/CLKB  (IS_INVERTED)

Slack:                    inf
  Source:                 hdmi_rx_d0_p
                            (input port)
  Destination:            hdmi_rx_0/tmds_receiver/decoder_b/iserdes/master_iserdes/DDLY
                            (falling edge-triggered cell ISERDESE2 clocked by mmcm_clkout1  {rise@0.000ns fall@1.000ns period=2.000ns})
  Path Group:             (none)
  Path Type:              Setup (Max at Slow Process Corner)
  Data Path Delay:        1.741ns  (logic 1.741ns (100.000%)  route 0.000ns (0.000%))
  Logic Levels:           2  (IBUFDS=1 IDELAYE2=1)
  Clock Path Skew:        5.169ns (DCD - SCD + CPR)
    Destination Clock Delay (DCD):    5.169ns = ( 6.169 - 1.000 ) 
    Source Clock Delay      (SCD):    0.000ns
    Clock Pessimism Removal (CPR):    0.000ns
  Clock Uncertainty:      0.152ns  ((TSJ^2 + DJ^2)^1/2) / 2 + PE
    Total System Jitter     (TSJ):    0.050ns
    Discrete Jitter          (DJ):    0.095ns
    Phase Error              (PE):    0.099ns

    Location             Delay type                Incr(ns)  Path(ns)    Netlist Resource(s)
  -------------------------------------------------------------------    -------------------
    F25                                               0.000     0.000 r  hdmi_rx_d0_p (IN)
                         net (fo=0)                   0.000     0.000    hdmi_rx_0/tmds_receiver/decoder_b/iserdes/hdmi_rx_d0_p
    F25                  IBUFDS (Prop_ibufds_I_O)     1.026     1.026 r  hdmi_rx_0/tmds_receiver/decoder_b/iserdes/input_buffer/O
                         net (fo=1, routed)           0.000     1.026    hdmi_rx_0/tmds_receiver/decoder_b/iserdes/ibufds_dout
    IDELAY_X0Y66         IDELAYE2 (Prop_idelaye2_IDATAIN_DATAOUT)
                                                      0.715     1.741 r  hdmi_rx_0/tmds_receiver/decoder_b/iserdes/input_delay/DATAOUT
                         net (fo=1, routed)           0.000     1.741    hdmi_rx_0/tmds_receiver/decoder_b/iserdes/idelay_dout
    ILOGIC_X0Y66         ISERDESE2                                    r  hdmi_rx_0/tmds_receiver/decoder_b/iserdes/master_iserdes/DDLY
  -------------------------------------------------------------------    -------------------

                         (clock mmcm_clkout1 fall edge)
                                                      1.000     1.000 f  
    G24                                               0.000     1.000 f  hdmi_rx_clk_p (IN)
                         net (fo=0)                   0.000     1.000    hdmi_rx_0/hdmi_rx_clk_p
    G24                  IBUFDS (Prop_ibufds_I_O)     0.914     1.914 f  hdmi_rx_0/hdmi_rx_clk_buf/O
                         net (fo=1, routed)           1.149     3.063    hdmi_rx_0/mmcm_clkin
    MMCME2_ADV_X0Y1      MMCME2_ADV (Prop_mmcme2_adv_CLKIN1_CLKOUT1)
                                                      0.083     3.146 f  hdmi_rx_0/mmcm_adv_inst/CLKOUT1
                         net (fo=1, routed)           1.494     4.640    hdmi_rx_0/mmcm_clkout1
    BUFGCTRL_X0Y2        BUFG (Prop_bufg_I_O)         0.113     4.753 f  hdmi_rx_0/BUF_fastclk/O
                         net (fo=18, routed)          1.416     6.169    hdmi_rx_0/tmds_receiver/decoder_b/iserdes/CLKB0
    ILOGIC_X0Y66         ISERDESE2                                    r  hdmi_rx_0/tmds_receiver/decoder_b/iserdes/master_iserdes/CLKB  (IS_INVERTED)

Slack:                    inf
  Source:                 hdmi_rx_d2_p
                            (input port)
  Destination:            hdmi_rx_0/tmds_receiver/decoder_r/iserdes/master_iserdes/DDLY
                            (falling edge-triggered cell ISERDESE2 clocked by mmcm_clkout1  {rise@0.000ns fall@1.000ns period=2.000ns})
  Path Group:             (none)
  Path Type:              Setup (Max at Slow Process Corner)
  Data Path Delay:        1.739ns  (logic 1.739ns (100.000%)  route 0.000ns (0.000%))
  Logic Levels:           2  (IBUFDS=1 IDELAYE2=1)
  Clock Path Skew:        5.164ns (DCD - SCD + CPR)
    Destination Clock Delay (DCD):    5.164ns = ( 6.164 - 1.000 ) 
    Source Clock Delay      (SCD):    0.000ns
    Clock Pessimism Removal (CPR):    0.000ns
  Clock Uncertainty:      0.152ns  ((TSJ^2 + DJ^2)^1/2) / 2 + PE
    Total System Jitter     (TSJ):    0.050ns
    Discrete Jitter          (DJ):    0.095ns
    Phase Error              (PE):    0.099ns

    Location             Delay type                Incr(ns)  Path(ns)    Netlist Resource(s)
  -------------------------------------------------------------------    -------------------
    E25                                               0.000     0.000 r  hdmi_rx_d2_p (IN)
                         net (fo=0)                   0.000     0.000    hdmi_rx_0/tmds_receiver/decoder_r/iserdes/hdmi_rx_d2_p
    E25                  IBUFDS (Prop_ibufds_I_O)     1.024     1.024 r  hdmi_rx_0/tmds_receiver/decoder_r/iserdes/input_buffer/O
                         net (fo=1, routed)           0.000     1.024    hdmi_rx_0/tmds_receiver/decoder_r/iserdes/ibufds_dout
    IDELAY_X0Y70         IDELAYE2 (Prop_idelaye2_IDATAIN_DATAOUT)
                                                      0.715     1.739 r  hdmi_rx_0/tmds_receiver/decoder_r/iserdes/input_delay/DATAOUT
                         net (fo=1, routed)           0.000     1.739    hdmi_rx_0/tmds_receiver/decoder_r/iserdes/idelay_dout
    ILOGIC_X0Y70         ISERDESE2                                    r  hdmi_rx_0/tmds_receiver/decoder_r/iserdes/master_iserdes/DDLY
  -------------------------------------------------------------------    -------------------

                         (clock mmcm_clkout1 fall edge)
                                                      1.000     1.000 f  
    G24                                               0.000     1.000 f  hdmi_rx_clk_p (IN)
                         net (fo=0)                   0.000     1.000    hdmi_rx_0/hdmi_rx_clk_p
    G24                  IBUFDS (Prop_ibufds_I_O)     0.914     1.914 f  hdmi_rx_0/hdmi_rx_clk_buf/O
                         net (fo=1, routed)           1.149     3.063    hdmi_rx_0/mmcm_clkin
    MMCME2_ADV_X0Y1      MMCME2_ADV (Prop_mmcme2_adv_CLKIN1_CLKOUT1)
                                                      0.083     3.146 f  hdmi_rx_0/mmcm_adv_inst/CLKOUT1
                         net (fo=1, routed)           1.494     4.640    hdmi_rx_0/mmcm_clkout1
    BUFGCTRL_X0Y2        BUFG (Prop_bufg_I_O)         0.113     4.753 f  hdmi_rx_0/BUF_fastclk/O
                         net (fo=18, routed)          1.411     6.164    hdmi_rx_0/tmds_receiver/decoder_r/iserdes/CLKB0
    ILOGIC_X0Y70         ISERDESE2                                    r  hdmi_rx_0/tmds_receiver/decoder_r/iserdes/master_iserdes/CLKB  (IS_INVERTED)





Min Delay Paths
--------------------------------------------------------------------------------------
Slack:                    inf
  Source:                 hdmi_rx_d2_p
                            (input port)
  Destination:            hdmi_rx_0/tmds_receiver/decoder_r/iserdes/master_iserdes/DDLY
                            (falling edge-triggered cell ISERDESE2 clocked by mmcm_clkout1  {rise@0.000ns fall@1.000ns period=2.000ns})
  Path Group:             (none)
  Path Type:              Hold (Min at Fast Process Corner)
  Data Path Delay:        0.824ns  (logic 0.824ns (100.000%)  route 0.000ns (0.000%))
  Logic Levels:           2  (IBUFDS=1 IDELAYE2=1)
  Clock Path Skew:        2.655ns (DCD - SCD - CPR)
    Destination Clock Delay (DCD):    2.655ns = ( 3.655 - 1.000 ) 
    Source Clock Delay      (SCD):    0.000ns
    Clock Pessimism Removal (CPR):    -0.000ns

    Location             Delay type                Incr(ns)  Path(ns)    Netlist Resource(s)
  -------------------------------------------------------------------    -------------------
    E25                                               0.000     0.000 r  hdmi_rx_d2_p (IN)
                         net (fo=0)                   0.000     0.000    hdmi_rx_0/tmds_receiver/decoder_r/iserdes/hdmi_rx_d2_p
    E25                  IBUFDS (Prop_ibufds_I_O)     0.560     0.560 r  hdmi_rx_0/tmds_receiver/decoder_r/iserdes/input_buffer/O
                         net (fo=1, routed)           0.000     0.560    hdmi_rx_0/tmds_receiver/decoder_r/iserdes/ibufds_dout
    IDELAY_X0Y70         IDELAYE2 (Prop_idelaye2_IDATAIN_DATAOUT)
                                                      0.264     0.824 r  hdmi_rx_0/tmds_receiver/decoder_r/iserdes/input_delay/DATAOUT
                         net (fo=1, routed)           0.000     0.824    hdmi_rx_0/tmds_receiver/decoder_r/iserdes/idelay_dout
    ILOGIC_X0Y70         ISERDESE2                                    r  hdmi_rx_0/tmds_receiver/decoder_r/iserdes/master_iserdes/DDLY
  -------------------------------------------------------------------    -------------------

                         (clock mmcm_clkout1 fall edge)
                                                      1.000     1.000 f  
    G24                                               0.000     1.000 f  hdmi_rx_clk_p (IN)
                         net (fo=0)                   0.000     1.000    hdmi_rx_0/hdmi_rx_clk_p
    G24                  IBUFDS (Prop_ibufds_I_O)     0.623     1.623 f  hdmi_rx_0/hdmi_rx_clk_buf/O
                         net (fo=1, routed)           0.553     2.176    hdmi_rx_0/mmcm_clkin
    MMCME2_ADV_X0Y1      MMCME2_ADV (Prop_mmcme2_adv_CLKIN1_CLKOUT1)
                                                      0.053     2.229 f  hdmi_rx_0/mmcm_adv_inst/CLKOUT1
                         net (fo=1, routed)           0.592     2.821    hdmi_rx_0/mmcm_clkout1
    BUFGCTRL_X0Y2        BUFG (Prop_bufg_I_O)         0.030     2.851 f  hdmi_rx_0/BUF_fastclk/O
                         net (fo=18, routed)          0.804     3.655    hdmi_rx_0/tmds_receiver/decoder_r/iserdes/CLKB0
    ILOGIC_X0Y70         ISERDESE2                                    r  hdmi_rx_0/tmds_receiver/decoder_r/iserdes/master_iserdes/CLKB  (IS_INVERTED)

Slack:                    inf
  Source:                 hdmi_rx_d0_p
                            (input port)
  Destination:            hdmi_rx_0/tmds_receiver/decoder_b/iserdes/master_iserdes/DDLY
                            (falling edge-triggered cell ISERDESE2 clocked by mmcm_clkout1  {rise@0.000ns fall@1.000ns period=2.000ns})
  Path Group:             (none)
  Path Type:              Hold (Min at Fast Process Corner)
  Data Path Delay:        0.826ns  (logic 0.826ns (100.000%)  route 0.000ns (0.000%))
  Logic Levels:           2  (IBUFDS=1 IDELAYE2=1)
  Clock Path Skew:        2.659ns (DCD - SCD - CPR)
    Destination Clock Delay (DCD):    2.659ns = ( 3.659 - 1.000 ) 
    Source Clock Delay      (SCD):    0.000ns
    Clock Pessimism Removal (CPR):    -0.000ns

    Location             Delay type                Incr(ns)  Path(ns)    Netlist Resource(s)
  -------------------------------------------------------------------    -------------------
    F25                                               0.000     0.000 r  hdmi_rx_d0_p (IN)
                         net (fo=0)                   0.000     0.000    hdmi_rx_0/tmds_receiver/decoder_b/iserdes/hdmi_rx_d0_p
    F25                  IBUFDS (Prop_ibufds_I_O)     0.562     0.562 r  hdmi_rx_0/tmds_receiver/decoder_b/iserdes/input_buffer/O
                         net (fo=1, routed)           0.000     0.562    hdmi_rx_0/tmds_receiver/decoder_b/iserdes/ibufds_dout
    IDELAY_X0Y66         IDELAYE2 (Prop_idelaye2_IDATAIN_DATAOUT)
                                                      0.264     0.826 r  hdmi_rx_0/tmds_receiver/decoder_b/iserdes/input_delay/DATAOUT
                         net (fo=1, routed)           0.000     0.826    hdmi_rx_0/tmds_receiver/decoder_b/iserdes/idelay_dout
    ILOGIC_X0Y66         ISERDESE2                                    r  hdmi_rx_0/tmds_receiver/decoder_b/iserdes/master_iserdes/DDLY
  -------------------------------------------------------------------    -------------------

                         (clock mmcm_clkout1 fall edge)
                                                      1.000     1.000 f  
    G24                                               0.000     1.000 f  hdmi_rx_clk_p (IN)
                         net (fo=0)                   0.000     1.000    hdmi_rx_0/hdmi_rx_clk_p
    G24                  IBUFDS (Prop_ibufds_I_O)     0.623     1.623 f  hdmi_rx_0/hdmi_rx_clk_buf/O
                         net (fo=1, routed)           0.553     2.176    hdmi_rx_0/mmcm_clkin
    MMCME2_ADV_X0Y1      MMCME2_ADV (Prop_mmcme2_adv_CLKIN1_CLKOUT1)
                                                      0.053     2.229 f  hdmi_rx_0/mmcm_adv_inst/CLKOUT1
                         net (fo=1, routed)           0.592     2.821    hdmi_rx_0/mmcm_clkout1
    BUFGCTRL_X0Y2        BUFG (Prop_bufg_I_O)         0.030     2.851 f  hdmi_rx_0/BUF_fastclk/O
                         net (fo=18, routed)          0.808     3.659    hdmi_rx_0/tmds_receiver/decoder_b/iserdes/CLKB0
    ILOGIC_X0Y66         ISERDESE2                                    r  hdmi_rx_0/tmds_receiver/decoder_b/iserdes/master_iserdes/CLKB  (IS_INVERTED)

Slack:                    inf
  Source:                 hdmi_rx_d1_p
                            (input port)
  Destination:            hdmi_rx_0/tmds_receiver/decoder_g/iserdes/master_iserdes/DDLY
                            (falling edge-triggered cell ISERDESE2 clocked by mmcm_clkout1  {rise@0.000ns fall@1.000ns period=2.000ns})
  Path Group:             (none)
  Path Type:              Hold (Min at Fast Process Corner)
  Data Path Delay:        0.831ns  (logic 0.831ns (100.000%)  route 0.000ns (0.000%))
  Logic Levels:           2  (IBUFDS=1 IDELAYE2=1)
  Clock Path Skew:        2.662ns (DCD - SCD - CPR)
    Destination Clock Delay (DCD):    2.662ns = ( 3.662 - 1.000 ) 
    Source Clock Delay      (SCD):    0.000ns
    Clock Pessimism Removal (CPR):    -0.000ns

    Location             Delay type                Incr(ns)  Path(ns)    Netlist Resource(s)
  -------------------------------------------------------------------    -------------------
    D26                                               0.000     0.000 r  hdmi_rx_d1_p (IN)
                         net (fo=0)                   0.000     0.000    hdmi_rx_0/tmds_receiver/decoder_g/iserdes/hdmi_rx_d1_p
    D26                  IBUFDS (Prop_ibufds_I_O)     0.567     0.567 r  hdmi_rx_0/tmds_receiver/decoder_g/iserdes/input_buffer/O
                         net (fo=1, routed)           0.000     0.567    hdmi_rx_0/tmds_receiver/decoder_g/iserdes/ibufds_dout
    IDELAY_X0Y90         IDELAYE2 (Prop_idelaye2_IDATAIN_DATAOUT)
                                                      0.264     0.831 r  hdmi_rx_0/tmds_receiver/decoder_g/iserdes/input_delay/DATAOUT
                         net (fo=1, routed)           0.000     0.831    hdmi_rx_0/tmds_receiver/decoder_g/iserdes/idelay_dout
    ILOGIC_X0Y90         ISERDESE2                                    r  hdmi_rx_0/tmds_receiver/decoder_g/iserdes/master_iserdes/DDLY
  -------------------------------------------------------------------    -------------------

                         (clock mmcm_clkout1 fall edge)
                                                      1.000     1.000 f  
    G24                                               0.000     1.000 f  hdmi_rx_clk_p (IN)
                         net (fo=0)                   0.000     1.000    hdmi_rx_0/hdmi_rx_clk_p
    G24                  IBUFDS (Prop_ibufds_I_O)     0.623     1.623 f  hdmi_rx_0/hdmi_rx_clk_buf/O
                         net (fo=1, routed)           0.553     2.176    hdmi_rx_0/mmcm_clkin
    MMCME2_ADV_X0Y1      MMCME2_ADV (Prop_mmcme2_adv_CLKIN1_CLKOUT1)
                                                      0.053     2.229 f  hdmi_rx_0/mmcm_adv_inst/CLKOUT1
                         net (fo=1, routed)           0.592     2.821    hdmi_rx_0/mmcm_clkout1
    BUFGCTRL_X0Y2        BUFG (Prop_bufg_I_O)         0.030     2.851 f  hdmi_rx_0/BUF_fastclk/O
                         net (fo=18, routed)          0.811     3.662    hdmi_rx_0/tmds_receiver/decoder_g/iserdes/CLKB0
    ILOGIC_X0Y90         ISERDESE2                                    r  hdmi_rx_0/tmds_receiver/decoder_g/iserdes/master_iserdes/CLKB  (IS_INVERTED)





--------------------------------------------------------------------------------------
Path Group:  (none)
From Clock:  
  To Clock:  mmcm_clkout2

Max Delay           413 Endpoints
Min Delay           413 Endpoints
--------------------------------------------------------------------------------------


Max Delay Paths
--------------------------------------------------------------------------------------
Slack:                    inf
  Source:                 clk_generator1/LOCKED
                            (internal pin)
  Destination:            line_buffer_0/line_3_pixel_delayed1_reg[4]/R
                            (rising edge-triggered cell FDRE clocked by mmcm_clkout2  {rise@0.000ns fall@5.000ns period=10.000ns})
  Path Group:             (none)
  Path Type:              Setup (Max at Slow Process Corner)
  Data Path Delay:        4.638ns  (logic 0.053ns (1.143%)  route 4.585ns (98.857%))
  Logic Levels:           1  (LUT1=1)
  Clock Uncertainty:      0.168ns  ((TSJ^2 + DJ^2)^1/2) / 2 + PE
    Total System Jitter     (TSJ):    0.050ns
    Discrete Jitter          (DJ):    0.129ns
    Phase Error              (PE):    0.099ns

    Location             Delay type                Incr(ns)  Path(ns)    Netlist Resource(s)
  -------------------------------------------------------------------    -------------------
    PLLE2_ADV_X0Y1       PLLE2_ADV                    0.000     0.000 f  clk_generator1/LOCKED
                         net (fo=10, routed)          1.397     1.397    line_buffer_0/led_r_OBUF[0]
    SLICE_X8Y79          LUT1 (Prop_lut1_I0_O)        0.053     1.450 r  line_buffer_0/hdmi_rx_0_i_1/O
                         net (fo=197, routed)         3.188     4.638    line_buffer_0/rst
    SLICE_X22Y50         FDRE                                         r  line_buffer_0/line_3_pixel_delayed1_reg[4]/R
  -------------------------------------------------------------------    -------------------

                         (clock mmcm_clkout2 rise edge)
                                                      0.000     0.000 r  
    G24                                               0.000     0.000 r  hdmi_rx_clk_p (IN)
                         net (fo=0)                   0.000     0.000    hdmi_rx_0/hdmi_rx_clk_p
    G24                  IBUFDS (Prop_ibufds_I_O)     0.914     0.914 r  hdmi_rx_0/hdmi_rx_clk_buf/O
                         net (fo=1, routed)           1.149     2.063    hdmi_rx_0/mmcm_clkin
    MMCME2_ADV_X0Y1      MMCME2_ADV (Prop_mmcme2_adv_CLKIN1_CLKOUT2)
                                                      0.083     2.146 r  hdmi_rx_0/mmcm_adv_inst/CLKOUT2
                         net (fo=1, routed)           1.494     3.640    hdmi_rx_0/mmcm_clkout2
    BUFGCTRL_X0Y0        BUFG (Prop_bufg_I_O)         0.113     3.753 r  hdmi_rx_0/BUF_slowclk/O
                         net (fo=903, routed)         1.287     5.040    line_buffer_0/rx_clk
    SLICE_X22Y50         FDRE                                         r  line_buffer_0/line_3_pixel_delayed1_reg[4]/C

Slack:                    inf
  Source:                 clk_generator1/LOCKED
                            (internal pin)
  Destination:            line_buffer_0/line_3_pixel_delayed1_reg[5]/R
                            (rising edge-triggered cell FDRE clocked by mmcm_clkout2  {rise@0.000ns fall@5.000ns period=10.000ns})
  Path Group:             (none)
  Path Type:              Setup (Max at Slow Process Corner)
  Data Path Delay:        4.638ns  (logic 0.053ns (1.143%)  route 4.585ns (98.857%))
  Logic Levels:           1  (LUT1=1)
  Clock Uncertainty:      0.168ns  ((TSJ^2 + DJ^2)^1/2) / 2 + PE
    Total System Jitter     (TSJ):    0.050ns
    Discrete Jitter          (DJ):    0.129ns
    Phase Error              (PE):    0.099ns

    Location             Delay type                Incr(ns)  Path(ns)    Netlist Resource(s)
  -------------------------------------------------------------------    -------------------
    PLLE2_ADV_X0Y1       PLLE2_ADV                    0.000     0.000 f  clk_generator1/LOCKED
                         net (fo=10, routed)          1.397     1.397    line_buffer_0/led_r_OBUF[0]
    SLICE_X8Y79          LUT1 (Prop_lut1_I0_O)        0.053     1.450 r  line_buffer_0/hdmi_rx_0_i_1/O
                         net (fo=197, routed)         3.188     4.638    line_buffer_0/rst
    SLICE_X22Y50         FDRE                                         r  line_buffer_0/line_3_pixel_delayed1_reg[5]/R
  -------------------------------------------------------------------    -------------------

                         (clock mmcm_clkout2 rise edge)
                                                      0.000     0.000 r  
    G24                                               0.000     0.000 r  hdmi_rx_clk_p (IN)
                         net (fo=0)                   0.000     0.000    hdmi_rx_0/hdmi_rx_clk_p
    G24                  IBUFDS (Prop_ibufds_I_O)     0.914     0.914 r  hdmi_rx_0/hdmi_rx_clk_buf/O
                         net (fo=1, routed)           1.149     2.063    hdmi_rx_0/mmcm_clkin
    MMCME2_ADV_X0Y1      MMCME2_ADV (Prop_mmcme2_adv_CLKIN1_CLKOUT2)
                                                      0.083     2.146 r  hdmi_rx_0/mmcm_adv_inst/CLKOUT2
                         net (fo=1, routed)           1.494     3.640    hdmi_rx_0/mmcm_clkout2
    BUFGCTRL_X0Y0        BUFG (Prop_bufg_I_O)         0.113     3.753 r  hdmi_rx_0/BUF_slowclk/O
                         net (fo=903, routed)         1.287     5.040    line_buffer_0/rx_clk
    SLICE_X22Y50         FDRE                                         r  line_buffer_0/line_3_pixel_delayed1_reg[5]/C

Slack:                    inf
  Source:                 clk_generator1/LOCKED
                            (internal pin)
  Destination:            line_buffer_0/line_3_pixel_delayed1_reg[6]/R
                            (rising edge-triggered cell FDRE clocked by mmcm_clkout2  {rise@0.000ns fall@5.000ns period=10.000ns})
  Path Group:             (none)
  Path Type:              Setup (Max at Slow Process Corner)
  Data Path Delay:        4.638ns  (logic 0.053ns (1.143%)  route 4.585ns (98.857%))
  Logic Levels:           1  (LUT1=1)
  Clock Uncertainty:      0.168ns  ((TSJ^2 + DJ^2)^1/2) / 2 + PE
    Total System Jitter     (TSJ):    0.050ns
    Discrete Jitter          (DJ):    0.129ns
    Phase Error              (PE):    0.099ns

    Location             Delay type                Incr(ns)  Path(ns)    Netlist Resource(s)
  -------------------------------------------------------------------    -------------------
    PLLE2_ADV_X0Y1       PLLE2_ADV                    0.000     0.000 f  clk_generator1/LOCKED
                         net (fo=10, routed)          1.397     1.397    line_buffer_0/led_r_OBUF[0]
    SLICE_X8Y79          LUT1 (Prop_lut1_I0_O)        0.053     1.450 r  line_buffer_0/hdmi_rx_0_i_1/O
                         net (fo=197, routed)         3.188     4.638    line_buffer_0/rst
    SLICE_X22Y50         FDRE                                         r  line_buffer_0/line_3_pixel_delayed1_reg[6]/R
  -------------------------------------------------------------------    -------------------

                         (clock mmcm_clkout2 rise edge)
                                                      0.000     0.000 r  
    G24                                               0.000     0.000 r  hdmi_rx_clk_p (IN)
                         net (fo=0)                   0.000     0.000    hdmi_rx_0/hdmi_rx_clk_p
    G24                  IBUFDS (Prop_ibufds_I_O)     0.914     0.914 r  hdmi_rx_0/hdmi_rx_clk_buf/O
                         net (fo=1, routed)           1.149     2.063    hdmi_rx_0/mmcm_clkin
    MMCME2_ADV_X0Y1      MMCME2_ADV (Prop_mmcme2_adv_CLKIN1_CLKOUT2)
                                                      0.083     2.146 r  hdmi_rx_0/mmcm_adv_inst/CLKOUT2
                         net (fo=1, routed)           1.494     3.640    hdmi_rx_0/mmcm_clkout2
    BUFGCTRL_X0Y0        BUFG (Prop_bufg_I_O)         0.113     3.753 r  hdmi_rx_0/BUF_slowclk/O
                         net (fo=903, routed)         1.287     5.040    line_buffer_0/rx_clk
    SLICE_X22Y50         FDRE                                         r  line_buffer_0/line_3_pixel_delayed1_reg[6]/C

Slack:                    inf
  Source:                 clk_generator1/LOCKED
                            (internal pin)
  Destination:            line_buffer_0/line_3_pixel_delayed1_reg[7]/R
                            (rising edge-triggered cell FDRE clocked by mmcm_clkout2  {rise@0.000ns fall@5.000ns period=10.000ns})
  Path Group:             (none)
  Path Type:              Setup (Max at Slow Process Corner)
  Data Path Delay:        4.638ns  (logic 0.053ns (1.143%)  route 4.585ns (98.857%))
  Logic Levels:           1  (LUT1=1)
  Clock Uncertainty:      0.168ns  ((TSJ^2 + DJ^2)^1/2) / 2 + PE
    Total System Jitter     (TSJ):    0.050ns
    Discrete Jitter          (DJ):    0.129ns
    Phase Error              (PE):    0.099ns

    Location             Delay type                Incr(ns)  Path(ns)    Netlist Resource(s)
  -------------------------------------------------------------------    -------------------
    PLLE2_ADV_X0Y1       PLLE2_ADV                    0.000     0.000 f  clk_generator1/LOCKED
                         net (fo=10, routed)          1.397     1.397    line_buffer_0/led_r_OBUF[0]
    SLICE_X8Y79          LUT1 (Prop_lut1_I0_O)        0.053     1.450 r  line_buffer_0/hdmi_rx_0_i_1/O
                         net (fo=197, routed)         3.188     4.638    line_buffer_0/rst
    SLICE_X22Y50         FDRE                                         r  line_buffer_0/line_3_pixel_delayed1_reg[7]/R
  -------------------------------------------------------------------    -------------------

                         (clock mmcm_clkout2 rise edge)
                                                      0.000     0.000 r  
    G24                                               0.000     0.000 r  hdmi_rx_clk_p (IN)
                         net (fo=0)                   0.000     0.000    hdmi_rx_0/hdmi_rx_clk_p
    G24                  IBUFDS (Prop_ibufds_I_O)     0.914     0.914 r  hdmi_rx_0/hdmi_rx_clk_buf/O
                         net (fo=1, routed)           1.149     2.063    hdmi_rx_0/mmcm_clkin
    MMCME2_ADV_X0Y1      MMCME2_ADV (Prop_mmcme2_adv_CLKIN1_CLKOUT2)
                                                      0.083     2.146 r  hdmi_rx_0/mmcm_adv_inst/CLKOUT2
                         net (fo=1, routed)           1.494     3.640    hdmi_rx_0/mmcm_clkout2
    BUFGCTRL_X0Y0        BUFG (Prop_bufg_I_O)         0.113     3.753 r  hdmi_rx_0/BUF_slowclk/O
                         net (fo=903, routed)         1.287     5.040    line_buffer_0/rx_clk
    SLICE_X22Y50         FDRE                                         r  line_buffer_0/line_3_pixel_delayed1_reg[7]/C

Slack:                    inf
  Source:                 clk_generator1/LOCKED
                            (internal pin)
  Destination:            line_buffer_0/line_3_pixel_delayed1_reg[1]/R
                            (rising edge-triggered cell FDRE clocked by mmcm_clkout2  {rise@0.000ns fall@5.000ns period=10.000ns})
  Path Group:             (none)
  Path Type:              Setup (Max at Slow Process Corner)
  Data Path Delay:        4.422ns  (logic 0.053ns (1.199%)  route 4.369ns (98.801%))
  Logic Levels:           1  (LUT1=1)
  Clock Uncertainty:      0.168ns  ((TSJ^2 + DJ^2)^1/2) / 2 + PE
    Total System Jitter     (TSJ):    0.050ns
    Discrete Jitter          (DJ):    0.129ns
    Phase Error              (PE):    0.099ns

    Location             Delay type                Incr(ns)  Path(ns)    Netlist Resource(s)
  -------------------------------------------------------------------    -------------------
    PLLE2_ADV_X0Y1       PLLE2_ADV                    0.000     0.000 f  clk_generator1/LOCKED
                         net (fo=10, routed)          1.397     1.397    line_buffer_0/led_r_OBUF[0]
    SLICE_X8Y79          LUT1 (Prop_lut1_I0_O)        0.053     1.450 r  line_buffer_0/hdmi_rx_0_i_1/O
                         net (fo=197, routed)         2.971     4.422    line_buffer_0/rst
    SLICE_X22Y49         FDRE                                         r  line_buffer_0/line_3_pixel_delayed1_reg[1]/R
  -------------------------------------------------------------------    -------------------

                         (clock mmcm_clkout2 rise edge)
                                                      0.000     0.000 r  
    G24                                               0.000     0.000 r  hdmi_rx_clk_p (IN)
                         net (fo=0)                   0.000     0.000    hdmi_rx_0/hdmi_rx_clk_p
    G24                  IBUFDS (Prop_ibufds_I_O)     0.914     0.914 r  hdmi_rx_0/hdmi_rx_clk_buf/O
                         net (fo=1, routed)           1.149     2.063    hdmi_rx_0/mmcm_clkin
    MMCME2_ADV_X0Y1      MMCME2_ADV (Prop_mmcme2_adv_CLKIN1_CLKOUT2)
                                                      0.083     2.146 r  hdmi_rx_0/mmcm_adv_inst/CLKOUT2
                         net (fo=1, routed)           1.494     3.640    hdmi_rx_0/mmcm_clkout2
    BUFGCTRL_X0Y0        BUFG (Prop_bufg_I_O)         0.113     3.753 r  hdmi_rx_0/BUF_slowclk/O
                         net (fo=903, routed)         1.481     5.234    line_buffer_0/rx_clk
    SLICE_X22Y49         FDRE                                         r  line_buffer_0/line_3_pixel_delayed1_reg[1]/C

Slack:                    inf
  Source:                 clk_generator1/LOCKED
                            (internal pin)
  Destination:            line_buffer_0/line_3_pixel_delayed1_reg[2]/R
                            (rising edge-triggered cell FDRE clocked by mmcm_clkout2  {rise@0.000ns fall@5.000ns period=10.000ns})
  Path Group:             (none)
  Path Type:              Setup (Max at Slow Process Corner)
  Data Path Delay:        4.422ns  (logic 0.053ns (1.199%)  route 4.369ns (98.801%))
  Logic Levels:           1  (LUT1=1)
  Clock Uncertainty:      0.168ns  ((TSJ^2 + DJ^2)^1/2) / 2 + PE
    Total System Jitter     (TSJ):    0.050ns
    Discrete Jitter          (DJ):    0.129ns
    Phase Error              (PE):    0.099ns

    Location             Delay type                Incr(ns)  Path(ns)    Netlist Resource(s)
  -------------------------------------------------------------------    -------------------
    PLLE2_ADV_X0Y1       PLLE2_ADV                    0.000     0.000 f  clk_generator1/LOCKED
                         net (fo=10, routed)          1.397     1.397    line_buffer_0/led_r_OBUF[0]
    SLICE_X8Y79          LUT1 (Prop_lut1_I0_O)        0.053     1.450 r  line_buffer_0/hdmi_rx_0_i_1/O
                         net (fo=197, routed)         2.971     4.422    line_buffer_0/rst
    SLICE_X22Y49         FDRE                                         r  line_buffer_0/line_3_pixel_delayed1_reg[2]/R
  -------------------------------------------------------------------    -------------------

                         (clock mmcm_clkout2 rise edge)
                                                      0.000     0.000 r  
    G24                                               0.000     0.000 r  hdmi_rx_clk_p (IN)
                         net (fo=0)                   0.000     0.000    hdmi_rx_0/hdmi_rx_clk_p
    G24                  IBUFDS (Prop_ibufds_I_O)     0.914     0.914 r  hdmi_rx_0/hdmi_rx_clk_buf/O
                         net (fo=1, routed)           1.149     2.063    hdmi_rx_0/mmcm_clkin
    MMCME2_ADV_X0Y1      MMCME2_ADV (Prop_mmcme2_adv_CLKIN1_CLKOUT2)
                                                      0.083     2.146 r  hdmi_rx_0/mmcm_adv_inst/CLKOUT2
                         net (fo=1, routed)           1.494     3.640    hdmi_rx_0/mmcm_clkout2
    BUFGCTRL_X0Y0        BUFG (Prop_bufg_I_O)         0.113     3.753 r  hdmi_rx_0/BUF_slowclk/O
                         net (fo=903, routed)         1.481     5.234    line_buffer_0/rx_clk
    SLICE_X22Y49         FDRE                                         r  line_buffer_0/line_3_pixel_delayed1_reg[2]/C

Slack:                    inf
  Source:                 clk_generator1/LOCKED
                            (internal pin)
  Destination:            line_buffer_0/line_3_pixel_delayed1_reg[3]/R
                            (rising edge-triggered cell FDRE clocked by mmcm_clkout2  {rise@0.000ns fall@5.000ns period=10.000ns})
  Path Group:             (none)
  Path Type:              Setup (Max at Slow Process Corner)
  Data Path Delay:        4.422ns  (logic 0.053ns (1.199%)  route 4.369ns (98.801%))
  Logic Levels:           1  (LUT1=1)
  Clock Uncertainty:      0.168ns  ((TSJ^2 + DJ^2)^1/2) / 2 + PE
    Total System Jitter     (TSJ):    0.050ns
    Discrete Jitter          (DJ):    0.129ns
    Phase Error              (PE):    0.099ns

    Location             Delay type                Incr(ns)  Path(ns)    Netlist Resource(s)
  -------------------------------------------------------------------    -------------------
    PLLE2_ADV_X0Y1       PLLE2_ADV                    0.000     0.000 f  clk_generator1/LOCKED
                         net (fo=10, routed)          1.397     1.397    line_buffer_0/led_r_OBUF[0]
    SLICE_X8Y79          LUT1 (Prop_lut1_I0_O)        0.053     1.450 r  line_buffer_0/hdmi_rx_0_i_1/O
                         net (fo=197, routed)         2.971     4.422    line_buffer_0/rst
    SLICE_X22Y49         FDRE                                         r  line_buffer_0/line_3_pixel_delayed1_reg[3]/R
  -------------------------------------------------------------------    -------------------

                         (clock mmcm_clkout2 rise edge)
                                                      0.000     0.000 r  
    G24                                               0.000     0.000 r  hdmi_rx_clk_p (IN)
                         net (fo=0)                   0.000     0.000    hdmi_rx_0/hdmi_rx_clk_p
    G24                  IBUFDS (Prop_ibufds_I_O)     0.914     0.914 r  hdmi_rx_0/hdmi_rx_clk_buf/O
                         net (fo=1, routed)           1.149     2.063    hdmi_rx_0/mmcm_clkin
    MMCME2_ADV_X0Y1      MMCME2_ADV (Prop_mmcme2_adv_CLKIN1_CLKOUT2)
                                                      0.083     2.146 r  hdmi_rx_0/mmcm_adv_inst/CLKOUT2
                         net (fo=1, routed)           1.494     3.640    hdmi_rx_0/mmcm_clkout2
    BUFGCTRL_X0Y0        BUFG (Prop_bufg_I_O)         0.113     3.753 r  hdmi_rx_0/BUF_slowclk/O
                         net (fo=903, routed)         1.481     5.234    line_buffer_0/rx_clk
    SLICE_X22Y49         FDRE                                         r  line_buffer_0/line_3_pixel_delayed1_reg[3]/C

Slack:                    inf
  Source:                 clk_generator1/LOCKED
                            (internal pin)
  Destination:            line_buffer_0/addr_delayed3_reg[2]/R
                            (rising edge-triggered cell FDRE clocked by mmcm_clkout2  {rise@0.000ns fall@5.000ns period=10.000ns})
  Path Group:             (none)
  Path Type:              Setup (Max at Slow Process Corner)
  Data Path Delay:        4.230ns  (logic 0.053ns (1.253%)  route 4.177ns (98.747%))
  Logic Levels:           1  (LUT1=1)
  Clock Uncertainty:      0.168ns  ((TSJ^2 + DJ^2)^1/2) / 2 + PE
    Total System Jitter     (TSJ):    0.050ns
    Discrete Jitter          (DJ):    0.129ns
    Phase Error              (PE):    0.099ns

    Location             Delay type                Incr(ns)  Path(ns)    Netlist Resource(s)
  -------------------------------------------------------------------    -------------------
    PLLE2_ADV_X0Y1       PLLE2_ADV                    0.000     0.000 f  clk_generator1/LOCKED
                         net (fo=10, routed)          1.397     1.397    line_buffer_0/led_r_OBUF[0]
    SLICE_X8Y79          LUT1 (Prop_lut1_I0_O)        0.053     1.450 r  line_buffer_0/hdmi_rx_0_i_1/O
                         net (fo=197, routed)         2.780     4.230    line_buffer_0/rst
    SLICE_X24Y45         FDRE                                         r  line_buffer_0/addr_delayed3_reg[2]/R
  -------------------------------------------------------------------    -------------------

                         (clock mmcm_clkout2 rise edge)
                                                      0.000     0.000 r  
    G24                                               0.000     0.000 r  hdmi_rx_clk_p (IN)
                         net (fo=0)                   0.000     0.000    hdmi_rx_0/hdmi_rx_clk_p
    G24                  IBUFDS (Prop_ibufds_I_O)     0.914     0.914 r  hdmi_rx_0/hdmi_rx_clk_buf/O
                         net (fo=1, routed)           1.149     2.063    hdmi_rx_0/mmcm_clkin
    MMCME2_ADV_X0Y1      MMCME2_ADV (Prop_mmcme2_adv_CLKIN1_CLKOUT2)
                                                      0.083     2.146 r  hdmi_rx_0/mmcm_adv_inst/CLKOUT2
                         net (fo=1, routed)           1.494     3.640    hdmi_rx_0/mmcm_clkout2
    BUFGCTRL_X0Y0        BUFG (Prop_bufg_I_O)         0.113     3.753 r  hdmi_rx_0/BUF_slowclk/O
                         net (fo=903, routed)         1.477     5.230    line_buffer_0/rx_clk
    SLICE_X24Y45         FDRE                                         r  line_buffer_0/addr_delayed3_reg[2]/C

Slack:                    inf
  Source:                 clk_generator1/LOCKED
                            (internal pin)
  Destination:            line_buffer_0/addr_delayed3_reg[3]/R
                            (rising edge-triggered cell FDRE clocked by mmcm_clkout2  {rise@0.000ns fall@5.000ns period=10.000ns})
  Path Group:             (none)
  Path Type:              Setup (Max at Slow Process Corner)
  Data Path Delay:        4.230ns  (logic 0.053ns (1.253%)  route 4.177ns (98.747%))
  Logic Levels:           1  (LUT1=1)
  Clock Uncertainty:      0.168ns  ((TSJ^2 + DJ^2)^1/2) / 2 + PE
    Total System Jitter     (TSJ):    0.050ns
    Discrete Jitter          (DJ):    0.129ns
    Phase Error              (PE):    0.099ns

    Location             Delay type                Incr(ns)  Path(ns)    Netlist Resource(s)
  -------------------------------------------------------------------    -------------------
    PLLE2_ADV_X0Y1       PLLE2_ADV                    0.000     0.000 f  clk_generator1/LOCKED
                         net (fo=10, routed)          1.397     1.397    line_buffer_0/led_r_OBUF[0]
    SLICE_X8Y79          LUT1 (Prop_lut1_I0_O)        0.053     1.450 r  line_buffer_0/hdmi_rx_0_i_1/O
                         net (fo=197, routed)         2.780     4.230    line_buffer_0/rst
    SLICE_X24Y45         FDRE                                         r  line_buffer_0/addr_delayed3_reg[3]/R
  -------------------------------------------------------------------    -------------------

                         (clock mmcm_clkout2 rise edge)
                                                      0.000     0.000 r  
    G24                                               0.000     0.000 r  hdmi_rx_clk_p (IN)
                         net (fo=0)                   0.000     0.000    hdmi_rx_0/hdmi_rx_clk_p
    G24                  IBUFDS (Prop_ibufds_I_O)     0.914     0.914 r  hdmi_rx_0/hdmi_rx_clk_buf/O
                         net (fo=1, routed)           1.149     2.063    hdmi_rx_0/mmcm_clkin
    MMCME2_ADV_X0Y1      MMCME2_ADV (Prop_mmcme2_adv_CLKIN1_CLKOUT2)
                                                      0.083     2.146 r  hdmi_rx_0/mmcm_adv_inst/CLKOUT2
                         net (fo=1, routed)           1.494     3.640    hdmi_rx_0/mmcm_clkout2
    BUFGCTRL_X0Y0        BUFG (Prop_bufg_I_O)         0.113     3.753 r  hdmi_rx_0/BUF_slowclk/O
                         net (fo=903, routed)         1.477     5.230    line_buffer_0/rx_clk
    SLICE_X24Y45         FDRE                                         r  line_buffer_0/addr_delayed3_reg[3]/C

Slack:                    inf
  Source:                 clk_generator1/LOCKED
                            (internal pin)
  Destination:            line_buffer_0/addr_delayed3_reg[5]/R
                            (rising edge-triggered cell FDRE clocked by mmcm_clkout2  {rise@0.000ns fall@5.000ns period=10.000ns})
  Path Group:             (none)
  Path Type:              Setup (Max at Slow Process Corner)
  Data Path Delay:        4.230ns  (logic 0.053ns (1.253%)  route 4.177ns (98.747%))
  Logic Levels:           1  (LUT1=1)
  Clock Uncertainty:      0.168ns  ((TSJ^2 + DJ^2)^1/2) / 2 + PE
    Total System Jitter     (TSJ):    0.050ns
    Discrete Jitter          (DJ):    0.129ns
    Phase Error              (PE):    0.099ns

    Location             Delay type                Incr(ns)  Path(ns)    Netlist Resource(s)
  -------------------------------------------------------------------    -------------------
    PLLE2_ADV_X0Y1       PLLE2_ADV                    0.000     0.000 f  clk_generator1/LOCKED
                         net (fo=10, routed)          1.397     1.397    line_buffer_0/led_r_OBUF[0]
    SLICE_X8Y79          LUT1 (Prop_lut1_I0_O)        0.053     1.450 r  line_buffer_0/hdmi_rx_0_i_1/O
                         net (fo=197, routed)         2.780     4.230    line_buffer_0/rst
    SLICE_X24Y45         FDRE                                         r  line_buffer_0/addr_delayed3_reg[5]/R
  -------------------------------------------------------------------    -------------------

                         (clock mmcm_clkout2 rise edge)
                                                      0.000     0.000 r  
    G24                                               0.000     0.000 r  hdmi_rx_clk_p (IN)
                         net (fo=0)                   0.000     0.000    hdmi_rx_0/hdmi_rx_clk_p
    G24                  IBUFDS (Prop_ibufds_I_O)     0.914     0.914 r  hdmi_rx_0/hdmi_rx_clk_buf/O
                         net (fo=1, routed)           1.149     2.063    hdmi_rx_0/mmcm_clkin
    MMCME2_ADV_X0Y1      MMCME2_ADV (Prop_mmcme2_adv_CLKIN1_CLKOUT2)
                                                      0.083     2.146 r  hdmi_rx_0/mmcm_adv_inst/CLKOUT2
                         net (fo=1, routed)           1.494     3.640    hdmi_rx_0/mmcm_clkout2
    BUFGCTRL_X0Y0        BUFG (Prop_bufg_I_O)         0.113     3.753 r  hdmi_rx_0/BUF_slowclk/O
                         net (fo=903, routed)         1.477     5.230    line_buffer_0/rx_clk
    SLICE_X24Y45         FDRE                                         r  line_buffer_0/addr_delayed3_reg[5]/C





Min Delay Paths
--------------------------------------------------------------------------------------
Slack:                    inf
  Source:                 fir_0/row_0/dsp_cell_0/p_reg_reg/BCOUT[0]
                            (internal pin)
  Destination:            fir_0/row_0/dsp_cell_1/p_reg_reg/BCIN[0]
                            (rising edge-triggered cell DSP48E1 clocked by mmcm_clkout2  {rise@0.000ns fall@5.000ns period=10.000ns})
  Path Group:             (none)
  Path Type:              Hold (Min at Slow Process Corner)
  Data Path Delay:        0.000ns  (logic 0.000ns (0.000%)  route 0.000ns (0.000%))
  Logic Levels:           0  
  Clock Uncertainty:      0.168ns  ((TSJ^2 + DJ^2)^1/2) / 2 + PE
    Total System Jitter     (TSJ):    0.050ns
    Discrete Jitter          (DJ):    0.129ns
    Phase Error              (PE):    0.099ns

    Location             Delay type                Incr(ns)  Path(ns)    Netlist Resource(s)
  -------------------------------------------------------------------    -------------------
    DSP48_X1Y25          DSP48E1                      0.000     0.000 r  fir_0/row_0/dsp_cell_0/p_reg_reg/BCOUT[0]
                         net (fo=1, routed)           0.000     0.000    fir_0/row_0/dsp_cell_1/p_reg_reg_0[0]
    DSP48_X1Y26          DSP48E1                                      r  fir_0/row_0/dsp_cell_1/p_reg_reg/BCIN[0]
  -------------------------------------------------------------------    -------------------

                         (clock mmcm_clkout2 rise edge)
                                                      0.000     0.000 r  
    G24                                               0.000     0.000 r  hdmi_rx_clk_p (IN)
                         net (fo=0)                   0.000     0.000    hdmi_rx_0/hdmi_rx_clk_p
    G24                  IBUFDS (Prop_ibufds_I_O)     1.000     1.000 r  hdmi_rx_0/hdmi_rx_clk_buf/O
                         net (fo=1, routed)           1.230     2.230    hdmi_rx_0/mmcm_clkin
    MMCME2_ADV_X0Y1      MMCME2_ADV (Prop_mmcme2_adv_CLKIN1_CLKOUT2)
                                                      0.088     2.318 r  hdmi_rx_0/mmcm_adv_inst/CLKOUT2
                         net (fo=1, routed)           1.574     3.892    hdmi_rx_0/mmcm_clkout2
    BUFGCTRL_X0Y0        BUFG (Prop_bufg_I_O)         0.120     4.012 r  hdmi_rx_0/BUF_slowclk/O
                         net (fo=903, routed)         1.455     5.467    fir_0/row_0/dsp_cell_1/rx_clk
    DSP48_X1Y26          DSP48E1                                      r  fir_0/row_0/dsp_cell_1/p_reg_reg/CLK

Slack:                    inf
  Source:                 fir_0/row_0/dsp_cell_0/p_reg_reg/BCOUT[10]
                            (internal pin)
  Destination:            fir_0/row_0/dsp_cell_1/p_reg_reg/BCIN[10]
                            (rising edge-triggered cell DSP48E1 clocked by mmcm_clkout2  {rise@0.000ns fall@5.000ns period=10.000ns})
  Path Group:             (none)
  Path Type:              Hold (Min at Slow Process Corner)
  Data Path Delay:        0.000ns  (logic 0.000ns (0.000%)  route 0.000ns (0.000%))
  Logic Levels:           0  
  Clock Uncertainty:      0.168ns  ((TSJ^2 + DJ^2)^1/2) / 2 + PE
    Total System Jitter     (TSJ):    0.050ns
    Discrete Jitter          (DJ):    0.129ns
    Phase Error              (PE):    0.099ns

    Location             Delay type                Incr(ns)  Path(ns)    Netlist Resource(s)
  -------------------------------------------------------------------    -------------------
    DSP48_X1Y25          DSP48E1                      0.000     0.000 r  fir_0/row_0/dsp_cell_0/p_reg_reg/BCOUT[10]
                         net (fo=1, routed)           0.000     0.000    fir_0/row_0/dsp_cell_1/p_reg_reg_0[10]
    DSP48_X1Y26          DSP48E1                                      r  fir_0/row_0/dsp_cell_1/p_reg_reg/BCIN[10]
  -------------------------------------------------------------------    -------------------

                         (clock mmcm_clkout2 rise edge)
                                                      0.000     0.000 r  
    G24                                               0.000     0.000 r  hdmi_rx_clk_p (IN)
                         net (fo=0)                   0.000     0.000    hdmi_rx_0/hdmi_rx_clk_p
    G24                  IBUFDS (Prop_ibufds_I_O)     1.000     1.000 r  hdmi_rx_0/hdmi_rx_clk_buf/O
                         net (fo=1, routed)           1.230     2.230    hdmi_rx_0/mmcm_clkin
    MMCME2_ADV_X0Y1      MMCME2_ADV (Prop_mmcme2_adv_CLKIN1_CLKOUT2)
                                                      0.088     2.318 r  hdmi_rx_0/mmcm_adv_inst/CLKOUT2
                         net (fo=1, routed)           1.574     3.892    hdmi_rx_0/mmcm_clkout2
    BUFGCTRL_X0Y0        BUFG (Prop_bufg_I_O)         0.120     4.012 r  hdmi_rx_0/BUF_slowclk/O
                         net (fo=903, routed)         1.455     5.467    fir_0/row_0/dsp_cell_1/rx_clk
    DSP48_X1Y26          DSP48E1                                      r  fir_0/row_0/dsp_cell_1/p_reg_reg/CLK

Slack:                    inf
  Source:                 fir_0/row_0/dsp_cell_0/p_reg_reg/BCOUT[11]
                            (internal pin)
  Destination:            fir_0/row_0/dsp_cell_1/p_reg_reg/BCIN[11]
                            (rising edge-triggered cell DSP48E1 clocked by mmcm_clkout2  {rise@0.000ns fall@5.000ns period=10.000ns})
  Path Group:             (none)
  Path Type:              Hold (Min at Slow Process Corner)
  Data Path Delay:        0.000ns  (logic 0.000ns (0.000%)  route 0.000ns (0.000%))
  Logic Levels:           0  
  Clock Uncertainty:      0.168ns  ((TSJ^2 + DJ^2)^1/2) / 2 + PE
    Total System Jitter     (TSJ):    0.050ns
    Discrete Jitter          (DJ):    0.129ns
    Phase Error              (PE):    0.099ns

    Location             Delay type                Incr(ns)  Path(ns)    Netlist Resource(s)
  -------------------------------------------------------------------    -------------------
    DSP48_X1Y25          DSP48E1                      0.000     0.000 r  fir_0/row_0/dsp_cell_0/p_reg_reg/BCOUT[11]
                         net (fo=1, routed)           0.000     0.000    fir_0/row_0/dsp_cell_1/p_reg_reg_0[11]
    DSP48_X1Y26          DSP48E1                                      r  fir_0/row_0/dsp_cell_1/p_reg_reg/BCIN[11]
  -------------------------------------------------------------------    -------------------

                         (clock mmcm_clkout2 rise edge)
                                                      0.000     0.000 r  
    G24                                               0.000     0.000 r  hdmi_rx_clk_p (IN)
                         net (fo=0)                   0.000     0.000    hdmi_rx_0/hdmi_rx_clk_p
    G24                  IBUFDS (Prop_ibufds_I_O)     1.000     1.000 r  hdmi_rx_0/hdmi_rx_clk_buf/O
                         net (fo=1, routed)           1.230     2.230    hdmi_rx_0/mmcm_clkin
    MMCME2_ADV_X0Y1      MMCME2_ADV (Prop_mmcme2_adv_CLKIN1_CLKOUT2)
                                                      0.088     2.318 r  hdmi_rx_0/mmcm_adv_inst/CLKOUT2
                         net (fo=1, routed)           1.574     3.892    hdmi_rx_0/mmcm_clkout2
    BUFGCTRL_X0Y0        BUFG (Prop_bufg_I_O)         0.120     4.012 r  hdmi_rx_0/BUF_slowclk/O
                         net (fo=903, routed)         1.455     5.467    fir_0/row_0/dsp_cell_1/rx_clk
    DSP48_X1Y26          DSP48E1                                      r  fir_0/row_0/dsp_cell_1/p_reg_reg/CLK

Slack:                    inf
  Source:                 fir_0/row_0/dsp_cell_0/p_reg_reg/BCOUT[12]
                            (internal pin)
  Destination:            fir_0/row_0/dsp_cell_1/p_reg_reg/BCIN[12]
                            (rising edge-triggered cell DSP48E1 clocked by mmcm_clkout2  {rise@0.000ns fall@5.000ns period=10.000ns})
  Path Group:             (none)
  Path Type:              Hold (Min at Slow Process Corner)
  Data Path Delay:        0.000ns  (logic 0.000ns (0.000%)  route 0.000ns (0.000%))
  Logic Levels:           0  
  Clock Uncertainty:      0.168ns  ((TSJ^2 + DJ^2)^1/2) / 2 + PE
    Total System Jitter     (TSJ):    0.050ns
    Discrete Jitter          (DJ):    0.129ns
    Phase Error              (PE):    0.099ns

    Location             Delay type                Incr(ns)  Path(ns)    Netlist Resource(s)
  -------------------------------------------------------------------    -------------------
    DSP48_X1Y25          DSP48E1                      0.000     0.000 r  fir_0/row_0/dsp_cell_0/p_reg_reg/BCOUT[12]
                         net (fo=1, routed)           0.000     0.000    fir_0/row_0/dsp_cell_1/p_reg_reg_0[12]
    DSP48_X1Y26          DSP48E1                                      r  fir_0/row_0/dsp_cell_1/p_reg_reg/BCIN[12]
  -------------------------------------------------------------------    -------------------

                         (clock mmcm_clkout2 rise edge)
                                                      0.000     0.000 r  
    G24                                               0.000     0.000 r  hdmi_rx_clk_p (IN)
                         net (fo=0)                   0.000     0.000    hdmi_rx_0/hdmi_rx_clk_p
    G24                  IBUFDS (Prop_ibufds_I_O)     1.000     1.000 r  hdmi_rx_0/hdmi_rx_clk_buf/O
                         net (fo=1, routed)           1.230     2.230    hdmi_rx_0/mmcm_clkin
    MMCME2_ADV_X0Y1      MMCME2_ADV (Prop_mmcme2_adv_CLKIN1_CLKOUT2)
                                                      0.088     2.318 r  hdmi_rx_0/mmcm_adv_inst/CLKOUT2
                         net (fo=1, routed)           1.574     3.892    hdmi_rx_0/mmcm_clkout2
    BUFGCTRL_X0Y0        BUFG (Prop_bufg_I_O)         0.120     4.012 r  hdmi_rx_0/BUF_slowclk/O
                         net (fo=903, routed)         1.455     5.467    fir_0/row_0/dsp_cell_1/rx_clk
    DSP48_X1Y26          DSP48E1                                      r  fir_0/row_0/dsp_cell_1/p_reg_reg/CLK

Slack:                    inf
  Source:                 fir_0/row_0/dsp_cell_0/p_reg_reg/BCOUT[13]
                            (internal pin)
  Destination:            fir_0/row_0/dsp_cell_1/p_reg_reg/BCIN[13]
                            (rising edge-triggered cell DSP48E1 clocked by mmcm_clkout2  {rise@0.000ns fall@5.000ns period=10.000ns})
  Path Group:             (none)
  Path Type:              Hold (Min at Slow Process Corner)
  Data Path Delay:        0.000ns  (logic 0.000ns (0.000%)  route 0.000ns (0.000%))
  Logic Levels:           0  
  Clock Uncertainty:      0.168ns  ((TSJ^2 + DJ^2)^1/2) / 2 + PE
    Total System Jitter     (TSJ):    0.050ns
    Discrete Jitter          (DJ):    0.129ns
    Phase Error              (PE):    0.099ns

    Location             Delay type                Incr(ns)  Path(ns)    Netlist Resource(s)
  -------------------------------------------------------------------    -------------------
    DSP48_X1Y25          DSP48E1                      0.000     0.000 r  fir_0/row_0/dsp_cell_0/p_reg_reg/BCOUT[13]
                         net (fo=1, routed)           0.000     0.000    fir_0/row_0/dsp_cell_1/p_reg_reg_0[13]
    DSP48_X1Y26          DSP48E1                                      r  fir_0/row_0/dsp_cell_1/p_reg_reg/BCIN[13]
  -------------------------------------------------------------------    -------------------

                         (clock mmcm_clkout2 rise edge)
                                                      0.000     0.000 r  
    G24                                               0.000     0.000 r  hdmi_rx_clk_p (IN)
                         net (fo=0)                   0.000     0.000    hdmi_rx_0/hdmi_rx_clk_p
    G24                  IBUFDS (Prop_ibufds_I_O)     1.000     1.000 r  hdmi_rx_0/hdmi_rx_clk_buf/O
                         net (fo=1, routed)           1.230     2.230    hdmi_rx_0/mmcm_clkin
    MMCME2_ADV_X0Y1      MMCME2_ADV (Prop_mmcme2_adv_CLKIN1_CLKOUT2)
                                                      0.088     2.318 r  hdmi_rx_0/mmcm_adv_inst/CLKOUT2
                         net (fo=1, routed)           1.574     3.892    hdmi_rx_0/mmcm_clkout2
    BUFGCTRL_X0Y0        BUFG (Prop_bufg_I_O)         0.120     4.012 r  hdmi_rx_0/BUF_slowclk/O
                         net (fo=903, routed)         1.455     5.467    fir_0/row_0/dsp_cell_1/rx_clk
    DSP48_X1Y26          DSP48E1                                      r  fir_0/row_0/dsp_cell_1/p_reg_reg/CLK

Slack:                    inf
  Source:                 fir_0/row_0/dsp_cell_0/p_reg_reg/BCOUT[14]
                            (internal pin)
  Destination:            fir_0/row_0/dsp_cell_1/p_reg_reg/BCIN[14]
                            (rising edge-triggered cell DSP48E1 clocked by mmcm_clkout2  {rise@0.000ns fall@5.000ns period=10.000ns})
  Path Group:             (none)
  Path Type:              Hold (Min at Slow Process Corner)
  Data Path Delay:        0.000ns  (logic 0.000ns (0.000%)  route 0.000ns (0.000%))
  Logic Levels:           0  
  Clock Uncertainty:      0.168ns  ((TSJ^2 + DJ^2)^1/2) / 2 + PE
    Total System Jitter     (TSJ):    0.050ns
    Discrete Jitter          (DJ):    0.129ns
    Phase Error              (PE):    0.099ns

    Location             Delay type                Incr(ns)  Path(ns)    Netlist Resource(s)
  -------------------------------------------------------------------    -------------------
    DSP48_X1Y25          DSP48E1                      0.000     0.000 r  fir_0/row_0/dsp_cell_0/p_reg_reg/BCOUT[14]
                         net (fo=1, routed)           0.000     0.000    fir_0/row_0/dsp_cell_1/p_reg_reg_0[14]
    DSP48_X1Y26          DSP48E1                                      r  fir_0/row_0/dsp_cell_1/p_reg_reg/BCIN[14]
  -------------------------------------------------------------------    -------------------

                         (clock mmcm_clkout2 rise edge)
                                                      0.000     0.000 r  
    G24                                               0.000     0.000 r  hdmi_rx_clk_p (IN)
                         net (fo=0)                   0.000     0.000    hdmi_rx_0/hdmi_rx_clk_p
    G24                  IBUFDS (Prop_ibufds_I_O)     1.000     1.000 r  hdmi_rx_0/hdmi_rx_clk_buf/O
                         net (fo=1, routed)           1.230     2.230    hdmi_rx_0/mmcm_clkin
    MMCME2_ADV_X0Y1      MMCME2_ADV (Prop_mmcme2_adv_CLKIN1_CLKOUT2)
                                                      0.088     2.318 r  hdmi_rx_0/mmcm_adv_inst/CLKOUT2
                         net (fo=1, routed)           1.574     3.892    hdmi_rx_0/mmcm_clkout2
    BUFGCTRL_X0Y0        BUFG (Prop_bufg_I_O)         0.120     4.012 r  hdmi_rx_0/BUF_slowclk/O
                         net (fo=903, routed)         1.455     5.467    fir_0/row_0/dsp_cell_1/rx_clk
    DSP48_X1Y26          DSP48E1                                      r  fir_0/row_0/dsp_cell_1/p_reg_reg/CLK

Slack:                    inf
  Source:                 fir_0/row_0/dsp_cell_0/p_reg_reg/BCOUT[15]
                            (internal pin)
  Destination:            fir_0/row_0/dsp_cell_1/p_reg_reg/BCIN[15]
                            (rising edge-triggered cell DSP48E1 clocked by mmcm_clkout2  {rise@0.000ns fall@5.000ns period=10.000ns})
  Path Group:             (none)
  Path Type:              Hold (Min at Slow Process Corner)
  Data Path Delay:        0.000ns  (logic 0.000ns (0.000%)  route 0.000ns (0.000%))
  Logic Levels:           0  
  Clock Uncertainty:      0.168ns  ((TSJ^2 + DJ^2)^1/2) / 2 + PE
    Total System Jitter     (TSJ):    0.050ns
    Discrete Jitter          (DJ):    0.129ns
    Phase Error              (PE):    0.099ns

    Location             Delay type                Incr(ns)  Path(ns)    Netlist Resource(s)
  -------------------------------------------------------------------    -------------------
    DSP48_X1Y25          DSP48E1                      0.000     0.000 r  fir_0/row_0/dsp_cell_0/p_reg_reg/BCOUT[15]
                         net (fo=1, routed)           0.000     0.000    fir_0/row_0/dsp_cell_1/p_reg_reg_0[15]
    DSP48_X1Y26          DSP48E1                                      r  fir_0/row_0/dsp_cell_1/p_reg_reg/BCIN[15]
  -------------------------------------------------------------------    -------------------

                         (clock mmcm_clkout2 rise edge)
                                                      0.000     0.000 r  
    G24                                               0.000     0.000 r  hdmi_rx_clk_p (IN)
                         net (fo=0)                   0.000     0.000    hdmi_rx_0/hdmi_rx_clk_p
    G24                  IBUFDS (Prop_ibufds_I_O)     1.000     1.000 r  hdmi_rx_0/hdmi_rx_clk_buf/O
                         net (fo=1, routed)           1.230     2.230    hdmi_rx_0/mmcm_clkin
    MMCME2_ADV_X0Y1      MMCME2_ADV (Prop_mmcme2_adv_CLKIN1_CLKOUT2)
                                                      0.088     2.318 r  hdmi_rx_0/mmcm_adv_inst/CLKOUT2
                         net (fo=1, routed)           1.574     3.892    hdmi_rx_0/mmcm_clkout2
    BUFGCTRL_X0Y0        BUFG (Prop_bufg_I_O)         0.120     4.012 r  hdmi_rx_0/BUF_slowclk/O
                         net (fo=903, routed)         1.455     5.467    fir_0/row_0/dsp_cell_1/rx_clk
    DSP48_X1Y26          DSP48E1                                      r  fir_0/row_0/dsp_cell_1/p_reg_reg/CLK

Slack:                    inf
  Source:                 fir_0/row_0/dsp_cell_0/p_reg_reg/BCOUT[16]
                            (internal pin)
  Destination:            fir_0/row_0/dsp_cell_1/p_reg_reg/BCIN[16]
                            (rising edge-triggered cell DSP48E1 clocked by mmcm_clkout2  {rise@0.000ns fall@5.000ns period=10.000ns})
  Path Group:             (none)
  Path Type:              Hold (Min at Slow Process Corner)
  Data Path Delay:        0.000ns  (logic 0.000ns (0.000%)  route 0.000ns (0.000%))
  Logic Levels:           0  
  Clock Uncertainty:      0.168ns  ((TSJ^2 + DJ^2)^1/2) / 2 + PE
    Total System Jitter     (TSJ):    0.050ns
    Discrete Jitter          (DJ):    0.129ns
    Phase Error              (PE):    0.099ns

    Location             Delay type                Incr(ns)  Path(ns)    Netlist Resource(s)
  -------------------------------------------------------------------    -------------------
    DSP48_X1Y25          DSP48E1                      0.000     0.000 r  fir_0/row_0/dsp_cell_0/p_reg_reg/BCOUT[16]
                         net (fo=1, routed)           0.000     0.000    fir_0/row_0/dsp_cell_1/p_reg_reg_0[16]
    DSP48_X1Y26          DSP48E1                                      r  fir_0/row_0/dsp_cell_1/p_reg_reg/BCIN[16]
  -------------------------------------------------------------------    -------------------

                         (clock mmcm_clkout2 rise edge)
                                                      0.000     0.000 r  
    G24                                               0.000     0.000 r  hdmi_rx_clk_p (IN)
                         net (fo=0)                   0.000     0.000    hdmi_rx_0/hdmi_rx_clk_p
    G24                  IBUFDS (Prop_ibufds_I_O)     1.000     1.000 r  hdmi_rx_0/hdmi_rx_clk_buf/O
                         net (fo=1, routed)           1.230     2.230    hdmi_rx_0/mmcm_clkin
    MMCME2_ADV_X0Y1      MMCME2_ADV (Prop_mmcme2_adv_CLKIN1_CLKOUT2)
                                                      0.088     2.318 r  hdmi_rx_0/mmcm_adv_inst/CLKOUT2
                         net (fo=1, routed)           1.574     3.892    hdmi_rx_0/mmcm_clkout2
    BUFGCTRL_X0Y0        BUFG (Prop_bufg_I_O)         0.120     4.012 r  hdmi_rx_0/BUF_slowclk/O
                         net (fo=903, routed)         1.455     5.467    fir_0/row_0/dsp_cell_1/rx_clk
    DSP48_X1Y26          DSP48E1                                      r  fir_0/row_0/dsp_cell_1/p_reg_reg/CLK

Slack:                    inf
  Source:                 fir_0/row_0/dsp_cell_0/p_reg_reg/BCOUT[17]
                            (internal pin)
  Destination:            fir_0/row_0/dsp_cell_1/p_reg_reg/BCIN[17]
                            (rising edge-triggered cell DSP48E1 clocked by mmcm_clkout2  {rise@0.000ns fall@5.000ns period=10.000ns})
  Path Group:             (none)
  Path Type:              Hold (Min at Slow Process Corner)
  Data Path Delay:        0.000ns  (logic 0.000ns (0.000%)  route 0.000ns (0.000%))
  Logic Levels:           0  
  Clock Uncertainty:      0.168ns  ((TSJ^2 + DJ^2)^1/2) / 2 + PE
    Total System Jitter     (TSJ):    0.050ns
    Discrete Jitter          (DJ):    0.129ns
    Phase Error              (PE):    0.099ns

    Location             Delay type                Incr(ns)  Path(ns)    Netlist Resource(s)
  -------------------------------------------------------------------    -------------------
    DSP48_X1Y25          DSP48E1                      0.000     0.000 r  fir_0/row_0/dsp_cell_0/p_reg_reg/BCOUT[17]
                         net (fo=1, routed)           0.000     0.000    fir_0/row_0/dsp_cell_1/p_reg_reg_0[17]
    DSP48_X1Y26          DSP48E1                                      r  fir_0/row_0/dsp_cell_1/p_reg_reg/BCIN[17]
  -------------------------------------------------------------------    -------------------

                         (clock mmcm_clkout2 rise edge)
                                                      0.000     0.000 r  
    G24                                               0.000     0.000 r  hdmi_rx_clk_p (IN)
                         net (fo=0)                   0.000     0.000    hdmi_rx_0/hdmi_rx_clk_p
    G24                  IBUFDS (Prop_ibufds_I_O)     1.000     1.000 r  hdmi_rx_0/hdmi_rx_clk_buf/O
                         net (fo=1, routed)           1.230     2.230    hdmi_rx_0/mmcm_clkin
    MMCME2_ADV_X0Y1      MMCME2_ADV (Prop_mmcme2_adv_CLKIN1_CLKOUT2)
                                                      0.088     2.318 r  hdmi_rx_0/mmcm_adv_inst/CLKOUT2
                         net (fo=1, routed)           1.574     3.892    hdmi_rx_0/mmcm_clkout2
    BUFGCTRL_X0Y0        BUFG (Prop_bufg_I_O)         0.120     4.012 r  hdmi_rx_0/BUF_slowclk/O
                         net (fo=903, routed)         1.455     5.467    fir_0/row_0/dsp_cell_1/rx_clk
    DSP48_X1Y26          DSP48E1                                      r  fir_0/row_0/dsp_cell_1/p_reg_reg/CLK

Slack:                    inf
  Source:                 fir_0/row_0/dsp_cell_0/p_reg_reg/BCOUT[1]
                            (internal pin)
  Destination:            fir_0/row_0/dsp_cell_1/p_reg_reg/BCIN[1]
                            (rising edge-triggered cell DSP48E1 clocked by mmcm_clkout2  {rise@0.000ns fall@5.000ns period=10.000ns})
  Path Group:             (none)
  Path Type:              Hold (Min at Slow Process Corner)
  Data Path Delay:        0.000ns  (logic 0.000ns (0.000%)  route 0.000ns (0.000%))
  Logic Levels:           0  
  Clock Uncertainty:      0.168ns  ((TSJ^2 + DJ^2)^1/2) / 2 + PE
    Total System Jitter     (TSJ):    0.050ns
    Discrete Jitter          (DJ):    0.129ns
    Phase Error              (PE):    0.099ns

    Location             Delay type                Incr(ns)  Path(ns)    Netlist Resource(s)
  -------------------------------------------------------------------    -------------------
    DSP48_X1Y25          DSP48E1                      0.000     0.000 r  fir_0/row_0/dsp_cell_0/p_reg_reg/BCOUT[1]
                         net (fo=1, routed)           0.000     0.000    fir_0/row_0/dsp_cell_1/p_reg_reg_0[1]
    DSP48_X1Y26          DSP48E1                                      r  fir_0/row_0/dsp_cell_1/p_reg_reg/BCIN[1]
  -------------------------------------------------------------------    -------------------

                         (clock mmcm_clkout2 rise edge)
                                                      0.000     0.000 r  
    G24                                               0.000     0.000 r  hdmi_rx_clk_p (IN)
                         net (fo=0)                   0.000     0.000    hdmi_rx_0/hdmi_rx_clk_p
    G24                  IBUFDS (Prop_ibufds_I_O)     1.000     1.000 r  hdmi_rx_0/hdmi_rx_clk_buf/O
                         net (fo=1, routed)           1.230     2.230    hdmi_rx_0/mmcm_clkin
    MMCME2_ADV_X0Y1      MMCME2_ADV (Prop_mmcme2_adv_CLKIN1_CLKOUT2)
                                                      0.088     2.318 r  hdmi_rx_0/mmcm_adv_inst/CLKOUT2
                         net (fo=1, routed)           1.574     3.892    hdmi_rx_0/mmcm_clkout2
    BUFGCTRL_X0Y0        BUFG (Prop_bufg_I_O)         0.120     4.012 r  hdmi_rx_0/BUF_slowclk/O
                         net (fo=903, routed)         1.455     5.467    fir_0/row_0/dsp_cell_1/rx_clk
    DSP48_X1Y26          DSP48E1                                      r  fir_0/row_0/dsp_cell_1/p_reg_reg/CLK





